Position Selected,Inf,Name,Position,Av Rat,Cont,af_a,amc_a,amc_s,ap_a,ap_s,a_d,b2b_s,bpd_co,bpd_d,bpd_st,bwm_d,car_s,cd_co,cd_de,cd_st,cf_a,cf_s,cm_a,cm_d,cm_s,cwb_a,cwb_s,dlf_a,dlf_s,dlp_d,dlp_s,dm_d,dm_s,eng_s,f9_s,fb_a,fb_d,fb_s,gk_d,hb_d,if_a,if_s,iwb_a,iwb_d,iwb_s,iw_a,iw_s,lib_a,lib_s,mez_a,mez_s,ncb_co,ncb_de,ncb_st,nfb_d,pf_a,pf_d,pf_s,p_a,rga_s,rmd_a,rpm_s,ss_a,sw_a,sw_d,sw_s,tf_a,tf_s,t_a,vol_a,vol_s,wb_a,wb_d,wb_s,wcb_a,wcb_de,wcb_s,wtf_a,wtf_s,w_a,w_s
AMR,,Idris Kanu,"AM (RLC), ST (C)",-,4,10.181818181818182,9.380952380952381,9.5,9.636363636363637,9.299999999999999,7.533333333333333,9.307692307692308,8.239999999999998,8.16,8.076923076923077,8.894736842105264,8.523809523809524,8.210526315789473,8.105263157894736,8.0,9.90625,9.742857142857142,8.76470588235294,7.947368421052631,8.333333333333332,10.129032258064516,10.033333333333333,9.19047619047619,9.049999999999999,8.5,8.722222222222221,8.055555555555555,8.052631578947368,9.277777777777779,10.08,9.25925925925926,8.058823529411764,8.227272727272727,5.0,7.958333333333333,10.772727272727272,10.695652173913043,9.35483870967742,8.5,8.8,10.476190476190476,10.2,9.055555555555555,8.941176470588234,9.75,9.523809523809524,8.333333333333332,8.117647058823529,7.8125,7.666666666666666,9.923076923076922,9.833333333333332,9.76923076923077,9.076923076923077,9.363636363636363,9.473684210526315,9.67741935483871,10.08695652173913,5.96551724137931,5.962962962962963,6.071428571428572,9.047619047619046,9.0,10.124999999999998,9.035714285714285,8.96153846153846,9.6,9.153846153846153,9.333333333333332,9.071428571428571,8.600000000000001,8.964285714285714,9.105263157894736,9.117647058823529,11.0,10.88235294117647
DMCR,,Nya Kirby,"DM, M (C)",-,6,11.227272727272727,11.19047619047619,11.299999999999999,11.181818181818182,11.2,9.399999999999999,10.807692307692307,10.2,9.8,9.730769230769232,10.0,11.0,9.578947368421051,9.052631578947368,9.0,10.71875,10.82857142857143,11.411764705882353,10.052631578947368,11.0,11.161290322580644,11.166666666666664,10.809523809523808,10.899999999999999,10.88888888888889,10.944444444444445,9.833333333333334,9.947368421052632,11.333333333333332,11.2,10.740740740740739,10.058823529411764,9.90909090909091,4.590909090909092,9.75,11.09090909090909,11.26086956521739,10.741935483870966,10.166666666666666,10.6,11.523809523809524,11.650000000000002,10.38888888888889,10.294117647058822,11.124999999999998,11.285714285714285,9.333333333333332,8.76470588235294,8.5,8.866666666666667,10.653846153846153,10.583333333333334,10.692307692307693,10.923076923076923,11.0,10.68421052631579,11.193548387096774,11.130434782608697,6.413793103448276,6.37037037037037,6.607142857142857,9.428571428571429,9.052631578947368,11.291666666666666,10.821428571428571,10.73076923076923,10.700000000000001,10.5,10.555555555555555,9.892857142857142,9.6,9.785714285714285,9.421052631578947,9.294117647058822,11.470588235294118,11.647058823529413
S2,,Lewis Payne,"D (RC), WB (R)",-,8,9.954545454545455,8.333333333333332,8.7,9.318181818181818,8.9,9.066666666666666,9.653846153846153,9.6,9.239999999999998,9.26923076923077,9.894736842105264,9.476190476190476,9.789473684210526,9.31578947368421,9.35,9.15625,9.285714285714286,9.411764705882353,9.68421052631579,9.555555555555555,10.548387096774192,10.666666666666668,8.619047619047619,8.399999999999999,9.055555555555555,8.777777777777779,9.333333333333332,9.157894736842104,9.11111111111111,9.64,10.148148148148147,9.705882352941176,9.818181818181817,5.045454545454546,9.291666666666666,9.636363636363637,9.91304347826087,10.258064516129032,10.166666666666666,10.24,10.19047619047619,10.4,9.5,9.558823529411764,9.541666666666666,10.285714285714286,9.733333333333333,9.23529411764706,8.9375,8.399999999999999,9.807692307692307,10.541666666666666,10.5,7.538461538461539,8.545454545454545,9.157894736842104,9.709677419354838,9.73913043478261,5.862068965517241,6.0,6.035714285714286,8.19047619047619,8.631578947368421,9.458333333333334,9.071428571428571,9.615384615384615,10.4,10.26923076923077,10.37037037037037,9.857142857142856,9.68,9.857142857142856,8.31578947368421,8.823529411764707,10.705882352941178,11.176470588235293
S8,,Dominic Revan,D (RC),-,3,9.545454545454545,8.761904761904763,9.1,9.954545454545455,10.0,10.466666666666667,10.423076923076923,10.719999999999999,11.04,11.038461538461537,11.31578947368421,10.761904761904761,10.789473684210526,11.210526315789473,11.2,9.8125,9.885714285714286,10.0,10.842105263157894,10.555555555555555,9.967741935483872,10.033333333333333,9.809523809523808,9.9,10.555555555555555,10.444444444444445,11.055555555555554,10.947368421052632,9.88888888888889,9.64,10.25925925925926,10.176470588235292,10.40909090909091,4.954545454545454,10.625,9.090909090909092,9.565217391304348,10.161290322580646,10.666666666666668,10.44,9.476190476190476,9.649999999999999,10.333333333333332,10.52941176470588,9.541666666666666,10.142857142857142,11.066666666666666,11.529411764705882,11.4375,11.266666666666667,10.538461538461538,10.875,10.884615384615383,8.69230769230769,9.636363636363637,9.157894736842104,10.258064516129032,9.347826086956522,6.137931034482759,6.259259259259259,6.321428571428571,9.952380952380953,10.578947368421055,9.458333333333334,9.749999999999998,10.230769230769232,10.1,10.461538461538462,10.0,10.25,10.36,10.357142857142858,10.263157894736842,10.76470588235294,9.588235294117647,9.823529411764705
S4,,Connor Bailey,"AM (RC), ST (C)",-,8,9.772727272727272,9.0,9.15,9.318181818181818,8.95,5.333333333333333,8.038461538461538,7.32,6.919999999999999,7.0,7.315789473684211,7.476190476190476,6.894736842105263,6.368421052631579,6.499999999999999,9.15625,8.971428571428572,8.352941176470587,6.631578947368421,7.555555555555555,10.064516129032258,9.933333333333332,8.857142857142858,8.75,8.333333333333332,8.61111111111111,6.0,6.315789473684211,9.166666666666666,9.68,8.37037037037037,6.352941176470588,7.0,3.909090909090909,6.625,10.454545454545455,10.347826086956522,8.258064516129032,7.416666666666667,7.4799999999999995,10.047619047619047,9.749999999999998,8.277777777777779,8.176470588235293,9.333333333333332,8.904761904761905,6.933333333333333,6.294117647058823,5.75,5.533333333333332,9.423076923076922,9.791666666666666,9.538461538461538,8.307692307692308,9.090909090909092,8.63157894736842,9.129032258064514,9.565217391304348,5.206896551724138,5.296296296296296,5.321428571428571,8.285714285714285,8.63157894736842,9.875,7.5357142857142865,7.4230769230769225,8.899999999999999,8.192307692307692,8.333333333333332,7.571428571428571,7.159999999999999,7.5357142857142865,8.684210526315788,9.0,11.235294117647058,10.941176470588234
MCR,,Kian Breckin,M/AM (C),-,5,11.499999999999998,10.761904761904761,10.700000000000001,11.09090909090909,11.049999999999999,8.666666666666666,10.923076923076923,9.040000000000001,8.96,9.076923076923077,9.789473684210526,10.428571428571429,8.368421052631579,8.263157894736842,8.45,10.3125,10.342857142857142,11.058823529411764,10.052631578947368,10.666666666666664,10.870967741935484,10.833333333333334,11.047619047619047,11.15,11.166666666666666,11.222222222222221,9.444444444444445,9.578947368421053,11.0,11.280000000000001,9.851851851851853,8.705882352941176,9.318181818181818,4.227272727272727,9.208333333333334,11.318181818181818,11.304347826086955,10.32258064516129,10.166666666666666,10.24,10.714285714285714,10.8,9.75,9.647058823529411,11.291666666666666,11.238095238095239,7.8,8.0,7.75,8.266666666666666,10.576923076923075,10.541666666666666,10.576923076923075,10.461538461538462,11.181818181818182,10.578947368421055,10.838709677419354,10.73913043478261,5.724137931034482,5.7407407407407405,5.857142857142857,9.476190476190476,9.421052631578947,11.333333333333334,10.214285714285714,10.153846153846153,10.166666666666666,10.038461538461538,9.962962962962962,8.571428571428571,8.239999999999998,8.5,8.736842105263158,8.411764705882353,10.529411764705882,10.588235294117649
DCR,,Giles Phillips,D (C),-,7,8.59090909090909,7.666666666666666,7.8,8.227272727272727,8.25,10.733333333333334,9.346153846153847,10.28,10.36,10.5,11.263157894736842,9.714285714285715,11.210526315789473,11.31578947368421,11.450000000000001,9.15625,9.0,9.058823529411764,10.157894736842104,9.555555555555555,8.935483870967742,9.0,8.333333333333332,8.5,8.666666666666666,8.5,10.61111111111111,10.473684210526315,8.222222222222221,8.2,9.666666666666668,10.117647058823529,9.90909090909091,4.8181818181818175,10.708333333333332,7.818181818181818,7.826086956521739,9.29032258064516,9.791666666666666,9.8,7.904761904761904,8.2,9.63888888888889,9.794117647058824,8.416666666666666,9.0,11.533333333333335,11.470588235294118,11.499999999999998,11.066666666666666,10.653846153846153,11.124999999999998,10.807692307692307,9.0,7.909090909090909,9.631578947368421,9.258064516129032,9.0,5.793103448275862,5.851851851851851,5.964285714285714,10.19047619047619,10.578947368421055,8.083333333333332,9.428571428571429,9.76923076923077,9.333333333333332,9.923076923076922,9.407407407407408,10.392857142857142,10.719999999999999,10.428571428571429,10.578947368421055,11.058823529411764,8.0,8.411764705882353
MCL,,Ryan De Havilland,"DM, M (C)",-,5,10.318181818181817,10.095238095238095,10.099999999999998,10.363636363636363,10.4,10.2,10.423076923076922,9.88,9.6,9.615384615384615,10.736842105263158,10.666666666666668,9.894736842105262,9.526315789473683,9.55,10.1875,10.057142857142857,10.470588235294118,10.473684210526315,10.61111111111111,10.483870967741936,10.5,10.285714285714286,10.35,10.055555555555555,10.277777777777777,10.61111111111111,10.631578947368421,10.222222222222221,10.2,10.592592592592593,10.352941176470587,10.454545454545455,5.181818181818182,10.375,10.0,9.956521739130434,10.35483870967742,10.583333333333334,10.64,10.047619047619047,10.15,9.972222222222221,10.029411764705884,10.25,10.285714285714286,9.866666666666667,9.470588235294118,9.4375,9.933333333333332,10.884615384615383,10.791666666666666,10.807692307692307,10.769230769230768,10.136363636363637,10.736842105263158,10.612903225806452,10.652173913043478,6.379310344827585,6.444444444444444,6.571428571428571,9.904761904761905,9.894736842105264,10.124999999999998,10.321428571428571,10.307692307692307,10.433333333333332,10.653846153846153,10.518518518518517,9.964285714285714,9.84,9.892857142857142,10.31578947368421,10.23529411764706,10.23529411764706,10.352941176470587
-,Inj,Dale Gorman,"DM, M (C)",-,12,10.318181818181817,9.95238095238095,10.049999999999999,10.590909090909092,10.6,9.933333333333332,10.192307692307692,9.84,9.719999999999999,10.0,10.368421052631579,10.476190476190476,9.473684210526315,9.31578947368421,9.7,9.8125,9.914285714285713,10.470588235294118,10.473684210526315,10.555555555555555,10.193548387096774,10.233333333333333,10.38095238095238,10.399999999999999,10.833333333333334,10.833333333333334,10.388888888888888,10.421052631578947,10.666666666666664,10.479999999999999,10.074074074074074,9.88235294117647,10.045454545454545,4.954545454545454,10.25,9.90909090909091,10.130434782608695,9.96774193548387,10.208333333333334,10.16,10.095238095238095,10.15,9.972222222222221,10.029411764705884,10.333333333333332,10.38095238095238,9.133333333333333,9.117647058823529,9.125,9.6,10.423076923076922,10.666666666666664,10.615384615384615,9.76923076923077,10.409090909090908,10.263157894736842,10.483870967741936,10.217391304347824,6.379310344827585,6.333333333333333,6.499999999999999,9.619047619047619,9.736842105263158,10.416666666666666,9.714285714285714,9.76923076923077,9.9,10.076923076923077,9.962962962962962,9.392857142857142,9.44,9.428571428571429,9.31578947368421,9.411764705882353,9.88235294117647,9.941176470588236
GK,,Dante Baptiste,GK,-,6,5.409090909090908,5.333333333333334,5.550000000000001,6.318181818181818,6.1499999999999995,8.333333333333332,5.384615384615385,8.120000000000001,7.159999999999999,7.6923076923076925,6.2105263157894735,6.619047619047619,8.684210526315788,7.421052631578947,8.099999999999998,5.53125,5.914285714285715,6.294117647058823,7.157894736842105,6.222222222222223,5.64516129032258,5.7333333333333325,5.857142857142857,6.0,7.277777777777777,7.222222222222221,7.333333333333333,7.157894736842105,6.444444444444444,6.4799999999999995,6.222222222222222,7.529411764705882,6.545454545454545,10.5,7.749999999999999,5.318181818181818,5.739130434782608,5.580645161290322,6.708333333333333,5.92,6.0476190476190474,5.549999999999999,7.277777777777777,7.294117647058823,5.75,6.0,7.733333333333333,7.0,6.8125,6.933333333333333,7.153846153846154,8.208333333333332,7.961538461538461,5.615384615384616,5.818181818181818,6.7368421052631575,6.677419354838709,6.260869565217392,9.379310344827585,9.592592592592592,9.535714285714285,6.523809523809524,7.0,6.333333333333333,6.0,6.115384615384615,5.366666666666666,6.3076923076923075,5.444444444444445,5.535714285714286,6.12,5.964285714285714,5.526315789473684,6.0588235294117645,5.470588235294118,4.9411764705882355
DR,,Jordan Thomas,"D (RL), WB (R)",-,4,9.863636363636363,8.047619047619047,8.2,9.318181818181818,9.1,9.133333333333333,9.615384615384615,9.44,9.16,8.807692307692307,10.105263157894736,9.523809523809524,9.526315789473683,9.157894736842104,8.7,9.53125,9.457142857142857,9.352941176470587,9.421052631578947,9.333333333333332,9.903225806451612,10.1,8.76190476190476,8.799999999999999,9.333333333333332,9.333333333333332,9.388888888888888,9.368421052631579,9.0,9.56,10.222222222222221,9.647058823529411,9.681818181818182,5.318181818181818,9.291666666666666,9.636363636363637,9.782608695652174,9.806451612903226,9.833333333333332,9.92,9.761904761904761,10.049999999999999,9.583333333333334,9.558823529411764,9.125,9.619047619047619,9.733333333333333,9.23529411764706,8.875,9.066666666666666,10.307692307692307,10.541666666666666,10.423076923076922,8.53846153846154,8.545454545454545,9.157894736842104,10.0,9.739130434782608,6.275862068965518,6.37037037037037,6.464285714285714,8.571428571428571,8.842105263157894,9.083333333333332,9.428571428571429,9.846153846153845,10.166666666666666,10.346153846153845,10.222222222222221,9.392857142857142,9.28,9.428571428571429,9.0,9.23529411764706,10.23529411764706,10.823529411764705
DL,Wnt,Mason O'Malley,D/WB (L),-,8,9.181818181818182,8.523809523809524,8.600000000000001,9.409090909090908,9.35,10.666666666666668,9.884615384615383,10.28,10.08,9.961538461538462,10.947368421052632,10.38095238095238,10.526315789473683,10.263157894736842,10.100000000000001,9.375,9.342857142857143,9.764705882352942,10.68421052631579,10.277777777777777,10.064516129032258,10.1,9.142857142857142,9.2,9.88888888888889,9.555555555555555,10.944444444444445,10.842105263157894,9.333333333333332,9.2,10.740740740740739,10.941176470588236,10.863636363636363,4.909090909090908,10.583333333333334,8.727272727272727,8.869565217391303,9.93548387096774,10.333333333333332,10.2,9.285714285714285,9.450000000000001,10.111111111111112,10.176470588235292,9.083333333333332,9.380952380952381,10.666666666666668,10.294117647058822,10.1875,10.533333333333333,10.192307692307693,10.625,10.423076923076923,8.923076923076922,9.045454545454545,9.263157894736842,9.870967741935484,9.43478260869565,6.137931034482759,6.148148148148148,6.321428571428571,9.047619047619046,9.421052631578947,9.0,9.75,9.961538461538462,10.333333333333332,10.615384615384615,10.407407407407407,10.071428571428571,10.44,10.25,9.68421052631579,10.058823529411764,9.647058823529411,9.882352941176471
S6,,Sam Woods,"D (C), DM, M (C)",-,3,9.590909090909092,9.238095238095237,9.399999999999999,10.40909090909091,10.7,11.333333333333332,10.576923076923075,10.959999999999999,11.16,11.384615384615383,11.421052631578947,11.285714285714285,10.842105263157894,11.105263157894735,11.4,9.9375,10.114285714285716,10.941176470588236,11.526315789473683,11.500000000000002,9.774193548387098,9.933333333333332,10.714285714285714,10.899999999999999,11.833333333333334,11.722222222222221,11.61111111111111,11.578947368421053,10.61111111111111,9.88,10.25925925925926,10.705882352941178,11.0,4.863636363636363,11.666666666666666,8.727272727272727,9.130434782608695,10.064516129032258,10.916666666666666,10.8,8.80952380952381,9.299999999999999,10.63888888888889,10.852941176470589,10.041666666666666,10.476190476190476,10.666666666666668,11.0,11.1875,11.4,10.807692307692307,11.291666666666666,11.153846153846155,9.846153846153845,10.545454545454545,10.473684210526315,10.709677419354838,9.652173913043478,6.310344827586206,6.296296296296296,6.499999999999999,11.095238095238095,11.68421052631579,9.625,9.964285714285714,10.26923076923077,9.766666666666666,10.423076923076923,10.0,10.178571428571429,10.56,10.25,11.052631578947368,11.529411764705882,8.176470588235293,8.588235294117645
AML,,Andrew Nelson,"AM (RL), ST (C)",-,3,10.863636363636363,9.285714285714285,9.2,10.318181818181817,10.25,8.333333333333332,10.230769230769232,9.04,8.8,8.96153846153846,10.105263157894736,9.809523809523808,8.736842105263158,8.421052631578947,8.649999999999999,10.46875,10.228571428571428,10.117647058823529,9.263157894736842,10.111111111111112,10.258064516129032,10.433333333333332,10.285714285714285,10.299999999999999,9.833333333333334,10.166666666666666,9.277777777777779,9.368421052631579,10.055555555555555,10.36,9.851851851851851,8.52941176470588,9.227272727272727,4.909090909090908,9.333333333333332,10.272727272727273,10.173913043478262,9.741935483870968,9.583333333333332,9.92,9.904761904761905,10.299999999999999,9.388888888888888,9.441176470588236,10.124999999999998,10.142857142857142,8.600000000000001,8.176470588235293,7.874999999999999,8.333333333333332,11.346153846153845,11.333333333333334,11.269230769230768,10.46153846153846,9.681818181818182,10.578947368421051,10.548387096774192,10.869565217391305,6.310344827586206,6.333333333333333,6.499999999999999,10.333333333333334,10.368421052631579,9.958333333333334,9.678571428571427,9.615384615384615,9.7,9.730769230769232,9.777777777777777,9.214285714285714,8.759999999999998,9.035714285714285,10.473684210526315,10.411764705882351,10.0,10.588235294117649
STC,,Reece Grego-Cox,"M (R), AM (RL), ST (C)",-,5,10.227272727272727,9.619047619047619,9.6,9.590909090909092,9.45,8.0,10.076923076923077,8.36,8.44,8.653846153846153,10.105263157894736,8.857142857142858,8.368421052631579,8.473684210526315,8.75,10.125,10.028571428571428,9.411764705882353,8.684210526315788,9.166666666666666,10.258064516129032,10.233333333333333,9.666666666666664,9.6,8.722222222222221,8.944444444444445,8.944444444444445,8.894736842105264,9.277777777777779,9.799999999999999,9.518518518518517,8.176470588235293,8.909090909090908,4.5,8.708333333333332,10.318181818181817,10.173913043478262,9.612903225806452,9.0,9.28,10.047619047619047,10.15,9.083333333333334,8.970588235294116,10.083333333333334,9.904761904761905,8.533333333333331,8.470588235294118,8.25,8.533333333333331,10.807692307692307,10.75,10.653846153846153,9.307692307692308,9.590909090909092,9.894736842105262,9.870967741935484,10.043478260869566,5.448275862068965,5.518518518518518,5.607142857142857,9.95238095238095,10.052631578947368,9.708333333333332,9.607142857142858,9.384615384615383,9.766666666666666,9.346153846153847,9.666666666666668,9.535714285714285,9.08,9.321428571428571,10.263157894736842,10.23529411764706,10.352941176470587,10.588235294117649
S3,,Rob Hall,"AM (RLC), ST (C)",-,6,11.363636363636363,11.952380952380953,12.0,11.545454545454543,11.549999999999999,8.933333333333334,10.461538461538462,9.56,9.16,9.192307692307692,9.368421052631579,10.285714285714286,8.842105263157894,8.31578947368421,8.399999999999999,10.78125,10.77142857142857,10.941176470588236,9.736842105263158,10.555555555555555,11.32258064516129,11.233333333333334,11.38095238095238,11.299999999999999,10.777777777777777,11.055555555555554,9.333333333333332,9.526315789473683,11.61111111111111,11.440000000000001,10.444444444444445,9.470588235294118,10.0,4.8181818181818175,9.416666666666666,11.772727272727273,11.695652173913043,10.67741935483871,10.041666666666666,10.24,11.761904761904763,11.6,10.083333333333334,10.0,11.416666666666666,11.095238095238095,8.666666666666666,8.058823529411764,7.9375,8.466666666666667,10.307692307692307,10.083333333333334,10.192307692307692,11.153846153846155,11.681818181818182,10.947368421052632,11.0,11.304347826086955,6.482758620689656,6.444444444444444,6.642857142857143,9.761904761904761,9.473684210526315,11.625,10.25,9.961538461538462,10.700000000000001,10.153846153846153,10.481481481481481,9.535714285714285,9.12,9.392857142857142,9.842105263157894,9.647058823529411,11.999999999999998,11.76470588235294
DCL,,Christian Anaba,"D (C), DM",-,5,9.045454545454545,8.76190476190476,9.0,8.909090909090908,9.0,10.4,9.96153846153846,10.44,10.4,10.73076923076923,11.052631578947368,10.142857142857142,10.947368421052632,10.894736842105264,11.299999999999999,9.71875,9.799999999999999,9.764705882352942,10.0,10.222222222222221,9.580645161290322,9.7,9.333333333333332,9.399999999999999,9.722222222222221,9.5,10.444444444444445,10.421052631578947,9.055555555555555,9.0,9.814814814814815,10.23529411764706,9.727272727272727,4.863636363636363,10.375,9.0,9.217391304347826,9.419354838709676,9.625,9.719999999999999,8.80952380952381,9.0,10.138888888888888,10.294117647058822,9.125,9.761904761904761,11.399999999999999,11.058823529411764,11.0625,11.133333333333333,10.769230769230768,11.208333333333332,11.038461538461537,9.076923076923077,9.090909090909092,10.263157894736842,9.741935483870966,9.521739130434783,5.896551724137931,6.0,6.07142857142857,10.952380952380953,11.421052631578947,8.916666666666668,9.928571428571427,10.038461538461538,9.433333333333334,9.73076923076923,9.555555555555555,10.678571428571427,10.76,10.607142857142858,11.157894736842106,11.705882352941178,8.882352941176471,9.117647058823529
S5,,Morgan Williams,"D (RLC), WB (R)",-,3,9.090909090909092,7.238095238095238,7.3,8.454545454545453,8.3,9.133333333333333,9.115384615384615,9.32,9.479999999999999,9.5,10.157894736842104,9.0,9.789473684210526,10.0,10.0,9.03125,8.8,8.588235294117645,9.368421052631579,9.055555555555555,9.161290322580646,9.299999999999999,8.285714285714285,8.3,8.555555555555555,8.444444444444443,9.444444444444445,9.368421052631579,8.166666666666666,8.56,9.481481481481481,9.176470588235295,9.409090909090908,4.590909090909092,9.583333333333332,8.454545454545453,8.434782608695652,9.096774193548386,9.374999999999998,9.44,8.38095238095238,8.7,9.083333333333334,9.205882352941176,8.333333333333334,8.80952380952381,10.066666666666666,10.117647058823529,10.0,9.466666666666667,10.076923076923077,10.375,10.192307692307693,8.46153846153846,7.818181818181818,8.94736842105263,9.0,9.043478260869565,5.655172413793103,5.62962962962963,5.75,9.619047619047619,10.0,8.208333333333332,8.714285714285714,9.115384615384615,9.366666666666667,9.576923076923077,9.481481481481481,9.714285714285714,9.76,9.714285714285714,9.947368421052632,10.294117647058822,8.823529411764707,9.352941176470589
S7,,Daniel Powell,M/AM (RL),-,5,9.772727272727272,9.523809523809524,9.5,9.499999999999998,9.399999999999999,8.333333333333332,9.961538461538462,8.719999999999999,8.68,8.653846153846153,9.842105263157894,9.285714285714285,8.736842105263158,8.684210526315788,8.649999999999999,9.6875,9.485714285714286,9.470588235294118,8.894736842105264,9.277777777777779,10.32258064516129,10.233333333333333,9.619047619047619,9.6,8.88888888888889,9.11111111111111,9.166666666666666,9.210526315789473,9.166666666666666,9.4,9.925925925925926,8.823529411764707,9.454545454545455,4.090909090909091,9.125,9.863636363636363,9.695652173913043,9.516129032258064,9.375,9.4,9.666666666666664,9.749999999999998,9.138888888888888,9.088235294117647,9.791666666666666,9.619047619047619,8.933333333333334,8.76470588235294,8.5625,8.733333333333334,10.384615384615383,10.208333333333334,10.192307692307693,9.615384615384615,9.590909090909092,9.526315789473683,9.741935483870968,9.91304347826087,5.344827586206896,5.37037037037037,5.5,9.714285714285715,9.789473684210526,9.5,9.749999999999998,9.576923076923077,9.933333333333332,9.730769230769232,9.814814814814815,9.499999999999998,9.239999999999998,9.428571428571429,10.473684210526315,10.470588235294118,10.411764705882351,10.411764705882351
-,Yth,Darico Chandler,"AM (RC), ST (C)",-,6,9.181818181818182,9.238095238095237,9.35,9.136363636363635,9.299999999999999,6.2666666666666675,8.384615384615385,8.32,8.96,9.307692307692308,7.421052631578947,8.428571428571427,7.7368421052631575,8.578947368421051,9.049999999999999,9.25,9.342857142857143,9.0,7.526315789473684,8.61111111111111,8.870967741935484,8.866666666666667,9.19047619047619,9.2,9.333333333333332,9.444444444444445,6.833333333333334,7.157894736842105,9.61111111111111,9.28,7.703703703703703,6.470588235294118,6.909090909090909,4.0,7.499999999999999,9.136363636363635,9.347826086956522,8.0,7.833333333333334,7.8,8.904761904761905,8.850000000000001,8.36111111111111,8.52941176470588,9.125,9.047619047619046,7.333333333333333,8.52941176470588,8.4375,6.866666666666667,8.307692307692308,8.541666666666666,8.615384615384617,8.76923076923077,9.227272727272727,8.31578947368421,8.64516129032258,8.652173913043478,5.1724137931034475,5.185185185185185,5.214285714285714,9.857142857142856,10.052631578947368,9.416666666666666,7.857142857142857,7.8076923076923075,7.733333333333333,7.499999999999999,7.518518518518519,8.464285714285715,8.36,8.428571428571429,9.473684210526315,9.705882352941176,8.76470588235294,8.76470588235294
-,Yth,Brian Garcia,"M (C), ST (C)",-,4,9.136363636363635,8.666666666666666,8.649999999999999,8.5,8.549999999999999,6.0,7.999999999999998,7.36,7.6,7.76923076923077,6.789473684210526,7.333333333333333,6.894736842105263,7.2105263157894735,7.449999999999999,8.625,8.657142857142858,8.352941176470587,6.842105263157895,7.61111111111111,8.548387096774194,8.466666666666667,8.714285714285714,8.9,8.166666666666666,8.5,6.388888888888888,6.473684210526315,8.666666666666666,8.96,7.185185185185185,6.176470588235295,6.409090909090909,4.0,7.083333333333333,9.136363636363635,9.086956521739129,7.741935483870968,7.0,7.4799999999999995,8.714285714285714,8.7,7.75,7.647058823529411,8.875,8.714285714285714,6.333333333333333,6.823529411764706,6.625,5.533333333333332,8.53846153846154,8.583333333333332,8.615384615384617,8.53846153846154,8.772727272727273,8.894736842105264,8.419354838709676,8.608695652173912,5.1724137931034475,5.0740740740740735,5.249999999999999,9.095238095238097,8.894736842105264,9.124999999999998,7.821428571428571,7.76923076923077,7.499999999999999,7.0769230769230775,7.222222222222221,7.4642857142857135,7.199999999999999,7.2857142857142865,8.31578947368421,8.235294117647058,8.411764705882351,8.470588235294118
-,Yth,Carl Lashley,"M (C), AM (RLC)",-,7,9.590909090909092,9.476190476190476,9.649999999999999,10.545454545454545,10.649999999999999,6.466666666666667,9.346153846153847,7.0,6.6,6.884615384615384,8.0,9.952380952380953,5.894736842105263,5.368421052631579,5.8,8.78125,8.942857142857143,10.411764705882351,9.052631578947368,10.444444444444445,10.580645161290322,10.566666666666666,10.0,10.049999999999999,10.111111111111112,10.333333333333332,7.944444444444444,8.157894736842106,10.38888888888889,9.92,9.333333333333332,7.352941176470588,8.636363636363635,4.090909090909091,7.749999999999999,9.045454545454545,9.217391304347826,9.548387096774194,9.25,9.64,9.666666666666668,10.100000000000001,8.13888888888889,8.117647058823529,9.833333333333332,9.904761904761905,4.933333333333334,4.76470588235294,4.625,5.333333333333333,8.884615384615383,9.125,9.230769230769232,8.69230769230769,10.363636363636363,8.736842105263158,9.967741935483872,9.130434782608695,5.241379310344827,5.259259259259259,5.392857142857143,7.238095238095238,7.631578947368421,9.666666666666668,7.892857142857142,7.884615384615384,9.5,9.115384615384615,9.481481481481481,7.071428571428571,6.76,6.928571428571429,8.210526315789473,8.294117647058822,9.647058823529411,10.176470588235292
-,Yth,Ben Williams,"M (LC), AM (C)",-,3,10.181818181818182,10.761904761904761,10.749999999999998,11.136363636363635,11.549999999999999,7.933333333333334,9.46153846153846,8.0,7.56,7.8076923076923075,8.0,9.857142857142856,7.105263157894736,6.526315789473684,6.8999999999999995,9.28125,9.285714285714285,10.176470588235292,9.210526315789473,10.388888888888888,9.806451612903226,9.799999999999999,11.14285714285714,11.25,11.055555555555554,11.333333333333332,8.277777777777779,8.421052631578947,11.333333333333332,10.68,8.851851851851851,7.705882352941177,8.5,4.227272727272727,8.25,10.09090909090909,10.0,9.483870967741936,9.166666666666666,9.36,9.95238095238095,9.7,8.5,8.647058823529411,10.0,9.904761904761905,6.066666666666666,5.88235294117647,5.75,6.6,8.76923076923077,8.5,8.69230769230769,10.46153846153846,11.181818181818182,9.789473684210526,9.838709677419354,9.652173913043478,5.586206896551724,5.481481481481481,5.678571428571429,8.571428571428571,8.368421052631579,10.5,8.392857142857142,8.153846153846153,8.933333333333334,8.576923076923077,8.703703703703704,7.2142857142857135,6.639999999999999,7.0,7.947368421052631,7.470588235294116,9.529411764705882,9.294117647058822
-,Yth,Ricardo Sosa,D (RC),-,12,7.863636363636363,6.761904761904762,6.8999999999999995,7.954545454545454,8.1,9.733333333333333,9.230769230769232,8.56,8.280000000000001,8.961538461538462,10.894736842105264,10.0,9.157894736842104,8.789473684210526,9.649999999999999,7.843749999999999,7.799999999999999,9.0,10.473684210526315,9.722222222222221,8.741935483870968,8.933333333333334,8.238095238095237,8.45,9.555555555555555,9.333333333333332,10.38888888888889,10.263157894736842,7.833333333333334,7.68,9.481481481481481,9.23529411764706,9.818181818181817,4.909090909090908,10.083333333333334,7.0,7.0,8.612903225806452,9.875,9.4,6.761904761904762,7.3,8.555555555555555,8.735294117647058,7.958333333333333,8.76190476190476,8.666666666666666,8.705882352941176,8.8125,9.6,10.192307692307693,11.0,10.576923076923075,7.6923076923076925,7.863636363636363,9.157894736842104,9.129032258064516,8.043478260869565,5.379310344827586,5.481481481481481,5.5,8.952380952380953,9.947368421052632,7.166666666666666,8.357142857142856,8.5,8.7,9.653846153846153,8.962962962962962,8.178571428571427,8.8,8.428571428571429,9.631578947368421,10.23529411764706,6.823529411764706,7.470588235294116
-,Yth,Ross Smith,D/WB (L),-,8,7.863636363636363,6.19047619047619,6.4,7.590909090909092,7.5,7.866666666666666,8.653846153846153,8.120000000000001,8.399999999999999,8.307692307692308,9.578947368421053,8.857142857142858,8.31578947368421,8.684210526315788,8.549999999999999,7.9375,7.828571428571427,8.235294117647058,8.947368421052632,8.777777777777779,9.258064516129032,9.299999999999999,7.285714285714286,7.3999999999999995,8.166666666666666,7.722222222222222,8.833333333333332,8.684210526315788,7.444444444444444,7.4799999999999995,9.444444444444445,8.470588235294118,9.136363636363635,4.409090909090909,8.541666666666666,7.045454545454545,7.217391304347826,8.64516129032258,8.833333333333332,8.92,7.666666666666666,8.25,8.166666666666668,8.26470588235294,7.666666666666666,8.38095238095238,8.399999999999999,8.764705882352942,8.625,8.0,8.73076923076923,9.375,9.115384615384615,6.538461538461538,7.136363636363636,7.315789473684211,8.387096774193548,7.521739130434783,5.068965517241379,5.0740740740740735,5.178571428571429,7.523809523809524,8.210526315789473,7.208333333333334,7.785714285714286,8.26923076923077,9.266666666666666,9.307692307692308,9.222222222222221,8.821428571428571,9.239999999999998,8.964285714285714,8.789473684210527,9.470588235294118,8.411764705882353,9.23529411764706
-,,John White,D (C),-,10,6.318181818181818,6.0476190476190474,6.1499999999999995,7.136363636363636,7.5,9.866666666666667,7.846153846153847,8.879999999999999,9.239999999999998,9.538461538461538,9.421052631578947,8.952380952380953,9.210526315789473,9.68421052631579,10.049999999999999,7.15625,7.142857142857142,7.764705882352941,9.68421052631579,8.944444444444445,6.774193548387096,6.966666666666666,7.619047619047619,7.8,9.0,8.61111111111111,9.88888888888889,9.789473684210526,7.333333333333333,6.6,8.037037037037036,8.941176470588234,9.181818181818182,4.545454545454545,9.833333333333332,5.681818181818182,5.869565217391305,7.580645161290322,8.833333333333332,8.399999999999999,5.619047619047619,5.949999999999999,8.194444444444445,8.5,6.416666666666667,7.142857142857142,9.266666666666666,9.823529411764705,10.25,10.266666666666667,7.884615384615384,8.375,8.192307692307692,6.923076923076923,7.136363636363636,7.473684210526315,7.548387096774193,6.565217391304348,5.482758620689656,5.407407407407407,5.535714285714286,8.904761904761905,9.68421052631579,6.083333333333333,7.321428571428571,7.615384615384616,7.2333333333333325,8.153846153846153,7.592592592592593,8.0,8.8,8.25,9.263157894736842,9.88235294117647,5.0588235294117645,5.470588235294118
,Yth,Shane Kelly,D (C),-,4,5.454545454545455,5.523809523809524,5.699999999999999,5.727272727272727,5.75,7.733333333333333,6.346153846153846,7.32,7.68,7.6923076923076925,7.0,6.523809523809524,7.842105263157895,8.315789473684209,8.3,5.9375,6.0,6.235294117647059,7.157894736842105,6.5,5.935483870967742,5.966666666666666,5.9523809523809526,6.05,6.5,6.166666666666666,7.277777777777777,7.2105263157894735,5.666666666666666,5.56,6.407407407407407,7.1764705882352935,6.863636363636362,4.0,7.708333333333333,5.545454545454545,5.565217391304348,6.451612903225806,6.874999999999999,6.639999999999999,5.571428571428571,5.45,6.888888888888888,6.88235294117647,5.25,5.904761904761904,8.0,8.470588235294118,8.625,7.866666666666666,6.269230769230769,6.666666666666666,6.576923076923077,5.3076923076923075,5.818181818181818,5.578947368421052,5.870967741935483,5.478260869565217,4.482758620689655,4.481481481481481,4.571428571428571,7.142857142857142,7.684210526315789,5.375,6.249999999999999,6.5,6.233333333333333,6.615384615384616,6.296296296296296,6.892857142857142,7.32,7.035714285714285,7.157894736842105,7.647058823529411,5.411764705882352,5.294117647058823
,Yth,Liam Williams,D (C),-,11,6.136363636363636,5.476190476190475,5.549999999999999,6.045454545454545,6.0,7.3999999999999995,6.4230769230769225,7.280000000000001,7.640000000000001,7.615384615384616,7.421052631578947,6.857142857142857,7.789473684210526,8.263157894736842,8.2,6.437499999999999,6.314285714285714,6.235294117647059,7.2105263157894735,6.722222222222221,6.354838709677419,6.333333333333333,5.904761904761904,5.949999999999999,6.388888888888888,6.0555555555555545,7.277777777777777,7.2105263157894735,6.0555555555555545,6.08,6.703703703703703,7.117647058823528,6.863636363636362,3.8636363636363633,7.541666666666667,5.818181818181818,5.826086956521739,6.64516129032258,6.833333333333334,6.84,5.809523809523809,5.8,7.0,7.117647058823529,5.791666666666667,6.095238095238095,8.0,8.411764705882353,8.5,7.333333333333333,6.730769230769231,7.083333333333333,6.884615384615384,5.846153846153846,5.7727272727272725,6.263157894736842,6.290322580645162,6.17391304347826,4.413793103448276,4.444444444444445,4.535714285714286,7.095238095238095,7.421052631578947,6.0,6.285714285714286,6.576923076923077,6.6,6.884615384615384,6.592592592592593,7.321428571428571,7.68,7.428571428571428,7.157894736842105,7.529411764705882,5.76470588235294,5.88235294117647
,,Inglian Parrett,"DM, M (LC), AM (L)",-,9,7.727272727272727,6.619047619047619,6.75,7.227272727272727,7.1499999999999995,8.533333333333331,8.576923076923077,8.04,8.2,8.26923076923077,9.842105263157894,7.952380952380952,8.473684210526315,8.684210526315788,8.75,7.499999999999999,7.514285714285714,7.823529411764706,8.684210526315788,8.055555555555555,7.838709677419354,8.0,7.142857142857142,7.1499999999999995,7.388888888888889,7.277777777777777,9.055555555555555,8.789473684210526,6.944444444444444,7.08,8.444444444444443,8.352941176470587,8.772727272727273,4.136363636363637,8.791666666666664,6.954545454545454,7.0434782608695645,8.32258064516129,8.708333333333332,8.64,7.285714285714286,7.699999999999999,7.722222222222222,7.735294117647059,7.499999999999999,8.142857142857142,8.733333333333334,8.823529411764707,8.75,8.866666666666667,8.923076923076922,9.166666666666666,9.076923076923077,6.846153846153847,6.863636363636362,7.473684210526315,7.935483870967742,7.521739130434783,4.931034482758621,4.962962962962962,5.035714285714286,7.666666666666666,8.0,6.75,8.107142857142858,8.384615384615385,8.333333333333332,8.653846153846153,8.481481481481481,8.464285714285715,8.44,8.428571428571429,7.894736842105263,8.117647058823529,7.411764705882352,7.9411764705882355
,,Michael Umar,"DM, M (LC), AM (L)",-,15,7.363636363636363,7.0,7.1499999999999995,7.545454545454545,7.6,8.333333333333332,8.384615384615385,7.879999999999999,8.04,8.307692307692308,9.947368421052632,8.333333333333332,8.210526315789473,8.421052631578947,8.75,8.0,8.085714285714285,8.0,8.421052631578947,8.055555555555555,7.806451612903226,7.933333333333334,7.428571428571428,7.5,7.833333333333334,7.833333333333334,9.055555555555555,8.842105263157894,7.444444444444444,7.3999999999999995,8.407407407407407,8.294117647058822,8.318181818181817,4.590909090909092,8.833333333333332,7.0,7.17391304347826,8.096774193548386,8.291666666666666,8.32,7.333333333333333,7.549999999999999,8.13888888888889,8.147058823529411,7.416666666666667,7.7142857142857135,8.266666666666666,8.470588235294118,8.5,8.866666666666667,9.307692307692308,9.75,9.5,7.0,7.318181818181818,7.684210526315789,8.387096774193548,7.565217391304348,5.448275862068965,5.481481481481481,5.571428571428571,8.333333333333332,8.894736842105264,6.916666666666666,8.0,7.999999999999998,7.8999999999999995,8.46153846153846,8.11111111111111,8.321428571428571,8.600000000000001,8.392857142857142,8.894736842105264,9.352941176470589,6.9411764705882355,7.411764705882352
,Yth,Ashley Graydon,D (C),-,5,6.727272727272727,5.666666666666667,5.699999999999999,6.045454545454545,5.949999999999999,7.466666666666666,6.846153846153847,7.3999999999999995,7.8,8.038461538461538,7.526315789473684,6.7142857142857135,7.947368421052631,8.473684210526315,8.75,6.5625,6.485714285714285,6.176470588235295,7.473684210526315,6.388888888888888,6.290322580645162,6.366666666666666,6.238095238095238,6.249999999999999,6.833333333333334,6.666666666666666,7.444444444444444,7.315789473684211,5.944444444444445,6.279999999999999,6.62962962962963,7.1764705882352935,6.909090909090909,4.0,7.583333333333334,6.5,6.434782608695651,6.483870967741936,6.916666666666666,6.639999999999999,5.9523809523809526,5.949999999999999,7.0555555555555545,7.117647058823529,6.124999999999999,6.476190476190476,7.933333333333334,8.647058823529411,8.6875,7.8,7.230769230769231,7.541666666666667,7.384615384615385,6.3076923076923075,6.045454545454545,6.894736842105263,6.483870967741936,6.478260869565217,4.413793103448276,4.444444444444445,4.5,7.904761904761905,8.263157894736842,6.166666666666667,6.642857142857143,6.8076923076923075,6.433333333333333,6.8076923076923075,6.444444444444444,7.2857142857142865,7.6,7.4642857142857135,7.2105263157894735,7.470588235294118,6.0,6.0
,,Liam Tipping,"AM (L), ST (C)",-,-,6.181818181818182,6.0476190476190474,6.05,5.954545454545454,5.9,4.933333333333334,5.8076923076923075,5.08,4.96,5.038461538461538,5.842105263157895,5.571428571428571,4.947368421052632,4.789473684210526,4.8999999999999995,5.96875,5.885714285714285,5.88235294117647,5.421052631578947,5.666666666666666,5.935483870967742,5.933333333333333,5.761904761904762,5.75,5.333333333333332,5.555555555555556,5.388888888888889,5.473684210526316,5.833333333333332,5.96,5.666666666666666,5.0588235294117645,5.363636363636363,3.590909090909091,5.291666666666666,6.136363636363636,6.0434782608695645,5.806451612903226,5.625,5.72,6.0476190476190474,6.05,5.388888888888889,5.323529411764706,6.0,5.904761904761904,5.0,4.76470588235294,4.6875,5.0,6.269230769230769,6.166666666666667,6.153846153846154,6.153846153846154,5.7727272727272725,6.0,6.032258064516128,6.217391304347826,4.068965517241379,4.148148148148149,4.178571428571429,5.428571428571428,5.368421052631579,5.916666666666666,5.678571428571429,5.538461538461538,5.766666666666667,5.73076923076923,5.7407407407407405,5.285714285714286,5.04,5.178571428571429,5.578947368421052,5.470588235294118,6.117647058823529,6.176470588235295
,,Niko Edgecombe,"AM (RL), ST (C)",-,-,6.863636363636362,6.7142857142857135,6.7,6.545454545454545,6.6,4.933333333333334,6.3076923076923075,5.68,5.76,5.923076923076923,6.105263157894736,5.9523809523809526,5.421052631578947,5.526315789473684,5.75,6.59375,6.514285714285713,6.235294117647059,5.7368421052631575,6.111111111111111,6.548387096774193,6.5,6.619047619047619,6.6,6.111111111111111,6.333333333333333,5.555555555555556,5.684210526315789,6.611111111111112,6.56,5.925925925925926,5.1764705882352935,5.545454545454545,3.5,5.625,6.818181818181818,6.739130434782608,6.096774193548387,5.666666666666666,5.84,6.523809523809524,6.499999999999999,5.972222222222222,6.0,6.541666666666667,6.285714285714286,5.3999999999999995,5.470588235294118,5.3125,5.199999999999999,6.730769230769231,6.666666666666666,6.653846153846153,6.538461538461538,6.636363636363637,6.526315789473684,6.419354838709677,6.652173913043478,4.172413793103448,4.185185185185185,4.25,6.619047619047619,6.578947368421052,6.625,6.035714285714286,5.884615384615384,6.033333333333333,5.73076923076923,5.851851851851851,6.0,5.72,5.892857142857143,6.473684210526315,6.411764705882353,6.647058823529411,6.647058823529411
,,Stephan Jackson-Davis,GK,-,-,4.909090909090908,4.809523809523809,4.95,5.136363636363636,5.25,5.7333333333333325,5.153846153846154,5.84,5.6,5.923076923076923,5.789473684210526,5.714285714285714,5.789473684210526,5.473684210526316,5.9,5.03125,5.171428571428572,5.588235294117646,5.894736842105263,5.611111111111111,5.032258064516129,5.1,5.238095238095238,5.45,6.0,6.0,6.0,6.0,5.388888888888889,5.119999999999999,5.259259259259259,5.529411764705882,5.363636363636363,6.7727272727272725,6.0,4.681818181818182,4.913043478260869,4.838709677419354,5.375,5.08,4.809523809523809,4.800000000000001,5.555555555555556,5.588235294117646,5.0,5.285714285714286,5.533333333333332,5.352941176470588,5.3125,5.466666666666666,6.038461538461538,6.583333333333333,6.4230769230769225,4.923076923076923,5.136363636363636,5.7368421052631575,5.709677419354839,5.217391304347825,6.655172413793103,6.7407407407407405,6.7142857142857135,5.523809523809524,5.894736842105263,5.0,5.178571428571429,5.153846153846154,4.699999999999999,5.23076923076923,4.703703703703703,4.678571428571428,5.08,4.857142857142857,5.315789473684211,5.705882352941176,4.529411764705882,4.529411764705882
