UID,Name,Position,Pens Saved Ratio,Acc,Agi,Bal,Jum,Nat,Pac,Sta,Str,Agg,Ant,Bra,Cmp,Cnt,Dec,Det,Fla,Ldr,OtB,Pos,Tea,Vis,Wor,Cor,Cro,Dri,Fin,Fir,Fre,Hea,Lon,L Th,Mar,Pas,Pen,Tck,Tec,Aer,Cmd,Com,Ecc,Han,Kic,1v1,Pun,Ref,TRO,Thr,Amb,Cons,Cont,Dirt,Imp M,Inj Pr,Prof,Spor,Vers,Temp,Rec,Inf
2002059544,David Brungs,GK,25%,4,11,6,10,6,2,4,1,4,4,7,1,6,11,9,2,13,3,6,5,7,7,4,2,2,2,1,6,1,3,2,2,3,2,1,1,6,1,3,10,12,8,5,15,12,9,2,11,4,9,12,10,6,12,8,8,5,- -  -,Ctr
2000229118,Richard Nyirenda,GK,50%,10,10,5,12,12,9,4,4,11,7,14,3,11,11,8,2,11,1,6,5,5,4,2,1,1,1,1,6,1,3,2,1,6,3,3,1,12,8,7,5,11,10,7,11,11,6,8,12,10,3,13,1,5,12,12,11,20,- -  -,
2000228812,Arsene Cyrille Evouna,GK,22%,13,13,7,15,14,12,1,5,15,6,9,7,8,13,3,3,5,1,11,7,2,5,5,1,3,1,4,8,1,2,2,2,12,3,3,5,12,8,7,5,13,11,8,6,13,7,10,13,12,6,13,6,5,9,10,9,10,- -  -,
2000226301,Mikias Doji,GK,20%,9,14,5,6,8,6,4,8,5,8,12,5,6,12,11,3,9,2,7,5,4,4,2,1,3,2,1,5,1,1,1,1,8,1,3,1,9,9,7,5,12,10,5,8,12,8,4,14,9,8,6,10,15,14,12,11,14,- -  -,
2000223595,Idrissou Nfor,GK,25%,10,6,6,9,9,12,1,3,6,9,11,4,7,14,12,3,13,3,7,6,5,4,4,2,3,1,2,5,1,2,1,3,8,1,3,2,12,10,9,11,10,9,12,9,13,5,4,11,17,4,10,11,5,12,10,7,19,- -  -,
2000217915,Miguel Cordero,GK,25%,12,16,8,9,14,12,4,7,5,11,15,8,9,9,13,3,4,3,12,8,7,7,3,2,1,1,5,7,1,2,2,1,10,3,1,1,14,12,8,5,10,9,6,5,9,9,7,11,13,8,15,4,10,14,12,13,18,- -  -,
2000217758,Ndongo Diop,GK,25%,11,10,10,14,10,8,7,12,9,10,10,10,12,9,12,3,7,1,11,12,11,11,4,3,3,3,10,6,8,3,1,2,10,4,1,11,16,10,11,17,11,10,12,16,12,14,13,8,18,2,11,18,10,17,18,9,12,- -  -,
2000217180,Simon Masaka,GK,33%,12,14,6,9,5,12,5,4,6,13,12,7,8,9,18,3,7,3,11,6,6,6,3,3,2,3,1,6,1,1,2,3,7,3,2,3,12,9,6,5,12,9,6,12,12,13,10,12,9,2,5,2,5,11,12,12,17,- -  -,
2000211237,José Antonio Castillo,GK,40%,11,8,9,7,11,11,1,7,13,5,13,4,13,14,16,3,2,3,6,7,5,5,2,2,2,2,5,5,1,3,3,3,8,2,1,1,10,13,9,5,13,12,9,9,12,8,6,11,18,1,6,6,6,13,12,8,13,- -  -,
2000197473,Sajjad Kazem,GK,67%,12,8,7,12,9,10,1,8,8,7,15,7,9,13,9,1,13,2,9,7,6,6,2,2,1,3,1,4,1,2,3,1,7,4,2,5,13,9,7,5,13,5,8,9,13,13,8,10,10,5,8,3,5,8,12,11,16,- -  -,
2000193375,Omar Al-Zoubi,GK,33%,11,14,6,9,15,8,1,5,5,12,15,7,5,10,12,1,11,1,8,6,6,5,4,3,1,2,4,7,1,1,3,1,7,2,1,3,12,10,6,5,12,7,8,12,12,5,7,9,9,3,6,8,7,12,9,11,17,- -  -,
2000189910,Udoh Okeychukwu,GK,20%,9,13,6,12,9,9,3,5,5,10,15,8,10,10,16,2,11,1,10,7,7,6,5,3,3,3,4,6,1,1,1,1,11,3,1,3,13,14,13,5,13,14,10,11,13,12,7,9,20,6,9,16,13,11,13,10,10,- -  -,
2000188816,Marwan Salah,GK,60%,10,11,9,17,11,10,13,14,6,11,9,10,13,10,18,3,10,1,12,11,9,8,1,3,3,1,7,3,2,1,1,1,10,3,3,8,12,13,12,5,11,11,11,12,13,9,13,16,16,3,8,14,5,13,15,10,10,- -  -,
2000179151,Ward Kabha,GK,25%,12,5,7,13,15,13,6,6,6,10,12,7,6,13,8,2,10,3,6,7,7,3,3,3,2,3,4,7,1,3,3,2,7,3,3,1,13,7,8,5,13,10,8,11,13,5,6,11,20,7,7,13,11,13,13,11,11,- -  -,
2000178759,Gilberto Dennis,GK,33%,13,9,8,7,10,12,5,7,8,9,13,7,12,14,4,2,9,2,10,8,7,7,2,1,1,1,3,4,1,3,1,2,11,3,2,6,9,9,6,5,14,7,7,12,14,5,7,12,12,7,8,13,6,10,1,11,16,- -  -,
2000176264,Fikru Wedesa,GK,33%,9,13,7,12,6,12,3,4,15,9,11,7,10,13,15,3,7,3,10,7,6,6,4,1,1,2,1,9,1,3,2,2,11,3,3,6,9,8,11,5,13,10,5,8,9,11,9,12,5,8,11,5,7,9,12,11,13,- -  -,
2000173583,François Decoret,GK,25%,11,7,6,11,14,9,1,8,12,11,11,6,7,9,7,1,12,2,8,6,2,4,2,2,2,2,1,6,1,3,1,3,8,2,3,3,12,10,6,10,13,6,5,10,13,8,3,11,13,4,11,7,13,11,8,12,20,- -  -,
2000171171,Haroun Al Beri,GK,25%,9,12,7,9,8,9,6,5,13,6,15,7,8,13,7,2,3,1,11,5,6,6,2,3,3,1,2,4,1,1,1,1,10,3,3,6,13,12,12,5,12,7,8,5,13,5,11,14,18,2,8,2,5,9,8,11,20,- -  -,
2000167333,Daniel Teshome,GK,50%,11,12,6,14,9,10,5,6,9,10,12,5,12,12,4,2,6,2,11,6,5,5,4,3,3,1,4,7,1,1,1,2,11,1,2,1,12,6,7,5,12,10,7,9,11,12,5,13,11,2,8,10,7,7,12,11,15,- -  -,
2000166016,Thero Moatswi,GK,25%,11,6,7,9,14,10,3,8,5,8,15,6,8,13,14,1,13,1,8,7,6,6,3,1,1,1,2,6,1,3,3,2,11,3,3,5,12,10,8,5,13,7,9,6,13,7,7,15,10,2,12,2,6,12,11,11,17,- -  -,
2000163798,Aaron Enill,GK,25%,13,7,8,7,12,12,7,5,11,9,9,8,11,14,12,2,4,3,12,8,7,7,5,3,2,1,5,8,1,3,3,3,9,1,2,1,13,9,11,5,14,8,10,8,14,8,6,12,13,6,8,3,7,11,13,9,15,- -  -,
2000163527,Gianluca Tomasini,GK,18%,10,10,5,5,15,12,10,4,8,10,14,7,10,12,14,7,4,3,10,4,4,5,2,2,3,5,7,5,1,3,3,3,6,1,1,7,6,6,7,5,6,6,5,7,11,8,6,10,9,2,6,20,11,13,9,13,15,- -  -,Ctr
2000163449,Menard Mhango,GK,33%,12,7,8,10,12,10,3,6,10,6,9,7,14,9,19,3,9,3,11,8,7,7,3,2,2,1,2,5,1,1,3,2,11,3,3,2,13,6,10,7,14,14,9,5,11,9,8,10,19,6,5,6,6,11,11,11,17,- -  -,
2000160355,Patxi Sánchez,GK,33%,11,11,6,17,11,11,5,7,12,9,7,8,12,9,10,1,13,1,10,7,6,5,3,2,3,3,1,7,1,3,2,1,8,1,1,2,14,9,7,5,14,12,11,11,4,11,10,13,11,7,13,5,5,11,12,10,20,- -  -,
2000159128,Ayoub Ben Khayal,GK,33%,9,8,7,6,15,4,4,5,8,9,15,7,9,14,11,2,10,2,10,3,6,6,3,3,2,1,1,6,1,1,1,3,9,3,3,5,9,6,10,5,12,7,4,11,14,8,8,12,8,2,12,12,10,12,6,10,13,- -  -,
2000155273,Mustapha Lawal,GK,20%,11,12,9,14,12,10,5,6,5,10,13,9,9,14,7,2,12,2,13,4,8,8,4,3,3,1,1,7,1,3,2,1,11,3,1,4,14,11,6,5,13,13,10,8,11,5,8,11,12,3,12,10,9,10,11,12,10,- -  -,
2000154747,Gaël Tshepela Mvwanda,GK,25%,10,13,7,13,14,11,1,5,6,11,9,6,8,10,11,3,11,1,10,7,6,5,1,3,3,3,5,4,1,3,3,2,11,1,1,4,14,8,8,9,13,7,8,7,13,7,9,10,18,1,12,10,12,13,11,12,16,- -  -,
2000152483,Pradip Bhandari,GK,25%,11,8,3,10,6,11,2,3,15,5,7,3,8,10,6,2,7,1,5,3,1,3,2,3,2,2,1,7,1,3,2,3,4,1,1,1,12,9,6,5,12,4,1,9,11,12,5,10,9,8,6,8,9,11,14,8,16,- -  -,
2000151564,Haider Bilal Awan,GK,20%,9,10,3,10,10,9,3,6,14,8,11,4,4,12,10,2,13,1,8,4,3,3,3,3,2,3,3,5,1,2,2,3,5,3,3,1,12,5,5,14,8,4,4,6,12,5,5,10,11,6,10,1,9,12,12,9,17,- -  -,Ctr
2000150751,Rahim Ullah,GK,43%,7,11,1,11,7,6,2,2,13,4,14,3,10,12,12,2,12,2,5,4,1,3,5,1,2,3,2,6,1,2,2,1,7,1,3,1,10,10,8,5,6,4,8,6,6,8,3,10,11,4,11,6,9,10,10,7,11,- -  -,
2000148968,Amas Obasogie,GK,25%,10,11,7,7,8,10,4,6,10,12,9,7,7,10,10,1,12,2,10,7,6,6,3,1,1,2,2,6,1,1,3,2,4,3,3,4,9,9,11,5,13,9,11,6,13,10,11,13,15,7,6,9,12,12,12,12,11,- -  -,Ctr
2000146547,Juma Machano,GK,17%,9,11,3,7,15,7,1,3,13,8,11,5,7,12,6,3,9,2,10,5,4,4,4,3,3,3,1,6,1,2,3,3,8,4,3,1,6,9,5,5,12,6,6,10,11,8,8,13,17,7,8,7,11,11,12,12,12,- -  -,
2000146398,Wilfred Mapunda,GK,20%,10,14,5,2,8,9,2,3,5,7,9,5,10,12,9,3,10,2,6,5,4,4,3,1,1,3,1,4,1,2,2,2,6,3,3,1,7,7,6,5,11,8,6,11,8,7,4,12,9,1,5,7,9,13,12,10,11,- -  -,
2000145922,Riccardo Porcellini,GK,33%,5,14,4,15,18,5,1,4,7,5,6,2,7,12,4,1,10,1,5,4,1,3,3,2,2,2,1,3,1,3,2,2,5,3,3,1,11,8,7,5,12,5,7,8,12,11,9,11,9,1,8,11,9,12,10,9,17,- -  -,Ctr
2000145395,Justin Munyikwa,GK,33%,12,14,7,7,10,10,1,5,14,7,12,7,12,8,15,1,7,2,6,7,6,4,1,2,1,1,1,3,1,2,1,2,10,2,3,5,8,7,11,5,13,13,8,8,13,11,9,10,20,8,5,13,12,10,8,10,14,- -  -,
2000145322,Gedion Ogweno,GK,25%,6,5,7,5,12,10,1,4,15,9,12,4,10,13,8,1,3,1,6,6,5,4,4,3,3,3,1,5,1,3,1,1,11,3,3,3,10,13,8,5,13,13,10,9,13,14,12,13,9,1,6,12,5,8,13,12,11,- -  -,
2000144198,Nassoro Mrisho,GK,33%,9,7,6,7,9,13,2,4,6,7,10,5,7,13,7,2,5,2,6,6,5,5,2,1,2,2,1,6,1,2,3,2,7,3,2,1,10,10,5,5,13,6,6,9,13,15,5,11,11,2,5,10,10,11,10,12,13,- -  -,
2000142817,Shawqi Al-Maawali,GK,33%,13,12,4,5,8,12,1,6,11,7,12,5,8,13,7,1,7,2,12,7,6,5,3,1,3,2,2,7,1,1,2,2,8,2,1,6,10,7,10,5,13,12,10,12,13,10,10,8,9,6,13,15,10,14,11,12,16,- -  -,
2000142424,Isihaka Hassan,GK,33%,10,15,6,7,10,9,4,4,5,4,12,4,8,12,4,3,8,3,6,5,4,4,2,1,3,1,1,5,1,1,1,1,6,2,3,4,12,4,9,5,10,8,7,12,12,12,9,11,13,8,5,19,5,10,11,11,15,- -  -,Ama
2000141848,Abdelhak Rjeibi,GK,33%,12,6,7,5,12,12,7,6,5,5,12,8,10,14,13,1,12,2,10,4,7,6,3,2,1,2,2,3,1,1,3,2,7,2,3,3,10,10,8,5,13,11,10,8,13,9,9,12,9,8,8,8,10,11,1,9,12,- -  -,
2000139683,Fikirini Bakari,GK,14%,13,7,6,6,10,13,4,5,5,8,11,6,7,8,2,2,8,2,12,6,6,5,2,2,3,1,3,5,1,3,1,2,6,2,3,1,8,9,8,7,13,9,5,13,13,13,4,13,11,3,8,10,6,11,10,12,13,- -  -,
2000138167,Yakoub Bakari,GK,40%,8,7,4,5,11,7,2,4,12,8,9,5,7,11,15,1,6,1,6,7,6,6,1,2,3,3,3,5,1,2,1,2,9,2,2,4,7,8,8,6,14,9,6,5,10,13,6,11,8,1,5,4,11,11,12,10,10,- -  -,
2000138115,Ricardo Watson,GK,20%,6,15,8,16,15,5,1,8,5,7,5,8,7,14,5,3,4,2,11,7,6,6,2,3,1,1,4,4,1,3,2,3,8,3,2,2,15,10,10,5,13,10,11,5,13,15,6,12,11,1,6,14,9,12,11,10,15,- -  -,
2000137706,Mwinyiureji Bakari,GK,40%,13,13,5,4,12,11,5,6,9,5,14,5,9,8,6,3,13,2,4,6,5,5,2,2,3,3,1,6,1,2,3,1,7,3,3,1,8,5,7,5,13,7,9,8,13,9,6,12,14,3,10,1,5,9,10,9,14,- -  -,
2000137045,Abdelhak Mouaici,GK,14%,11,13,7,10,13,9,1,9,11,9,8,7,6,13,8,1,10,1,6,6,6,5,3,1,1,3,2,6,1,3,1,2,6,2,2,4,11,13,8,10,13,13,9,8,12,5,9,12,10,4,12,12,6,10,10,10,16,- -  -,
2000137006,Zakaria Bouhalfaya,GK,50%,10,10,9,12,6,10,6,7,15,11,11,9,10,12,15,1,5,3,14,9,8,8,4,3,3,2,3,6,1,2,1,2,9,2,2,5,14,12,10,5,14,12,8,12,13,7,12,12,19,8,5,6,9,11,9,10,14,- -  -,
2000137001,Abderrahmane Medjadel,GK,20%,10,8,9,14,12,10,7,7,9,15,9,10,12,8,8,2,8,1,11,9,9,8,3,1,3,2,6,5,1,3,1,1,10,2,1,5,15,8,10,8,14,13,9,12,14,8,10,14,15,4,8,7,9,11,9,11,18,- -  -,
2000134291,Ahmed Hameed,GK,25%,11,9,7,9,12,12,3,5,10,8,14,5,10,12,18,3,9,3,10,7,5,6,2,1,3,1,1,5,1,3,2,3,8,2,2,5,13,8,8,5,13,7,9,6,12,10,6,12,10,2,5,5,6,11,11,10,14,- -  -,
2000130439,Eusebio Blankendal,GK,17%,11,10,5,12,14,7,1,7,5,9,8,4,12,10,12,1,9,3,9,6,5,4,2,1,2,1,1,5,1,1,1,1,6,1,3,1,7,11,7,9,13,12,10,9,13,5,5,9,10,3,5,13,6,12,11,8,12,- -  -,
2000130435,Detre Bell,GK,20%,12,8,7,5,13,12,6,7,11,8,13,10,11,13,14,3,11,1,5,7,6,6,5,2,1,3,4,7,1,3,1,3,10,4,3,5,10,8,9,5,7,7,9,10,10,9,6,10,13,2,8,13,12,9,11,13,14,- -  -,Inj
2000126927,Afshar Sedaghat,GK,33%,11,11,6,9,14,8,1,3,11,4,14,5,10,12,8,2,7,3,8,5,4,4,2,3,3,3,1,6,1,1,1,1,7,2,1,3,13,10,4,5,12,7,10,7,12,9,6,10,18,7,10,5,10,11,12,8,13,- -  -,
2000121192,Soud Dondola,GK,33%,11,7,8,7,11,10,6,10,14,13,12,8,10,10,7,2,8,3,10,8,8,7,4,2,2,2,2,7,1,2,2,1,13,2,1,7,11,9,10,12,10,10,7,7,14,12,11,9,10,7,8,9,7,10,10,12,18,- -  -,
2000119361,Kabaka,GK,20%,8,12,4,13,6,8,5,6,11,8,7,8,10,13,8,2,13,2,8,7,6,6,3,2,1,3,1,5,1,3,2,2,8,1,1,2,14,13,10,7,13,8,11,14,14,6,8,10,10,8,5,13,14,12,7,11,10,- -  -,
2000116721,Abubakar Abasi,GK,67%,12,12,6,8,10,11,5,4,15,8,13,6,9,12,13,2,11,3,12,6,6,5,4,3,2,2,1,5,1,3,2,1,6,3,3,3,11,7,8,8,12,12,10,11,12,11,6,10,13,5,6,10,13,14,12,11,11,- -  -,
2000115915,Razack Shekimweri,GK,14%,12,12,2,10,15,11,2,4,7,7,12,2,6,14,4,2,7,1,7,6,6,5,1,2,2,2,3,4,1,2,1,1,8,1,3,1,7,10,9,5,13,7,5,5,12,7,3,13,7,6,9,9,12,10,12,9,12,- -  -,
2000112038,Brudel Efonge,GK,40%,12,11,8,15,13,10,3,8,6,12,12,8,10,13,4,3,5,1,11,8,7,7,4,3,1,3,1,8,1,3,3,2,9,3,1,4,14,8,11,6,13,11,10,8,13,11,6,11,20,5,12,12,7,11,12,11,13,- -  -,
2000110903,Tom Negrel,GK,33%,12,11,6,14,15,11,1,10,11,8,14,5,11,12,6,3,6,2,8,6,5,4,3,3,2,1,1,7,1,1,2,2,11,1,2,5,13,10,7,13,6,12,10,10,12,8,9,13,20,8,10,5,5,10,13,10,13,- -  -,
2000104465,Ahmed Ayad,GK,25%,11,9,4,11,10,10,2,6,13,9,10,6,9,13,12,3,10,1,11,6,6,6,3,2,1,1,4,7,1,1,3,1,10,1,3,6,13,10,10,5,10,13,8,12,9,15,7,11,12,2,11,7,13,11,4,11,15,- -  -,Inj
2000101432,Zied Ghanmi,GK,20%,9,13,7,11,13,9,6,4,15,10,9,4,11,14,6,1,7,1,14,8,7,7,4,3,3,3,3,6,1,2,3,2,8,1,1,7,14,7,8,5,14,14,6,11,10,9,11,11,10,2,5,7,14,13,10,13,13,- -  -,
2000098564,Victor Sochima,GK,11%,11,12,10,12,18,14,2,8,6,10,15,10,10,14,8,2,10,3,14,10,9,7,5,2,3,2,5,6,1,3,1,3,13,4,2,4,14,9,13,5,14,14,10,8,13,5,11,10,15,3,7,16,9,11,11,13,20,- -  -,
2000098422,Loyce Mbaba,GK,25%,10,12,7,10,12,9,4,6,5,7,12,6,9,13,4,1,12,2,6,7,4,6,4,1,3,3,4,8,1,3,2,3,10,1,3,1,13,12,8,5,13,8,11,9,10,10,7,10,11,7,8,11,9,9,10,12,19,- -  -,
2000098321,Thomas Omokhudu,GK,17%,11,9,8,7,8,8,5,3,14,10,15,9,8,14,18,2,13,2,12,9,5,8,5,3,2,2,5,8,1,1,1,3,10,1,3,1,13,10,9,15,14,14,11,9,11,5,12,11,11,1,5,15,5,11,13,11,14,- -  -,
2000097764,Raoul Engoue,GK,40%,10,7,7,11,13,8,2,6,13,9,15,8,7,14,9,1,10,3,12,8,7,7,5,1,1,1,1,7,1,3,2,3,9,1,1,5,13,9,7,5,14,8,7,5,11,9,8,10,14,6,11,12,5,12,11,9,16,- -  -,
2000096534,Jonathan Audinay,GK,50%,10,12,7,12,13,11,4,6,12,7,10,6,12,13,5,3,3,1,10,7,6,6,2,3,2,1,1,5,1,1,1,2,8,1,2,1,13,9,6,7,13,9,7,13,13,6,4,10,20,8,8,13,8,14,12,11,17,- -  -,
2000094677,Ismael Fansu,GK,13%,9,16,8,11,8,9,1,4,7,8,6,8,14,9,2,1,8,3,11,8,7,6,2,2,2,3,9,7,1,2,1,2,9,3,3,3,8,10,8,5,14,12,6,6,14,15,12,14,20,7,7,8,10,11,13,11,17,- -  -,
2000092770,Hassan Taki,GK,25%,7,12,7,15,8,6,2,7,11,9,11,7,9,14,7,1,8,2,7,7,2,6,4,3,1,3,1,7,1,2,1,1,9,2,2,3,13,7,10,12,13,5,11,12,13,12,10,10,10,4,7,2,5,12,10,10,19,- -  -,
2000090562,Altin Gjokaj,GK,33%,11,13,7,10,12,10,1,4,5,5,11,2,8,13,15,3,8,1,5,6,5,4,5,1,3,3,1,7,1,1,1,3,8,2,1,1,13,8,7,5,13,10,7,8,10,5,9,11,15,2,7,11,5,13,7,9,7,- -  -,Ctr
2000089669,Bishal Sunuwar,GK,17%,10,9,5,13,13,9,1,4,5,4,8,5,3,13,12,3,12,1,7,4,4,3,3,1,1,3,1,3,1,1,3,1,6,3,3,2,10,6,6,5,6,7,6,11,7,13,5,10,8,5,6,8,11,13,9,7,13,- -  -,
2000089659,Rohit Karki,GK,67%,6,5,3,11,15,4,1,3,14,1,11,1,10,11,3,1,6,1,3,2,2,1,2,3,2,1,1,2,1,3,1,2,3,3,3,1,10,5,2,5,11,7,4,8,11,11,2,13,7,3,14,7,6,10,12,6,15,- -  -,
2000087859,Alby Kelly-Heald,GK,50%,3,13,7,16,8,5,2,8,8,5,14,7,13,13,17,3,7,3,8,3,5,5,4,1,1,1,6,7,1,2,1,1,7,3,2,2,12,7,11,5,10,6,12,7,12,10,7,11,6,5,12,17,9,10,14,9,19,- -  -,Loa
2000083150,Arlan Petty,GK,15%,4,7,3,10,7,4,1,3,5,2,3,1,10,12,10,2,4,1,6,3,2,2,3,1,1,3,1,2,1,1,3,2,3,2,2,1,7,9,6,5,12,9,4,6,12,9,1,14,10,6,5,4,5,10,11,8,15,- -  -,Ama
2000081072,Ali Al-Ameri,GK,33%,11,7,6,9,18,10,3,4,8,8,12,5,10,12,12,2,6,1,9,6,2,5,1,1,2,3,2,4,1,1,1,1,9,3,2,1,12,11,7,5,7,8,8,13,11,13,7,11,11,2,5,9,7,10,12,14,19,- -  -,
2000071505,Amr Shaaban,GK,33%,9,14,8,11,12,9,7,8,12,9,8,9,9,8,11,3,11,2,13,8,7,7,5,3,1,3,3,6,1,1,1,1,9,2,3,5,14,11,10,5,11,10,9,5,11,14,6,12,17,2,6,2,11,10,11,9,17,- -  -,
2000069296,Kamal El Sayed,GK,33%,10,6,8,8,14,10,2,6,15,7,13,8,12,13,17,1,10,2,5,7,6,6,6,2,2,2,5,7,1,3,2,3,8,3,3,4,11,9,11,5,13,12,7,12,13,10,6,11,4,3,7,2,7,10,6,12,14,- -  -,
2000065824,Mio Backhaus,GK,33%,9,14,6,15,12,9,6,7,10,11,5,9,14,7,6,2,9,2,13,8,7,7,2,2,3,1,10,6,1,3,3,1,9,2,3,5,15,8,7,5,9,8,9,10,14,8,9,13,16,5,10,4,8,13,11,8,12,- -  -,
2000063321,Samuel Zapico,GK,25%,10,9,7,13,5,11,3,6,11,11,13,7,10,9,4,1,7,2,10,7,6,5,3,2,3,3,2,6,1,1,2,3,9,2,3,6,13,8,11,15,13,11,8,13,13,8,5,10,9,5,11,14,12,10,12,14,19,- -  -,
2000062913,Tama Ronny,GK,25%,10,8,3,11,14,8,4,6,9,7,11,5,10,4,5,3,6,3,5,5,4,4,3,2,2,2,1,2,1,2,2,1,6,1,1,2,11,6,5,14,12,5,5,6,13,6,6,14,9,5,5,3,11,9,12,8,19,- -  -,Ama
2000060497,Ahmed Shakir,GK,50%,11,14,6,11,16,9,1,4,11,5,14,8,8,12,15,1,3,1,12,6,5,5,2,1,2,1,1,5,1,1,3,3,9,2,3,2,9,9,9,5,12,9,6,14,12,12,6,12,9,8,6,5,9,10,9,9,10,- -  -,
2000056995,Charley Liliu,GK,67%,11,13,4,12,15,10,3,4,8,3,12,4,5,6,18,3,11,3,9,4,3,4,4,3,2,3,1,5,1,1,3,3,5,3,2,1,11,5,7,5,12,5,5,10,12,13,7,11,7,8,12,3,7,10,13,10,13,- -  -,Ama
2000056884,Shabneel Singh,GK,15%,8,7,3,6,14,7,1,5,15,4,9,1,6,12,6,1,9,2,6,3,2,2,2,1,3,3,1,4,1,3,2,2,5,1,3,1,10,10,6,5,7,3,4,10,12,9,1,15,10,6,6,5,9,10,14,11,18,- -  -,Ama
2000056840,Soti Neemia,GK,20%,10,13,5,4,12,5,2,1,14,2,9,3,6,12,16,1,11,3,7,3,3,2,1,2,1,2,1,4,1,2,2,2,2,2,2,1,8,5,8,5,7,8,6,8,2,10,4,11,9,6,14,11,5,12,8,11,16,- -  -,Ama
2000056456,Lapa Tuu,GK,33%,9,7,4,1,7,6,3,2,13,6,7,4,6,9,15,1,9,1,4,4,3,3,2,1,3,1,2,4,1,2,1,2,3,3,2,1,6,6,8,5,9,3,3,5,13,12,3,12,20,6,9,10,14,13,12,11,17,- -  -,Ama
2000053420,Brais Suárez,GK,25%,9,12,8,10,14,8,3,7,9,10,14,7,12,14,13,1,12,3,9,9,10,8,3,2,2,2,6,6,1,3,3,3,9,2,2,1,10,9,9,10,10,11,9,7,14,12,10,11,16,8,11,13,11,14,9,9,11,- -  -,
2000052222,Geofrey Silavwe,GK,25%,9,12,7,8,9,11,6,6,10,13,12,8,8,13,3,1,9,1,7,7,4,6,4,2,3,2,1,7,1,1,2,1,10,2,2,3,12,7,12,5,13,9,7,5,13,10,5,11,11,3,10,12,10,13,10,11,20,- -  -,
2000050408,Daniel Mutshinuemu,GK,67%,12,15,7,10,6,9,1,6,5,8,15,7,12,12,16,2,10,2,10,7,7,6,4,1,2,3,1,7,1,2,3,1,9,4,1,1,9,7,9,5,13,8,11,10,9,7,8,12,13,7,6,12,5,12,10,10,10,- -  -,
2000047635,Elias Jesus,GK,33%,8,13,2,8,6,10,1,3,11,3,12,2,11,5,16,2,8,2,6,2,2,1,3,2,1,1,1,7,1,1,3,2,4,1,1,1,12,8,4,9,6,7,3,11,10,8,1,12,7,3,7,7,11,12,10,9,16,- -  -,Ama
2000047472,Panajot Qirko,GK,25%,10,16,7,8,15,12,5,6,5,11,14,6,12,13,10,2,8,3,10,7,5,6,3,2,1,3,6,8,1,3,3,3,7,1,2,4,13,9,10,10,13,8,10,12,9,15,8,11,12,1,9,6,7,11,7,11,13,- -  -,
2000046992,Omar Soumaïla,GK,29%,9,16,7,7,14,9,2,5,8,9,12,5,6,10,10,3,4,2,8,7,6,3,3,1,2,3,4,7,1,3,2,1,8,1,2,1,10,10,10,5,12,10,7,14,10,13,10,9,17,1,7,6,11,9,10,11,15,- -  -,Ret
2000046503,Aristo Richardson,GK,25%,5,8,4,9,12,5,2,2,6,5,5,4,9,12,14,2,3,1,6,4,3,3,4,3,2,1,1,8,1,2,2,3,4,3,1,1,11,6,7,15,12,6,4,5,12,7,6,12,11,4,13,7,5,10,8,11,18,- -  -,Ama
2000041587,Jean-Marie Plath,GK,17%,13,9,3,11,10,12,1,6,6,5,14,8,8,14,14,3,5,1,10,7,7,6,3,2,3,1,3,7,1,2,2,2,9,3,2,3,8,9,10,14,13,8,9,12,14,6,7,10,16,3,9,12,6,11,10,10,12,- -  -,
2000038822,Ahmed Abidi,GK,25%,13,8,9,9,12,12,6,7,8,10,15,8,7,14,18,1,12,3,12,8,8,7,4,1,2,3,1,6,1,2,3,1,13,3,2,5,7,10,12,11,13,6,13,10,14,10,9,9,10,4,12,8,14,10,10,10,15,- -  -,
2000035496,Alfie Marriott,GK,20%,10,6,7,13,12,11,2,6,8,6,13,5,8,13,4,2,7,3,9,6,4,5,1,3,1,2,1,4,1,2,2,1,6,3,3,1,9,7,4,6,13,12,7,8,9,11,10,10,15,2,11,5,9,15,11,10,16,- -  -,Yth
2000034300,M'Backé N'Diaye,GK,40%,12,15,7,10,13,11,7,7,14,9,10,6,10,13,10,3,10,2,14,8,7,7,2,1,2,3,1,3,1,3,1,2,8,1,3,3,13,12,8,5,8,13,9,6,11,6,12,11,19,1,11,16,5,11,11,12,16,- -  -,
2000032168,Enrico Piu,GK,17%,9,9,6,7,15,12,4,4,9,8,13,7,11,13,5,2,11,2,9,6,5,5,2,1,2,2,1,4,1,2,2,2,7,3,3,4,9,7,9,5,12,10,7,11,13,12,4,12,9,8,11,10,5,11,10,12,15,- -  -,
2000028817,Naeem Abuaker,GK,17%,10,15,4,8,10,10,3,5,5,10,11,7,7,12,2,1,13,2,9,7,7,6,2,2,2,3,3,4,1,1,2,1,9,3,2,1,9,8,9,5,13,7,7,13,13,5,6,9,9,2,5,7,5,12,11,13,17,- -  -,
2000028294,Amadou Fall,GK,43%,12,11,6,9,13,12,1,6,9,11,14,4,6,13,12,1,4,1,6,5,5,4,2,1,1,1,1,2,1,3,1,1,11,2,3,4,7,9,6,5,13,7,5,5,12,14,10,10,11,5,5,7,9,12,10,12,16,- -  -,
2000027155,Arlis Shala,GK,25%,8,7,3,14,11,10,1,6,9,7,8,6,7,12,3,2,11,3,7,6,6,5,2,1,2,3,1,5,1,1,2,1,10,3,2,5,13,6,13,13,9,13,5,15,13,6,4,11,10,4,6,14,8,9,8,12,10,- -  -,
2000026365,Rafa Pedrero,GK,33%,10,9,8,9,12,10,2,7,10,6,13,7,10,14,4,1,9,1,13,4,7,6,2,1,1,3,1,3,1,3,1,2,10,3,1,4,12,7,10,6,14,14,9,6,14,7,9,13,20,5,13,6,11,10,10,11,10,- -  -,
2000024344,Ousmane Ba,GK,40%,10,8,9,13,15,10,4,4,8,9,9,7,11,14,15,1,7,1,12,9,8,8,3,3,2,3,4,4,1,1,3,1,8,1,1,1,9,14,14,5,14,14,6,8,14,7,12,11,12,1,5,7,8,13,9,13,20,- -  -,
2000021327,Michael Wagner,GK,17%,10,7,4,11,15,12,2,7,5,14,15,8,12,14,19,3,1,1,10,8,8,7,2,2,2,2,5,4,1,2,2,3,9,3,2,5,15,8,10,5,11,8,9,9,7,6,10,11,17,5,5,13,10,11,12,10,18,- -  -,
2000019269,Rabih Salha,GK,33%,8,12,6,14,6,10,4,5,15,9,12,7,12,13,6,1,8,3,5,5,5,4,2,1,3,1,1,5,1,1,1,3,8,3,3,2,12,8,7,5,12,11,11,5,13,11,8,12,9,8,10,11,10,11,10,9,19,- -  -,
2000017413,Eldrid Lalín,GK,50%,11,13,7,13,13,10,6,6,12,10,8,6,8,13,1,2,10,2,8,3,6,6,2,1,3,3,5,4,1,2,3,2,8,3,1,1,8,13,10,8,13,9,8,11,10,6,5,13,19,6,5,19,7,12,2,12,9,- -  -,
2000016088,Granit Buqinca,GK,50%,11,6,7,8,9,12,1,5,7,8,13,6,13,13,8,1,12,1,11,6,6,5,3,2,3,1,3,5,1,1,2,2,8,2,1,2,11,8,7,12,13,5,6,7,13,6,10,12,9,1,8,8,12,11,11,12,14,- -  -,
2000009029,Pedro Virgínia,GK,33%,12,11,4,13,12,8,4,8,9,8,14,4,11,14,7,2,8,1,12,6,5,5,3,3,2,2,1,7,1,1,3,2,11,2,1,1,8,10,12,6,9,8,9,11,10,10,10,10,10,1,12,13,6,13,11,7,11,- -  -,Loa
2000008438,Mohamed Magdy,GK,25%,11,8,7,12,10,9,6,9,9,11,13,6,8,13,5,3,10,1,12,7,6,6,3,1,3,1,5,5,1,1,1,1,9,2,3,4,13,11,7,5,13,8,9,13,13,9,7,14,20,8,11,2,6,12,2,12,19,- -  -,
98040383,Gregor Kobel,GK,33%,11,15,15,17,13,10,10,12,13,16,15,18,13,11,17,2,14,1,14,14,13,11,3,3,1,3,12,8,7,1,3,1,14,8,3,12,17,15,15,14,13,14,17,10,16,15,15,17,15,4,4,15,4,17,13,14,16,- -  -,
98029123,Seny Dieng,GK,80%,10,13,12,14,17,11,8,12,12,13,11,14,12,11,15,1,12,3,12,12,10,11,2,1,3,1,11,6,1,1,2,2,12,3,1,9,14,16,12,12,13,14,14,13,14,14,13,15,14,12,5,10,10,14,12,12,12,- -  -,Opt
98010645,Yvon Mvogo,GK,20%,14,16,13,15,14,13,12,15,12,15,16,13,8,9,13,12,13,1,8,13,9,12,2,1,3,2,10,7,7,3,2,2,8,3,2,10,15,10,11,15,12,16,14,12,15,18,13,17,13,6,6,11,5,16,12,16,10,- -  -,
98009400,Yanick Brecher,GK,33%,7,12,12,17,8,8,6,13,7,12,14,11,13,13,11,3,12,2,13,10,5,10,3,2,1,3,9,8,2,3,3,1,10,2,1,8,14,13,14,7,13,13,14,8,15,8,12,7,14,6,11,11,6,15,12,12,15,- -  -,
97100643,Benjamin Tardivel,GK,43%,5,14,5,8,8,6,2,3,5,7,12,6,8,13,10,3,6,1,6,6,5,5,1,3,2,3,1,4,1,1,1,1,7,2,1,2,12,11,10,5,11,9,9,12,7,12,7,15,12,3,6,9,13,11,12,12,20,- -  -,Int
96158736,Kacper Tobiasz,GK,25%,8,14,13,15,16,8,11,12,7,12,16,11,12,11,17,5,14,8,10,13,6,18,3,1,3,2,12,5,8,2,1,2,13,10,1,13,14,12,12,7,11,16,15,11,14,13,13,12,16,8,6,15,2,16,14,12,10,- -  -,Wnt
96053555,Maksymilian Stryjek,GK,33%,6,12,11,14,14,7,11,13,14,12,12,9,14,11,11,1,8,3,12,9,6,8,4,2,1,2,4,6,3,2,2,1,8,1,3,8,12,14,8,9,12,13,14,8,14,12,13,12,13,1,7,12,5,12,12,13,15,- -  -,
96007972,Filip Kurto,GK,33%,11,12,13,15,13,11,11,11,10,11,10,12,14,10,11,2,10,11,13,11,11,10,3,1,1,1,9,7,10,2,3,1,9,1,2,8,13,11,12,2,12,11,11,10,12,12,10,9,8,3,11,12,7,14,9,12,17,- -  -,
93024808,Jacob Rinne,GK,20%,12,14,11,14,14,13,14,10,10,11,11,14,12,11,12,9,13,2,12,12,13,10,4,3,1,1,12,6,10,2,1,2,13,3,2,12,12,12,13,11,13,12,14,10,15,14,11,12,15,2,2,12,7,14,13,15,14,- -  -,
92097816,Tim Schreiber,GK,33%,14,9,11,13,12,12,9,13,8,12,15,6,14,15,14,1,8,1,7,10,5,9,4,3,3,3,3,8,1,2,1,2,11,2,2,7,8,13,7,5,14,13,12,11,14,8,8,13,19,7,9,8,10,14,13,14,13,- -  -,
92097801,Tobias Stirl,GK,20%,13,6,8,9,8,11,6,6,10,9,10,8,14,14,13,1,14,1,11,8,7,6,3,2,3,3,5,4,1,3,2,1,6,3,1,5,15,7,7,5,8,7,12,12,10,7,8,12,13,7,6,4,14,13,14,14,13,- -  -,Ctr
92088004,Niclas Thiede,GK,33%,8,10,12,16,10,12,11,12,11,14,9,12,12,13,12,9,11,11,10,12,13,13,2,2,3,3,10,4,8,2,1,1,11,1,3,6,12,11,15,8,13,11,12,10,13,12,12,15,14,6,6,14,6,13,14,10,14,- -  -,
92082045,Florian Müller,GK,33%,12,14,12,15,14,11,12,12,10,12,13,14,12,12,16,2,11,2,11,16,11,13,4,3,1,3,12,5,8,2,1,2,12,6,3,11,13,12,12,13,12,13,13,9,15,17,14,13,12,6,5,16,6,12,14,13,17,- -  -,
92071707,Alexander Nübel,GK,33%,13,15,12,16,14,11,10,13,13,13,13,15,13,12,13,2,11,2,12,15,10,12,6,3,2,2,11,10,7,2,1,1,12,3,3,11,15,16,10,12,11,15,15,10,17,17,14,16,14,15,8,15,5,15,8,15,11,- -  -,
92056834,Mark Flekken,GK,36%,8,15,13,15,12,7,10,16,10,12,11,15,12,12,14,3,14,3,11,14,9,10,6,2,1,3,13,7,7,2,3,3,12,6,2,12,15,12,14,13,12,14,14,9,16,15,14,16,14,8,6,14,7,14,12,12,10,- -  -,Inj
92035604,Philipp Kühn,GK,17%,10,11,15,15,12,12,14,17,5,10,14,12,12,12,12,4,11,4,14,14,12,13,8,6,6,4,5,5,5,6,7,6,8,5,6,5,14,11,12,8,12,13,13,8,12,9,12,12,16,6,5,14,4,14,14,2,14,- -  -,Opt
92018446,Marius Müller,GK,67%,13,12,13,16,15,10,12,15,8,14,13,10,12,11,14,2,14,3,12,13,9,10,5,2,1,1,9,7,7,3,1,2,8,3,3,10,14,11,11,9,13,9,16,11,16,15,10,14,15,14,5,13,8,16,12,14,14,- -  -,
91209411,Ruben Aulig,GK,50%,9,10,7,15,12,11,5,6,6,11,9,8,9,14,8,1,13,1,11,7,7,6,3,2,2,3,3,8,1,3,3,3,7,1,3,6,14,7,10,5,14,9,9,13,13,5,8,10,13,5,5,5,5,12,12,12,13,- -  -,
91207698,Jonas Urbig,GK,33%,12,12,10,11,13,10,5,7,12,8,14,9,9,14,13,3,10,2,12,7,9,9,2,3,2,2,4,4,1,2,3,3,13,2,1,5,13,10,11,5,12,10,12,8,13,11,13,13,12,7,5,17,8,13,13,11,13,- -  -,
91206715,Fabian Scherger,GK,67%,7,11,8,14,10,10,3,5,8,12,11,5,9,13,17,2,3,3,6,2,6,7,3,1,2,2,3,5,1,1,2,2,8,2,1,6,11,10,9,5,14,9,10,5,13,5,10,12,10,3,11,6,6,11,11,12,10,- -  -,
91200928,David Richter,GK,50%,13,7,9,15,9,14,3,6,14,9,15,7,11,14,10,3,5,3,10,9,8,8,6,2,3,1,3,9,1,3,3,2,11,1,3,6,14,7,10,10,13,11,8,10,12,11,11,11,13,3,13,9,11,10,10,11,18,- -  -,
91194390,Raphael Straub,GK,25%,10,13,7,12,10,11,4,5,10,10,13,7,9,14,16,3,7,2,10,7,7,6,3,2,3,2,1,4,1,2,3,3,10,3,2,5,12,6,9,7,12,10,7,10,9,12,5,12,11,6,11,8,12,12,10,10,10,- -  -,
91190141,Benjamin Leneis,GK,67%,10,11,8,15,13,7,9,11,5,10,11,10,11,14,15,2,8,2,9,12,13,12,4,2,2,3,9,6,6,1,1,1,12,3,1,10,14,9,13,13,12,13,12,10,12,13,15,15,12,4,4,1,10,14,13,12,13,- -  -,Inj
91177087,Eike Bansen,GK,25%,9,15,15,17,13,11,12,16,10,12,12,13,13,12,13,3,6,2,10,11,4,7,5,2,2,2,6,7,7,1,1,3,7,2,2,6,17,8,9,4,12,7,14,10,13,8,9,12,14,4,5,13,6,12,12,11,15,- -  -,
91174835,Benjamin Reitz,GK,29%,9,12,11,12,12,8,16,16,5,10,9,8,8,10,13,7,8,8,10,10,11,12,2,2,1,1,8,4,8,1,3,1,9,1,1,9,10,10,10,7,11,10,13,8,11,8,9,14,10,5,5,8,12,16,16,15,12,- -  -,
91172565,Luis Klatte,GK,25%,9,10,6,7,11,7,8,7,6,7,15,9,11,14,13,1,10,2,11,9,9,8,4,2,2,3,3,7,1,2,3,3,12,2,1,6,13,7,8,5,14,10,12,14,14,9,6,13,18,6,12,2,5,15,13,10,13,- -  -,
91171286,Ramon Castellucci,GK,14%,12,7,9,11,13,13,6,5,5,9,11,8,10,8,13,3,13,2,15,8,8,7,4,3,1,1,1,5,1,2,2,3,9,1,2,6,15,11,13,5,11,14,12,14,15,7,9,12,12,6,6,9,12,13,14,13,11,- -  -,
91166134,Morten Behrens,GK,56%,8,13,11,16,14,11,10,12,12,11,11,12,11,12,12,5,10,3,13,10,8,8,2,1,2,2,9,2,7,3,3,1,11,3,2,10,15,12,12,12,11,11,12,12,12,14,12,12,13,6,7,14,8,13,13,2,13,- -  -,
91141860,Daniel Maus,GK,25%,9,16,7,12,14,10,6,11,8,9,13,8,10,14,4,1,6,3,9,7,6,5,4,1,1,3,1,6,1,1,3,3,4,2,2,1,10,7,8,5,11,12,8,6,9,5,7,10,11,6,8,11,4,12,10,10,10,- -  -,
91138550,Robin Brüseke,GK,17%,13,10,8,11,13,12,3,7,5,11,9,9,11,14,11,1,10,1,9,9,7,8,5,3,1,3,7,8,1,3,3,3,7,4,1,7,14,10,6,10,14,13,8,5,14,11,8,10,12,4,6,10,11,11,12,12,14,- -  -,
91109390,Maximilian Reule,GK,33%,9,10,6,9,10,6,9,11,12,11,13,12,9,10,10,2,9,2,8,11,8,10,3,1,3,2,9,7,9,3,3,1,10,2,3,9,11,10,10,7,13,9,12,12,14,11,9,12,10,5,8,10,6,12,10,10,10,- -  -,
91015168,Benjamin Bellot,GK,25%,10,11,9,10,13,9,9,12,8,12,11,13,11,10,9,5,11,5,10,14,7,11,5,2,2,2,9,8,1,2,1,2,9,3,2,9,10,9,10,8,12,10,13,10,13,15,9,12,14,4,6,12,6,14,15,13,17,- -  -,
91013663,Daniel Heuer Fernandes,GK,25%,12,13,12,14,14,10,10,12,10,12,11,15,13,14,13,7,11,2,12,15,8,12,2,3,3,2,10,4,7,1,1,1,12,4,2,11,12,10,14,12,12,11,15,9,15,14,12,14,16,4,6,16,3,15,14,11,12,- -  -,
91004704,Daniel Batz,GK,20%,12,15,11,15,14,11,10,8,6,10,12,11,12,11,12,3,14,3,9,11,12,10,3,1,2,3,11,8,2,1,2,2,12,4,2,6,13,13,10,11,11,12,11,14,14,9,10,12,14,6,11,11,6,14,14,13,14,- -  -,
89057083,Visar Bekaj,GK,33%,15,15,10,16,11,14,8,7,14,11,12,11,13,15,6,3,15,2,13,10,10,9,2,1,1,1,7,4,1,2,1,1,14,3,2,5,9,10,9,6,10,10,10,6,9,7,10,12,18,1,11,5,13,11,8,12,7,- -  -,
89051923,Álvaro Vallés,GK,25%,10,12,10,18,14,11,11,13,13,16,11,12,14,11,12,2,6,1,13,12,11,11,4,2,3,3,9,6,3,1,3,1,12,5,2,9,12,10,10,5,12,12,13,10,15,10,10,13,11,2,11,10,5,12,10,13,13,- -  -,
89008785,Elliot Justham,GK,33%,5,6,7,15,12,5,5,11,7,10,12,10,11,12,10,1,12,12,13,12,12,13,1,1,1,1,3,1,2,1,4,1,5,1,1,6,13,13,12,8,11,12,13,12,14,7,11,8,14,8,4,10,7,14,12,3,12,- -  -,
88026682,Semu Faimata,GK,11%,6,5,1,2,10,9,1,3,5,8,13,1,5,12,14,1,9,3,5,4,3,3,3,1,3,1,1,5,1,2,1,3,4,1,3,1,6,5,7,5,10,6,5,9,12,10,4,9,9,4,5,11,12,10,11,8,19,- -  -,Ama
88026667,Eti Fatu,GK,20%,11,13,4,7,12,10,2,2,6,4,13,4,10,11,14,2,14,2,7,4,3,3,2,3,1,2,1,5,1,2,2,1,4,1,1,1,9,7,6,5,8,4,3,12,7,13,2,11,8,2,5,7,5,8,11,11,11,- -  -,Int
87037699,Roberto López,GK,33%,13,14,12,12,13,13,3,11,10,9,12,11,12,11,11,2,8,3,12,12,10,8,3,3,3,1,8,5,1,1,1,3,9,1,2,9,13,8,9,5,12,9,11,13,13,8,12,12,13,8,8,1,5,10,3,14,4,- -  -,
87037651,Edrick Menjívar,GK,17%,12,11,8,12,15,10,4,9,15,11,15,7,11,13,12,1,6,1,12,8,7,7,1,1,3,3,1,5,1,2,2,1,13,3,1,2,13,13,9,9,13,13,9,12,13,7,5,10,13,1,9,14,4,10,5,12,15,- -  -,
87037586,Héctor Ramírez,GK,17%,10,11,6,5,10,9,6,6,11,11,16,9,12,15,17,1,12,2,9,9,8,8,2,2,3,3,1,3,2,1,2,1,10,3,3,6,7,7,11,12,15,9,8,6,9,5,8,11,17,1,5,10,12,12,4,12,13,- -  -,
87037230,Oscar Sánchez,GK,17%,12,8,8,9,13,11,3,7,12,8,12,6,14,14,4,1,12,3,11,8,7,5,3,1,3,2,1,4,1,3,2,1,11,3,1,2,11,8,10,12,14,9,11,5,13,10,5,13,12,8,13,11,9,13,2,9,11,- -  -,
87034506,Óscar Pleítez,GK,11%,14,11,10,8,11,13,8,7,13,8,14,10,9,10,7,1,11,3,14,9,8,8,3,1,2,2,1,6,1,3,1,2,8,1,1,4,12,9,9,8,8,9,11,6,14,5,10,12,20,5,11,8,6,11,2,13,10,- -  -,
87030583,Harold Fonseca,GK,25%,12,11,11,12,13,12,7,11,7,8,15,9,9,13,13,1,12,1,9,3,8,7,6,3,2,1,2,11,1,1,2,3,10,13,3,1,11,11,9,6,14,13,7,11,9,6,12,10,11,2,8,16,6,13,9,12,14,- -  -,
87017200,Francisco Reyes,GK,25%,9,15,8,4,12,6,2,5,12,13,14,8,11,13,6,3,6,1,11,8,7,6,5,2,3,3,1,8,1,3,2,1,8,4,1,2,9,6,13,8,13,13,13,10,8,12,6,12,18,4,13,16,10,9,7,13,4,- -  -,
86009004,Kevin Melgar,GK,20%,12,10,8,9,13,11,2,7,14,12,10,9,9,14,3,2,12,1,10,9,8,7,4,3,3,2,2,7,1,2,2,2,10,1,3,7,14,12,10,5,10,8,8,5,10,5,7,10,14,4,5,13,11,10,5,12,10,- -  -,
85141367,Maxence Prévot,GK,25%,12,13,13,12,13,10,13,12,6,12,13,12,12,12,13,5,13,6,14,12,10,10,2,3,3,3,10,2,10,2,2,2,11,2,2,10,12,11,12,7,12,13,13,9,14,13,11,13,13,6,7,13,6,14,13,4,14,- -  -,
85138732,Anthony Mandréa,GK,25%,11,15,10,11,15,10,11,8,7,11,13,9,10,15,4,2,12,1,11,8,9,9,4,2,3,3,9,7,2,1,1,2,10,1,1,3,11,11,12,8,12,11,13,11,13,10,7,12,12,7,9,6,3,10,12,13,15,- -  -,
85137934,Nicolas Lemaître,GK,40%,11,12,13,13,14,10,13,14,14,10,13,12,12,11,10,9,8,1,9,12,8,11,5,3,1,1,7,8,7,2,1,1,8,3,2,7,13,11,10,7,12,11,12,10,14,10,9,12,12,7,8,5,5,13,13,13,19,- -  -,
85133818,Gautier Larsonneur,GK,22%,12,13,14,11,14,12,13,12,10,12,14,13,13,12,13,10,12,2,11,13,10,12,5,3,8,2,12,7,2,2,2,2,11,2,3,11,10,13,11,12,13,12,13,8,14,14,12,11,12,6,7,3,5,15,13,1,15,- -  -,
85121966,Édouard Mendy,GK,25%,12,15,14,17,15,11,14,15,10,14,12,13,16,16,12,8,10,2,16,13,8,10,3,3,3,2,11,8,8,1,3,1,14,4,1,11,18,16,13,14,16,13,14,8,16,12,12,14,15,7,7,15,6,14,13,13,14,- -  -,Set
85104572,Mouez Hassen,GK,33%,11,14,10,12,10,12,12,12,8,11,14,12,11,11,13,1,10,3,10,12,9,8,3,2,3,1,10,8,3,1,3,2,10,4,2,9,11,11,12,10,11,13,13,14,14,13,9,14,11,8,8,13,14,12,15,2,12,- -  -,
85094520,Mike Maignan,GK,33%,8,16,14,15,17,11,14,15,8,16,14,15,16,14,15,6,15,1,16,15,13,12,1,1,6,1,12,1,6,10,5,1,13,9,5,12,14,15,16,13,15,16,15,9,17,7,15,18,18,5,5,14,6,16,12,3,12,- -  -,
85092015,Guillaume Bemenou,GK,25%,5,12,7,14,8,6,1,5,8,8,11,8,10,12,10,1,12,3,10,8,7,6,2,2,3,2,1,7,1,3,3,3,11,4,1,5,11,8,7,5,10,11,12,5,10,6,10,10,11,5,14,6,9,10,10,10,14,- -  -,Ama
85085094,Antoine Petit,GK,25%,10,11,15,15,15,8,8,15,7,10,13,9,7,8,9,3,11,1,10,10,9,6,5,2,3,1,7,9,2,1,1,3,7,3,7,6,12,11,11,7,10,9,13,8,11,11,8,9,11,2,15,10,7,12,12,3,14,- -  -,
85082410,François-Joseph Sollacaro,GK,25%,10,13,12,9,15,11,11,13,8,12,13,12,12,15,12,1,8,2,10,10,9,9,2,2,1,3,7,6,2,1,1,3,9,3,3,7,8,13,10,5,11,8,8,6,12,9,11,10,12,6,9,14,7,12,12,3,10,- -  -,Req
85076550,Baptiste Reynet,GK,14%,10,13,15,12,17,10,13,15,8,13,15,12,14,10,16,6,14,1,11,12,9,10,5,3,3,2,9,8,2,3,3,2,9,3,7,9,10,11,13,12,13,14,13,15,15,12,11,14,12,9,8,13,9,12,14,2,11,- -  -,Inj
85072030,Lionel M'pasi,GK,20%,14,13,12,12,13,15,13,11,11,12,12,12,9,15,8,2,8,3,11,12,6,6,3,3,3,1,7,5,3,3,2,1,10,3,2,7,11,12,11,11,9,10,12,9,12,9,11,11,13,4,5,15,6,12,10,4,19,- -  -,
85059359,Yan Marillat,GK,25%,10,11,11,12,12,10,11,11,11,10,12,11,11,10,10,1,10,1,10,11,10,10,3,3,2,1,8,6,1,2,2,1,9,2,3,8,12,12,10,5,12,10,11,10,12,12,10,10,11,1,5,9,11,12,10,13,10,- -  -,
85046999,Quentin Beunardeau,GK,33%,11,15,13,11,15,11,12,11,9,12,14,12,13,9,15,6,7,2,12,11,9,10,5,1,1,1,8,7,1,1,1,3,9,4,1,7,13,9,13,12,12,11,12,14,14,11,9,13,13,7,8,10,7,15,13,1,14,- -  -,
85028013,Rémi Pillot,GK,25%,9,12,14,13,14,8,13,14,8,11,12,12,13,10,15,6,10,3,11,12,10,7,2,3,1,1,8,5,3,1,1,2,10,3,2,8,12,10,12,6,11,13,11,12,13,9,11,12,14,6,8,1,6,13,14,3,14,- -  -,Opt
85027985,Kévin Crépel,GK,20%,8,9,13,16,13,9,11,13,6,11,12,9,11,9,14,2,11,10,10,8,8,9,3,1,1,3,7,6,12,2,2,2,6,2,2,7,14,12,10,6,11,11,11,10,13,5,10,15,14,7,6,11,6,10,10,3,13,- -  -,
85027976,Alphonse Areola,GK,25%,12,14,17,15,15,12,15,14,8,14,13,15,14,12,14,8,10,8,14,15,9,14,3,2,2,3,10,6,1,12,3,3,11,6,3,10,14,12,13,8,14,14,15,12,15,12,13,15,14,5,8,12,7,16,17,2,17,- -  -,Set
85018050,Zacharie Boucher,GK,20%,12,13,12,10,15,11,11,14,8,11,12,10,12,10,15,8,12,1,12,13,8,7,2,1,3,1,10,2,3,2,2,1,8,3,1,8,9,10,12,6,11,12,13,12,13,12,13,14,12,6,8,14,6,16,15,3,14,- -  -,
85010875,Florian Verplanck,GK,25%,9,11,16,16,14,9,12,14,9,11,12,11,10,9,12,6,7,2,10,12,9,6,2,1,1,1,7,6,2,2,1,1,8,2,1,7,13,10,10,6,11,7,11,10,12,12,9,11,12,2,9,11,6,13,14,3,14,- -  -,
85006162,Anthony Beuve,GK,20%,11,11,13,13,14,8,12,10,8,11,13,13,12,11,14,7,8,1,11,12,6,7,3,2,1,3,7,5,2,2,1,2,6,5,1,7,12,11,10,7,11,9,11,11,12,12,8,13,13,6,8,14,8,14,14,3,14,- -  -,
84153580,Amir Saipi,GK,33%,7,12,13,16,12,7,9,13,11,12,14,11,10,12,15,1,7,3,12,12,9,12,4,3,2,3,7,8,1,2,3,3,11,3,2,7,16,13,12,8,12,12,13,8,14,13,13,11,13,13,5,18,9,13,11,14,13,- -  -,
84152054,Felix Gebhardt,GK,25%,10,17,10,15,17,11,6,7,11,14,11,6,11,10,8,2,9,3,9,10,9,9,3,2,1,2,7,7,1,2,2,3,9,2,2,4,14,12,7,5,13,15,11,12,13,5,13,14,11,7,6,14,7,11,11,10,20,- -  -,
83190946,Dani Figueira,GK,80%,12,14,12,14,10,12,10,12,12,12,11,13,13,12,13,9,11,3,12,12,12,12,3,1,1,3,10,7,9,2,2,3,12,3,1,11,13,9,12,8,15,14,14,10,15,11,12,13,14,5,10,9,3,13,7,14,10,- -  -,Wnt
83178097,Samuel Silva,GK,40%,9,12,8,13,10,9,12,11,9,11,13,10,12,10,14,3,9,12,12,10,10,10,6,3,1,1,6,8,5,2,3,2,9,3,3,6,11,8,13,5,11,12,13,10,15,8,14,10,8,5,11,15,5,11,13,14,18,- -  -,
82089939,Gikay Croes,GK,93%,12,9,6,12,16,10,5,5,11,9,6,6,6,13,6,2,5,1,7,6,1,5,1,2,1,3,5,1,2,3,2,2,6,3,4,4,9,5,6,5,6,7,4,12,8,5,5,10,9,3,9,9,5,11,10,10,14,- -  -,Inj
82084934,Lionel Kaarsbaan,GK,25%,8,11,5,14,12,6,1,3,13,9,9,6,11,13,6,3,8,2,12,6,5,5,3,1,2,2,1,5,1,1,2,2,8,1,2,4,12,6,7,5,9,6,4,5,6,12,7,13,20,3,10,13,12,11,10,12,16,- -  -,
82081993,Didier Sully,GK,20%,11,6,8,8,11,10,7,6,11,12,11,7,11,9,6,2,11,2,7,8,7,7,3,1,2,2,4,7,1,2,3,3,7,2,1,7,13,12,8,11,8,13,5,8,14,15,7,11,11,6,13,8,12,10,10,14,10,- -  -,
82075027,Danner Taylor-Nelson,GK,50%,11,9,4,11,10,11,3,5,14,5,14,4,8,12,13,2,11,3,4,4,3,3,1,2,3,1,1,5,1,2,3,3,6,3,3,1,12,7,5,5,12,3,5,5,7,10,5,13,13,1,7,14,6,9,10,9,12,- -  -,Ama
82074184,Eddie Solarro,GK,13%,8,14,5,12,10,9,2,3,12,7,15,5,7,8,17,1,7,2,11,5,4,4,2,3,3,2,1,4,1,1,3,1,7,3,3,1,13,6,6,5,8,8,8,8,6,12,7,12,9,5,10,13,5,11,11,10,20,- -  -,
82002851,Glenroy Samuel,GK,25%,8,15,6,3,18,7,6,5,12,10,14,8,8,13,10,1,11,3,8,7,7,6,2,3,2,2,1,4,1,1,2,1,8,2,1,3,6,13,12,5,12,8,10,10,13,8,7,9,10,13,12,6,5,8,13,14,12,- -  -,
82001089,Swan Shejuan,GK,17%,12,10,6,8,14,14,3,5,10,6,9,6,9,7,5,3,1,2,6,6,5,5,1,2,1,1,1,3,1,3,1,1,9,3,3,1,11,6,6,10,14,5,5,14,7,5,5,11,9,6,15,10,5,11,9,8,16,- -  -,Inj
81052663,Jeadine White,GK,33%,12,12,12,14,14,12,12,12,7,12,11,11,12,11,14,3,10,2,10,9,10,10,3,2,2,1,8,7,2,2,2,3,10,3,2,11,12,13,12,4,12,12,13,7,13,12,12,14,13,2,6,14,2,12,13,12,13,- -  -,
81052622,Akeem Chambers,GK,50%,10,11,11,14,15,10,9,13,5,10,13,10,11,11,15,1,11,2,11,10,11,11,3,2,1,2,10,7,2,2,2,1,10,2,2,10,12,13,12,4,11,10,13,6,13,12,11,8,15,8,6,9,3,12,10,15,19,- -  -,
81042154,Amal Knight,GK,33%,11,13,11,15,15,11,10,13,13,10,14,10,10,10,15,1,11,1,12,11,10,10,3,3,2,2,5,7,3,1,1,3,9,1,2,10,13,13,12,3,12,11,12,5,12,14,10,15,9,3,10,15,2,14,14,14,18,- -  -,
81041980,Eric Edwards,GK,25%,11,12,9,12,13,11,9,10,13,9,10,11,11,9,7,2,9,3,10,10,8,11,1,3,1,2,8,3,3,2,2,3,8,3,1,9,11,9,9,3,9,8,10,6,10,12,10,11,12,2,6,13,4,11,12,11,12,- -  -,
81036590,Kadeem Davis,GK,17%,10,10,10,14,13,10,10,12,13,16,10,10,9,11,14,1,15,3,10,6,10,10,4,1,3,1,10,7,3,2,3,1,10,2,2,10,11,12,10,6,11,9,10,6,13,12,10,8,12,5,10,4,4,13,9,2,12,- -  -,
81028532,Shaven Paul,GK,33%,10,12,10,12,13,10,10,13,5,10,11,10,10,10,4,1,11,2,11,10,10,10,3,3,3,2,10,8,3,1,2,2,10,2,1,10,11,11,11,6,11,10,11,6,11,12,10,14,13,3,10,4,4,13,12,2,18,- -  -,
80035907,Samuel Baptista,GK,67%,11,15,7,15,15,7,6,6,10,12,15,6,13,8,8,2,8,3,9,7,4,6,1,1,3,1,6,4,1,1,2,2,8,3,3,5,10,6,8,5,13,6,11,5,13,6,8,13,12,3,7,8,14,10,2,11,6,- -  -,
80031297,Marcos Allen,GK,20%,9,7,7,12,13,7,1,5,7,9,9,6,8,13,10,3,9,1,10,7,6,5,1,1,3,2,1,5,1,3,2,2,9,3,3,3,13,13,12,5,13,8,6,14,13,11,9,12,10,1,12,5,11,11,1,13,4,- -  -,
80030750,Luis Barrientos,GK,25%,11,12,9,9,12,12,8,6,8,12,15,7,14,12,15,3,6,1,9,9,8,8,5,1,2,2,1,8,1,2,1,3,8,3,1,3,12,10,9,5,14,9,10,7,14,15,8,10,15,2,14,6,14,11,7,11,10,- -  -,
80030235,Jose Guerra,GK,50%,11,10,3,7,11,12,3,5,9,11,13,5,13,13,4,3,8,2,10,7,6,6,3,2,3,3,6,4,1,3,2,3,11,1,2,3,12,9,6,5,13,13,8,12,13,9,6,10,20,1,9,13,5,10,5,12,14,- -  -,
80028923,Keny Urcuyo,GK,20%,9,16,7,13,15,13,1,6,10,9,10,7,8,13,15,2,4,3,11,7,6,5,5,3,3,1,3,8,1,2,1,1,6,2,3,2,10,13,9,6,11,9,8,14,11,5,6,12,11,3,7,15,12,9,7,10,10,- -  -,
80028756,Douglas Forvis,GK,29%,14,9,7,15,13,12,8,7,12,14,9,8,9,10,7,2,6,1,11,9,8,8,2,1,1,1,4,6,1,2,2,1,10,3,2,8,14,14,9,5,14,13,10,12,14,5,9,11,13,7,9,14,15,11,2,12,9,- -  -,
80026394,Cesar Samudio,GK,25%,12,10,9,9,12,10,4,7,13,8,7,9,11,9,9,1,13,3,8,8,7,7,2,1,1,1,7,6,1,1,3,1,9,2,2,7,14,8,9,5,9,11,10,13,14,6,10,8,10,3,12,15,5,11,4,11,8,- -  -,
80012234,Justo Llorente,GK,50%,12,8,9,6,11,12,8,6,7,12,15,10,10,14,9,1,4,3,14,9,4,8,3,2,1,3,4,5,1,3,1,1,8,3,1,2,8,11,9,5,14,9,10,9,13,7,8,10,20,8,8,14,5,11,2,12,10,- -  -,
80006910,Esteban,GK,14%,8,10,12,14,14,7,10,14,16,13,17,16,12,12,15,14,8,3,13,10,7,14,4,3,3,2,10,5,5,3,1,2,10,5,1,11,14,13,9,15,13,12,11,12,13,11,12,15,12,4,14,12,13,12,13,15,16,- -  -,Int
80001524,Alfonso Quesada,GK,25%,10,12,8,9,13,8,7,9,12,9,8,8,12,16,3,1,5,2,12,9,8,8,4,3,1,3,8,8,8,3,3,3,9,1,3,8,12,12,11,5,14,11,11,5,14,6,9,10,13,5,5,7,7,11,4,13,7,- -  -,
78061377,José Cortaberría,GK,29%,10,13,7,14,11,11,7,6,9,12,8,7,12,12,18,2,4,2,9,8,7,7,1,3,1,2,1,5,1,2,2,2,11,1,2,4,14,11,9,5,9,14,7,10,11,7,8,5,9,7,11,14,5,11,11,11,15,- -  -,
78001113,Fernando Muslera,GK,67%,10,14,11,15,16,10,11,12,10,15,13,12,10,11,17,8,16,7,17,13,10,12,6,2,9,3,11,8,8,3,2,1,11,7,1,10,12,10,14,7,16,11,15,4,16,14,14,13,13,4,2,12,6,18,15,16,18,- -  -,
76021678,Aldair Arnedo,GK,20%,11,12,11,10,12,10,12,12,13,11,11,11,11,11,14,2,11,2,11,11,10,10,4,1,2,3,8,7,8,2,2,1,10,12,2,7,12,12,11,5,12,11,12,12,12,14,11,10,20,11,14,10,13,10,11,13,10,- -  -,
73200889,Simon Ngapandouetnbu,GK,20%,13,8,8,12,12,10,2,10,14,7,15,6,9,14,11,1,12,3,12,8,7,2,5,2,2,1,3,6,1,3,2,3,5,2,3,4,11,10,9,9,13,12,12,5,10,6,10,14,10,8,9,5,5,12,13,12,19,- -  -,
71029916,Oleksandr Iliushchenkov,GK,33%,8,12,8,9,12,7,2,5,8,10,10,9,8,14,13,3,11,1,11,8,7,7,1,1,2,1,1,3,1,1,3,1,10,3,1,4,14,9,7,5,14,13,8,6,8,5,8,12,11,3,9,7,12,11,10,12,12,- -  -,
70099201,Altay Bayındır,GK,33%,10,16,10,18,18,10,11,15,5,15,12,14,8,11,12,4,15,2,14,10,10,12,4,3,1,1,12,8,8,2,1,2,14,3,2,12,16,11,12,10,16,14,17,13,17,6,11,12,15,5,5,12,6,17,15,14,13,- -  -,
70047954,Ali Şaşal Vural,GK,25%,10,12,10,13,13,11,9,11,5,12,6,12,11,12,10,5,5,1,13,11,10,9,1,1,2,1,9,1,9,1,1,2,11,2,2,11,13,10,11,5,9,14,14,13,15,8,13,13,9,6,5,12,6,10,10,2,9,- -  -,Inj
68015787,Andreas Linde,GK,67%,6,13,15,20,15,6,6,14,7,12,11,14,13,12,12,15,12,2,16,15,8,11,4,2,3,1,8,7,3,1,2,1,8,2,1,8,16,14,8,9,15,13,15,15,16,14,16,14,13,4,16,6,3,15,14,15,14,- -  -,Wnt
67295931,Ángel Fortuño,GK,50%,11,12,9,8,8,12,6,8,5,11,15,8,14,15,19,2,5,2,12,9,8,8,4,2,3,1,4,6,1,3,1,1,12,3,1,6,8,12,7,5,14,9,13,14,12,5,10,12,12,6,5,5,9,10,12,11,11,- -  -,Opt
67295618,Víctor Méndez,GK,20%,13,7,3,11,8,11,2,6,10,6,12,4,7,14,6,2,4,1,9,8,7,7,3,1,3,2,3,5,1,3,1,1,11,1,1,5,9,12,10,6,14,12,13,7,14,6,11,12,18,6,5,10,11,12,12,13,19,- -  -,
67295018,Cheikh Sarr,GK,20%,9,8,10,17,15,10,4,7,10,9,12,6,8,11,9,3,6,1,12,10,9,7,4,3,2,3,9,7,2,1,3,1,10,2,1,4,16,13,12,5,15,14,9,7,15,6,9,11,5,6,9,7,8,11,10,11,11,- -  -,
67292670,Unai Marino,GK,17%,11,11,10,10,16,11,7,7,8,12,13,9,13,15,4,3,10,3,10,9,9,8,3,1,1,3,1,4,1,2,1,3,13,2,3,5,8,11,11,5,12,10,9,7,10,5,10,10,11,5,14,3,10,13,10,15,15,- -  -,
67276496,Miguel Morro,GK,75%,11,12,8,16,12,9,6,8,6,11,15,9,10,10,10,3,9,2,12,10,8,9,4,2,1,1,4,5,2,1,3,1,14,1,1,6,15,14,8,5,14,11,10,6,15,12,11,10,12,4,10,10,5,8,9,14,14,- -  -,
67269425,Unai Marrero,GK,20%,9,13,8,13,8,10,2,5,13,10,15,6,11,13,6,2,12,1,10,7,5,6,4,3,1,2,1,6,1,1,3,3,7,2,1,1,12,8,10,5,13,13,9,5,7,8,4,13,20,8,6,8,11,12,14,12,13,- -  -,
67261046,Lluis Andreu,GK,33%,12,8,4,10,12,13,2,5,14,7,9,7,10,14,13,2,11,3,10,8,8,7,4,3,2,2,6,7,1,3,3,1,8,3,2,3,8,12,9,5,14,8,10,11,12,5,7,12,20,2,10,5,5,9,14,10,14,- -  -,
67258716,Ramón Juan,GK,50%,11,11,7,10,13,7,9,7,10,10,7,11,9,13,8,2,14,3,14,11,10,11,3,3,2,2,10,8,1,1,3,1,13,4,3,7,12,12,13,5,15,16,14,11,16,10,13,10,15,3,11,13,11,12,10,14,13,- -  -,Inj
67257952,Adri,GK,33%,11,12,11,13,12,11,13,12,11,12,12,11,10,10,14,1,10,2,11,11,8,12,3,2,2,1,9,6,10,3,1,2,10,1,3,9,11,10,12,10,12,11,11,13,13,12,12,11,20,4,15,12,3,11,10,11,17,- -  -,
67245412,Josep Martínez,GK,67%,11,14,12,18,15,13,7,10,5,11,10,12,12,12,12,3,6,3,10,12,11,11,5,2,3,2,8,8,3,2,3,2,11,1,2,10,15,11,12,5,12,12,13,11,15,13,12,12,15,7,13,6,5,15,10,13,19,- -  -,
67241025,Ernestas Juskevicius,GK,25%,10,7,10,13,13,10,4,5,11,14,8,10,8,15,14,3,8,2,15,10,9,8,5,3,3,3,6,6,2,2,1,3,11,2,1,6,14,12,14,5,14,11,11,13,11,8,10,7,10,7,11,7,10,12,13,11,20,- -  -,
67225466,Ismael De Andrés,GK,29%,9,15,8,8,8,9,7,4,9,11,6,6,11,13,12,3,11,3,13,8,7,7,3,3,3,3,1,5,1,1,2,2,9,1,1,1,9,10,10,9,14,8,12,6,14,5,6,13,11,6,5,3,8,10,10,10,18,- -  -,
67217557,Iñaki,GK,25%,12,13,7,10,11,12,11,8,7,8,7,11,12,13,10,4,6,4,11,10,7,10,4,1,2,1,8,8,2,3,1,2,7,2,2,5,9,12,12,8,12,11,13,7,13,11,10,12,12,3,6,15,7,10,9,9,19,- -  -,
67216593,Sergio Pérez,GK,25%,14,7,8,9,12,11,6,11,5,11,15,5,8,14,10,2,5,1,11,8,6,7,3,2,3,2,3,8,1,2,3,3,8,2,3,3,14,9,10,5,7,9,12,7,14,11,7,11,19,2,5,7,7,11,12,11,10,- -  -,
67216538,Diego Conde,GK,40%,10,6,7,11,12,11,8,7,9,11,11,9,12,14,6,2,8,1,9,9,8,6,2,1,1,2,5,4,1,3,1,3,14,2,2,2,14,13,8,5,11,14,12,12,14,8,7,10,14,6,7,2,9,9,11,10,11,- -  -,
67214134,Sebas Gil,GK,25%,12,17,8,13,13,10,7,6,5,11,12,8,6,13,19,3,11,2,7,8,7,7,4,3,3,3,1,7,1,3,2,1,11,1,2,5,11,9,8,5,12,12,10,6,12,15,7,13,11,7,11,11,7,10,13,10,10,- -  -,
67211738,Jesús Godino,GK,33%,13,16,7,13,13,10,6,7,12,11,6,8,13,14,4,2,4,2,12,7,7,6,4,3,2,3,2,6,1,1,1,1,7,2,3,6,14,8,11,5,8,8,7,6,11,9,8,11,14,4,13,4,10,11,11,9,17,- -  -,
67211705,Carlos Marín,GK,25%,12,13,9,14,13,14,8,7,14,12,15,9,14,13,13,3,4,2,12,9,8,8,4,2,2,3,2,6,1,2,2,3,10,2,1,5,13,11,11,5,12,9,13,6,13,11,7,13,15,5,8,11,11,14,10,13,11,- -  -,
67210974,Jero Lario,GK,20%,10,16,9,9,14,8,4,6,12,11,15,9,14,14,15,1,8,1,12,8,7,8,3,1,1,2,2,4,1,3,1,3,9,3,3,7,12,7,7,5,13,12,13,9,12,5,6,14,13,2,11,19,5,11,11,14,12,- -  -,
67200923,Unai Simón,GK,20%,13,14,7,15,8,13,12,12,7,13,11,15,14,14,15,3,12,1,15,13,15,12,4,3,2,1,13,8,13,1,1,1,12,3,3,13,17,15,15,13,14,13,15,9,16,13,15,11,16,1,6,9,9,11,9,17,11,- -  -,
67200623,Raúl Marqueta,GK,67%,12,9,8,9,13,11,4,9,13,13,10,8,11,14,4,2,6,1,7,8,7,7,4,1,1,3,1,5,1,3,3,3,6,4,3,4,11,13,8,7,14,13,9,12,12,10,9,11,13,3,7,5,11,9,11,12,11,- -  -,
67186869,Antonio Sivera,GK,60%,14,12,11,13,7,13,10,9,9,12,12,5,11,15,9,1,10,2,15,11,10,10,5,3,1,1,4,7,2,3,1,2,15,1,2,9,12,16,12,5,10,13,10,9,15,5,12,11,15,5,5,14,9,10,10,12,13,- -  -,
67184455,Rubén Gálvez,GK,20%,15,11,10,9,12,13,3,11,8,11,15,10,9,10,16,2,5,3,10,10,9,8,2,2,1,2,3,5,1,2,1,1,12,2,2,6,11,11,12,5,15,13,11,14,15,15,12,10,20,8,12,15,12,10,11,13,13,- -  -,Opt
67179555,Alberto Varo,GK,17%,13,11,9,12,11,12,9,9,10,12,13,8,11,13,3,8,11,2,11,9,9,8,5,3,3,1,9,6,2,1,2,2,10,1,2,6,13,9,8,10,12,12,10,9,12,10,8,10,13,3,10,9,8,12,9,14,13,- -  -,
67179296,Jorge Mediavilla,GK,67%,13,6,8,8,9,11,7,6,15,10,11,6,8,14,2,2,12,3,12,8,7,7,5,2,2,3,5,8,1,3,3,1,10,2,2,2,14,10,6,5,10,11,10,5,14,9,6,13,10,5,10,6,14,9,9,11,15,- -  -,
67175521,Bernabé,GK,33%,11,13,11,10,10,10,9,11,5,16,11,11,12,11,6,2,12,2,11,11,11,11,2,1,2,2,10,6,2,3,3,3,10,2,2,10,12,12,12,5,13,12,13,11,14,7,12,10,11,6,7,10,5,10,9,12,15,- -  -,
67175314,Javi Montoya,GK,33%,10,15,9,11,13,12,8,11,8,6,8,7,12,7,6,6,9,1,11,10,7,12,2,3,1,2,6,6,6,1,3,1,9,2,3,7,10,8,11,7,12,12,13,13,15,12,13,10,10,2,5,12,8,9,11,12,11,- -  -,
67155103,Fernando Pacheco,GK,25%,10,14,9,12,11,12,10,14,8,13,13,12,14,12,13,5,11,2,13,14,11,13,3,2,3,1,12,7,8,2,2,1,13,3,2,12,12,13,14,10,15,14,14,14,16,15,14,12,12,7,8,13,12,14,13,13,13,- -  -,
67152421,Simón Ballester,GK,20%,15,8,10,13,13,14,9,8,5,12,12,10,11,11,6,2,10,2,15,10,9,9,3,2,2,2,4,6,1,2,2,2,11,3,1,5,11,9,10,7,12,8,11,7,12,9,11,11,20,2,6,7,6,10,11,14,17,- -  -,
67150300,Julián Cuesta,GK,33%,8,11,13,17,10,9,9,14,9,11,12,12,12,11,12,1,12,2,13,10,7,10,5,2,1,3,8,6,7,3,3,3,8,1,1,9,15,13,12,8,12,14,14,14,12,9,12,10,12,6,12,12,10,13,13,13,16,- -  -,
67144041,Pol Ballesté,GK,20%,12,13,11,12,12,9,8,10,11,13,11,9,9,13,12,6,11,2,13,11,8,8,3,1,3,2,6,5,6,1,3,3,7,5,2,6,12,13,10,5,14,7,13,8,14,8,10,11,16,5,5,12,5,12,13,4,15,- -  -,Opt
67131764,Dani Jiménez,GK,67%,11,13,11,13,11,10,8,12,9,14,13,9,13,12,14,3,15,2,12,12,8,11,5,3,2,2,4,8,3,1,2,3,14,3,1,9,13,13,12,8,12,10,13,15,15,12,11,11,12,5,7,11,10,13,11,14,11,- -  -,
67127965,Raúl Lizoáin,GK,33%,11,13,9,13,11,12,13,11,5,12,8,12,12,13,13,3,11,1,11,12,12,11,7,2,3,2,11,8,7,3,3,1,12,3,3,11,13,14,11,6,14,9,13,8,13,13,11,12,14,5,15,12,8,16,14,13,14,- -  -,
67126094,Manu García,GK,25%,10,10,12,18,14,11,6,9,15,11,14,11,12,12,13,2,9,3,12,12,11,8,6,3,1,2,10,8,3,3,1,3,14,2,3,6,13,13,11,5,13,14,12,7,11,13,6,12,14,4,12,2,10,11,10,14,19,- -  -,Opt
67092744,Razak Brimah,GK,67%,11,13,11,13,13,12,7,12,5,9,13,8,8,9,12,3,9,3,11,10,8,10,5,2,3,3,6,6,1,3,1,3,12,1,3,5,12,10,10,13,12,9,11,11,12,13,12,11,12,5,5,5,5,15,13,11,14,- -  -,Opt
67080544,Edgar Badía,GK,25%,11,16,9,11,14,10,11,10,3,12,15,12,14,13,13,14,10,10,14,10,9,11,1,3,2,1,11,6,5,1,3,2,13,3,2,10,10,11,16,2,12,12,15,19,19,14,11,12,15,6,5,13,6,18,20,13,11,- -  -,
67066947,Diego Mariño,GK,50%,11,14,7,15,12,12,14,11,7,8,7,8,13,10,9,6,9,2,13,15,10,8,7,7,12,7,13,7,8,7,9,8,10,7,8,12,15,8,15,12,14,8,17,14,17,6,17,8,11,8,6,10,6,15,16,7,18,- -  -,
67065534,Miguel Serna,GK,20%,11,10,11,11,18,9,5,8,9,14,9,11,12,14,17,2,14,3,12,11,10,10,4,3,3,2,3,8,2,1,1,3,12,2,3,7,12,12,10,10,12,11,10,10,11,12,10,11,12,2,8,12,10,11,10,15,19,- -  -,
67063096,Leandro,GK,33%,11,17,10,14,9,11,12,15,5,9,10,6,9,9,11,14,8,4,10,11,9,7,4,2,3,2,7,9,3,3,3,1,11,3,3,9,13,11,9,8,12,12,11,12,14,11,11,11,12,9,5,10,3,16,17,12,10,- -  -,Opt
67063006,Marc Martínez,GK,20%,10,11,7,13,8,8,5,12,11,13,12,12,11,15,14,2,15,2,11,11,10,10,3,1,1,3,8,8,1,2,1,1,13,5,2,5,13,14,14,6,12,11,13,11,13,14,14,12,16,5,14,12,5,15,13,14,13,- -  -,
67044850,Jose Gomes,GK,33%,5,14,7,10,9,6,4,6,7,7,11,4,9,13,3,3,4,1,8,7,6,6,3,1,2,2,1,3,1,3,3,3,7,2,3,2,7,9,8,5,10,11,9,5,11,5,7,10,11,5,7,8,9,11,11,10,20,- -  -,
67037424,Jon Ander Serantes,GK,25%,9,13,8,12,13,11,11,9,7,11,12,10,13,12,13,3,12,2,12,11,6,12,2,2,1,1,4,6,1,3,1,2,14,1,1,9,12,13,13,8,14,12,12,11,14,12,13,12,17,7,5,14,7,9,9,10,10,- -  -,Opt
67019308,David Sánchez,GK,95%,5,9,7,12,12,4,10,6,10,2,12,2,6,6,7,11,7,3,10,10,1,7,1,3,3,3,5,1,4,1,3,5,9,2,2,6,10,8,7,12,9,8,11,11,11,10,4,11,14,1,8,14,7,11,12,11,10,- -  -,Ama
67014134,Tomás Mejías,GK,33%,7,8,14,16,12,8,10,13,13,12,13,11,12,12,14,7,7,10,14,10,6,11,5,2,5,1,7,7,10,1,3,1,6,3,2,7,16,11,11,3,14,11,13,10,14,11,10,5,12,6,7,10,6,14,15,12,11,- -  -,
67011248,David Soria,GK,20%,9,12,13,16,11,9,11,14,11,15,13,12,14,15,13,9,11,11,15,13,8,14,4,1,2,2,7,5,4,3,1,3,9,5,1,5,15,15,15,8,16,12,13,10,15,16,14,12,13,10,8,9,9,12,13,14,13,- -  -,
65030636,Mondli Mpoto,GK,43%,10,14,8,10,8,9,3,6,6,9,15,8,13,9,6,3,5,2,12,9,9,8,2,3,2,2,3,7,1,3,3,2,10,3,1,2,8,11,13,5,14,13,11,10,12,13,10,12,13,8,5,7,10,11,11,13,17,- -  -,
65008818,Jethren Barr,GK,20%,9,9,8,10,13,9,2,4,12,8,10,8,10,8,5,2,9,2,9,8,7,7,3,1,3,1,6,6,1,2,2,1,9,2,1,8,13,9,9,5,10,11,6,7,14,8,11,12,17,6,6,8,8,12,12,12,13,- -  -,
64049783,Waleed Essam,GK,50%,10,7,7,13,15,7,2,6,12,10,14,7,7,13,8,3,11,3,10,7,6,6,3,3,2,1,3,5,1,2,2,2,8,2,3,4,9,13,10,10,13,10,12,5,13,5,7,12,13,2,7,5,6,11,10,10,13,- -  -,
64049016,Ahmad Juaidi,GK,25%,9,11,8,6,8,6,7,5,14,10,10,8,9,13,2,3,11,3,8,7,7,7,4,1,3,1,3,7,1,1,3,1,13,2,2,1,12,10,11,9,14,13,9,8,13,7,10,12,10,6,7,11,7,10,12,11,19,- -  -,Int
64042476,Rashid Rafeed,GK,33%,14,6,8,6,12,13,6,5,11,10,13,5,12,12,5,2,6,2,11,8,7,7,1,2,3,2,6,5,1,2,1,1,9,3,2,1,10,12,11,5,14,11,8,9,14,14,6,13,18,7,7,2,9,10,12,12,14,- -  -,
64042143,Ra'fat Al-Rabie,GK,50%,11,12,8,9,14,12,7,5,5,7,10,8,9,10,10,2,9,1,9,8,7,7,4,1,2,3,3,8,1,2,2,3,12,1,2,4,12,10,8,5,13,9,10,14,14,6,10,12,11,2,7,3,9,10,11,11,11,- -  -,
64007199,Nejc Vidmar,GK,25%,8,12,11,12,10,8,9,12,13,12,11,12,14,10,13,7,15,1,14,10,7,14,3,3,5,5,5,7,3,8,9,7,7,4,9,7,12,13,12,7,14,13,12,13,12,14,13,11,15,10,12,11,9,10,8,11,10,- -  -,
64001280,Vid Belec,GK,10%,11,12,11,16,15,10,8,13,10,14,14,11,13,12,15,3,11,4,13,13,11,16,6,2,3,2,7,7,7,2,3,2,5,3,3,7,13,12,12,13,13,12,13,13,14,9,13,12,12,9,3,12,6,16,12,15,14,- -  -,
63031757,Dominik Takac,GK,25%,13,11,11,17,7,10,7,9,7,9,10,9,10,14,5,2,4,2,13,11,9,9,4,3,1,2,7,7,1,1,1,3,11,1,1,10,15,9,8,6,14,14,14,12,14,6,8,10,16,4,6,3,6,12,13,14,16,- -  -,
63029134,Matus Hruska,GK,33%,13,12,12,14,12,12,10,11,10,11,15,10,9,13,11,1,7,1,12,8,7,8,4,1,3,3,4,9,1,3,3,2,11,2,3,2,12,8,8,5,11,13,9,6,9,7,12,11,11,4,4,7,11,9,10,11,18,- -  -,
63023478,Viktor Budinský,GK,33%,13,9,15,12,13,7,7,14,9,10,9,9,13,10,11,13,11,3,8,9,6,3,3,2,4,2,7,3,6,4,9,8,6,5,8,7,15,11,8,12,16,11,10,12,16,8,11,11,13,7,9,12,7,13,10,3,9,- -  -,
62249962,Sergej Joksimović,GK,50%,12,9,9,8,13,8,7,7,5,9,14,6,7,12,17,3,9,3,11,9,6,8,3,1,2,3,2,5,1,2,2,1,13,3,2,7,8,11,10,8,11,11,11,7,12,8,10,11,14,4,9,8,11,13,9,8,17,- -  -,
62161952,Adnan Golubović,GK,50%,9,10,12,13,14,8,13,12,2,13,13,13,12,11,14,1,9,2,14,12,6,10,4,2,2,2,10,5,5,1,1,1,13,4,3,12,13,12,12,2,12,12,11,8,14,10,7,15,13,2,2,12,8,14,15,13,7,- -  -,
62113784,Boris Radunović,GK,20%,11,11,14,16,11,12,16,14,11,14,12,11,9,9,12,8,11,9,14,13,10,11,3,5,3,4,9,5,8,5,1,4,9,3,10,9,14,11,10,13,14,14,13,13,14,8,14,12,14,8,9,11,10,12,12,6,12,- -  -,
62076152,Predrag Rajković,GK,67%,10,11,14,14,13,10,13,14,11,13,16,11,12,11,11,5,15,5,15,14,11,12,1,3,8,10,10,5,2,6,6,5,9,10,4,8,14,17,14,14,12,12,14,14,15,13,14,15,16,12,9,12,7,9,7,10,4,- -  -,
62056825,Aleksandar Jovanović,GK,17%,9,13,12,15,13,10,10,11,10,13,15,7,9,9,12,2,12,1,14,12,5,13,4,2,2,3,7,5,6,3,1,1,6,1,3,5,14,14,13,9,13,14,16,14,15,12,10,13,11,9,8,14,7,12,5,12,7,- -  -,
62055196,Igor Jovićević,GK,33%,9,11,8,17,12,8,9,8,9,11,11,10,12,11,10,3,13,3,12,9,4,8,2,3,2,3,2,6,8,6,8,7,8,3,7,7,11,12,8,8,12,13,8,10,12,9,10,10,13,9,8,7,7,10,11,10,10,- -  -,
62031598,Milan Jelovac,GK,33%,11,10,9,15,11,9,7,11,10,9,9,9,9,10,8,10,9,9,11,9,8,9,5,8,9,4,9,7,11,3,8,8,10,9,8,7,12,11,13,11,14,12,13,7,12,11,12,10,11,9,10,10,7,10,10,11,10,- -  -,
62004109,Ibrahim Sehic,GK,13%,10,11,9,14,16,9,11,10,14,11,14,12,13,11,11,6,15,3,12,14,7,11,5,2,1,2,8,10,3,1,2,1,12,2,1,8,13,14,14,5,14,13,9,13,15,16,12,15,14,5,7,11,8,12,13,14,11,- -  -,
61069539,Luis Zwick,GK,25%,11,13,9,15,13,11,4,10,11,10,8,8,9,15,15,2,14,2,9,9,8,8,3,2,3,1,12,5,2,2,2,3,10,3,3,6,12,8,10,14,10,11,12,11,11,8,9,13,12,8,12,10,12,17,10,10,12,- -  -,
61069332,Rohan Ferguson,GK,50%,5,11,10,15,9,8,10,10,6,13,9,10,12,13,11,4,6,8,10,12,11,11,1,2,1,2,10,3,1,3,2,1,12,3,3,6,14,10,12,4,12,12,11,10,14,5,10,12,10,3,2,12,3,11,10,12,8,- -  -,
61031380,Derek Gaston,GK,67%,6,11,9,15,10,3,8,9,9,8,11,8,13,11,11,8,9,9,13,6,8,8,6,2,1,3,4,8,1,2,2,1,7,3,1,4,11,8,14,9,13,10,12,9,16,6,8,9,15,7,4,15,2,11,11,10,12,- -  -,Opt
61011704,Darren Jamieson,GK,25%,8,12,7,13,6,10,9,7,10,10,9,9,7,11,12,3,9,4,11,8,7,8,2,2,2,3,2,4,2,2,1,3,12,1,1,7,13,11,11,3,15,12,11,12,12,10,11,11,11,8,3,8,2,11,12,13,10,- -  -,
60027906,Davide Colonna,GK,22%,10,10,4,5,15,9,1,2,6,6,11,4,10,12,10,1,9,1,9,3,2,2,1,1,2,1,1,1,1,1,1,3,7,1,3,3,10,5,5,7,9,6,2,8,11,14,6,11,7,4,7,3,9,8,8,10,15,- -  -,Ctr
60021826,Matteo Zavoli,GK,25%,11,11,4,4,8,9,3,3,12,7,13,2,4,5,5,3,5,1,8,4,3,3,1,1,2,2,1,6,1,2,3,3,4,2,3,1,8,7,6,10,12,10,8,9,8,7,7,9,9,8,12,3,10,11,10,10,9,- -  -,
60002088,Mattia Manzaroli,GK,25%,6,10,7,10,14,7,5,5,5,6,9,7,7,7,15,1,11,3,8,8,9,7,3,2,2,3,4,4,4,2,2,1,10,3,1,1,6,6,8,6,10,7,11,9,12,8,5,8,12,6,9,6,9,16,12,10,19,- -  -,Ctr
59117814,Sokrat Hovhannisyan,GK,33%,13,11,5,12,6,13,5,5,14,7,8,7,10,8,5,3,7,3,10,5,5,5,2,3,2,3,2,4,1,3,2,1,9,2,1,1,14,11,8,5,12,13,7,5,12,12,7,13,13,7,13,5,9,10,10,11,11,- -  -,
59115641,Luka Gugeshashvili,GK,33%,10,10,9,17,12,10,12,13,10,11,10,9,11,12,12,2,11,3,14,11,11,11,6,3,2,1,2,7,4,1,1,1,11,3,1,6,14,12,12,10,13,12,11,10,13,12,13,10,12,6,10,8,9,12,10,13,16,- -  -,
59095899,Aydın Bayramov,GK,17%,13,16,7,5,15,12,4,8,10,8,8,8,8,13,4,3,10,3,8,7,6,6,5,1,2,3,2,9,1,3,1,3,8,3,3,1,9,11,9,9,13,8,11,8,13,10,9,11,11,4,5,2,5,10,9,9,15,- -  -,
59076828,Şəhruddin Məhəmmədəliyev,GK,25%,13,6,9,15,11,13,9,10,12,11,11,6,14,12,7,1,12,2,13,9,8,8,3,3,3,2,6,6,1,1,1,2,11,2,3,5,15,11,14,5,14,8,12,14,14,8,11,9,13,2,15,9,9,13,11,10,20,- -  -,
59063974,Rəşad Əzizli,GK,33%,10,11,7,7,11,12,6,6,8,11,11,7,12,13,11,2,5,2,9,7,6,6,2,1,1,3,1,4,1,1,1,1,7,3,1,5,10,7,9,5,13,8,6,12,13,15,8,11,12,6,9,13,10,10,13,13,20,- -  -,
59043571,Emil Balayev,GK,40%,14,9,11,9,15,11,9,8,10,12,12,10,14,14,13,1,8,2,9,10,7,9,5,2,1,3,4,8,1,1,3,1,10,3,1,9,14,14,7,5,14,11,10,10,14,9,12,11,15,1,6,7,10,10,10,12,18,- -  -,Opt
59027673,Səlahət Ağayev,GK,50%,10,14,12,15,13,15,15,15,11,16,16,12,10,16,16,2,15,1,12,15,12,20,5,3,1,1,7,7,3,2,2,1,15,3,1,9,7,6,12,5,7,12,11,6,7,7,10,13,13,4,12,1,9,11,13,14,18,- -  -,
58113616,Alexandr Melikhov,GK,25%,15,13,10,13,14,15,6,8,5,13,14,10,9,12,9,1,10,1,11,10,9,9,2,3,1,3,1,5,2,2,2,1,7,3,2,6,11,10,8,5,11,6,13,12,14,10,7,12,15,8,14,4,13,12,12,15,17,- -  -,
57187807,Robert Popa,GK,50%,11,12,9,14,15,9,12,15,5,10,14,12,11,11,13,13,15,3,11,11,12,13,5,3,2,1,8,6,2,1,1,3,12,1,3,8,13,11,12,8,12,13,14,12,13,11,12,14,12,5,3,13,2,12,11,11,9,- -  -,
57163387,Ştefan Târnovanu,GK,33%,8,8,10,18,16,12,10,14,9,11,9,11,10,14,10,1,12,3,10,12,11,12,4,2,1,1,9,6,9,2,2,1,11,1,3,9,15,14,12,8,14,12,16,15,13,10,9,9,11,14,11,10,9,8,10,14,12,- -  -,
57079114,Florin Iacob,GK,50%,10,13,10,12,10,11,10,14,6,12,10,9,8,11,13,10,13,10,9,10,10,9,2,3,2,1,10,3,7,2,1,3,12,1,3,10,12,14,12,6,12,13,14,7,14,9,10,11,11,5,9,10,4,13,13,12,12,- -  -,
57028689,Florin Niţă,GK,67%,10,15,13,13,15,8,12,13,10,12,13,13,13,11,11,2,12,5,12,10,10,9,2,4,3,2,9,3,10,2,2,5,12,3,7,10,11,11,12,7,15,13,13,10,14,11,14,10,15,7,5,11,3,11,14,2,11,- -  -,
55027991,Bruno Varela,GK,50%,12,14,12,13,13,12,11,13,12,13,14,11,14,12,15,1,7,1,13,12,12,14,3,2,3,3,10,6,4,2,3,3,10,2,1,9,14,9,15,13,13,13,14,14,16,12,12,14,12,8,13,11,13,15,5,12,8,- -  -,Inj
55005321,Hugo Marques,GK,25%,7,9,12,14,15,8,9,13,9,11,13,12,12,10,12,10,12,10,13,13,9,14,2,2,1,2,8,6,5,2,2,2,10,3,1,8,12,9,13,10,12,11,11,14,13,11,13,13,11,5,9,10,3,14,13,14,12,- -  -,
55002304,Marco,GK,33%,8,14,13,12,8,9,10,10,10,12,12,9,14,10,13,2,13,3,13,13,12,13,4,3,2,3,11,7,8,1,1,2,12,1,2,11,12,8,12,8,14,15,12,10,14,11,16,11,15,6,7,13,8,14,9,12,14,- -  -,
54202929,Ali Kadhim Hadi,GK,25%,13,10,8,14,13,13,3,4,5,11,15,8,8,13,16,2,12,3,12,7,7,6,1,2,3,3,1,4,1,2,3,2,10,3,3,4,14,7,9,7,12,7,8,10,9,9,5,9,12,5,7,5,12,11,10,10,12,- -  -,
54202012,Hassan Ahmed,GK,67%,6,14,7,12,8,6,1,6,5,9,15,7,12,13,13,1,1,2,10,7,6,5,3,2,1,2,1,4,1,3,2,2,8,2,2,1,13,8,7,6,13,9,11,14,13,6,6,10,19,3,13,9,13,13,12,9,12,- -  -,
54201899,Saif Karim,GK,17%,12,13,9,13,15,10,8,8,15,10,15,9,9,14,6,1,2,3,13,9,8,8,2,3,2,2,1,6,1,3,3,1,9,2,1,5,14,9,8,5,13,10,10,9,10,11,8,9,20,4,15,12,14,11,9,14,14,- -  -,
52090552,Ed McGinty,GK,50%,12,11,10,12,14,11,12,11,10,12,12,12,7,11,14,4,5,7,9,10,9,11,5,2,3,3,11,10,8,3,3,1,10,2,3,8,12,12,12,8,13,12,13,9,14,11,11,17,10,7,5,12,4,15,6,11,12,- -  -,
52078935,Emanuel Cabral,GK,20%,11,7,7,12,13,12,6,5,5,12,15,7,13,13,8,2,9,3,11,7,5,6,1,2,1,1,5,3,1,2,1,3,8,3,3,4,11,13,13,6,13,8,6,5,12,15,6,12,10,6,5,13,8,13,13,12,16,- -  -,
52078237,Sébastien Flauss,GK,25%,10,13,7,7,5,5,1,9,10,7,15,6,9,12,16,3,8,3,11,7,6,6,4,3,3,3,5,6,1,3,1,2,6,3,3,1,12,9,7,5,6,9,9,12,8,12,8,11,20,3,7,11,15,12,11,12,13,- -  -,
51049626,Carlos Acevedo,GK,67%,14,17,14,14,14,15,10,12,5,13,14,11,16,13,10,2,9,2,12,13,10,12,5,1,4,3,11,8,1,1,1,5,10,5,1,11,14,12,12,4,12,8,14,14,17,11,14,10,12,1,10,11,11,11,11,14,14,- -  -,Int
51013546,Julio González,GK,25%,11,12,10,12,14,13,11,12,12,12,14,12,11,12,5,2,12,1,12,12,11,12,4,1,3,3,7,8,2,2,2,9,16,3,3,9,13,12,11,10,12,12,13,11,14,9,12,10,12,6,8,10,14,8,13,13,13,- -  -,
51002834,Jesus Dautt,GK,50%,10,12,6,9,12,9,4,6,5,13,15,6,11,11,16,1,9,2,11,5,8,8,3,2,2,3,3,5,1,3,1,2,8,3,3,8,8,12,13,5,13,13,11,7,14,11,8,12,14,5,6,2,11,12,9,14,15,- -  -,
50082007,Alex Mendés,GK,40%,10,11,7,14,14,12,5,5,6,7,13,7,8,13,14,3,12,2,8,7,6,6,3,3,2,3,3,4,1,3,1,3,12,3,3,3,8,9,7,15,13,9,8,5,11,15,6,11,12,5,5,8,12,10,9,13,17,- -  -,
50068947,Nadji Chorfa,GK,67%,11,8,8,9,12,14,7,5,11,13,11,8,8,14,17,2,8,1,13,8,7,7,4,2,1,3,5,7,1,3,3,1,9,3,3,2,13,8,12,11,12,9,7,11,13,5,8,12,20,5,7,6,9,12,12,11,14,- -  -,
50052357,Clément Lumé,GK,20%,10,8,13,17,12,12,4,14,8,10,15,8,6,14,13,1,8,2,11,8,7,7,3,3,3,1,5,6,1,1,1,2,10,2,2,3,15,10,10,5,13,9,9,6,8,7,7,8,12,3,7,7,5,14,12,11,16,- -  -,
49060577,Nathan Yavorsky,GK,25%,9,9,8,8,12,9,6,8,6,5,8,9,13,15,10,3,3,2,8,9,8,8,3,2,3,3,8,5,7,3,3,1,10,3,3,6,10,9,9,7,10,10,11,8,10,9,9,12,11,9,5,7,8,12,11,10,9,- -  -,
49058975,Lucas Bonelli,GK,17%,8,12,10,13,12,8,10,9,15,11,12,10,12,10,13,3,8,9,11,9,10,9,2,3,3,3,10,5,10,1,3,1,12,2,1,10,13,12,11,7,10,11,11,13,12,13,9,12,11,10,8,10,9,13,11,11,10,- -  -,
49048490,Hugo Barbet,GK,67%,8,10,9,14,12,7,2,13,5,11,13,9,9,14,13,3,12,1,15,7,9,7,2,2,3,2,2,6,1,3,2,2,13,4,3,7,12,10,10,7,8,11,11,5,11,11,8,12,12,5,8,12,5,10,11,10,14,- -  -,
49046709,Florentin Bloch,GK,33%,11,10,6,15,13,13,3,8,7,10,11,10,11,15,11,2,12,3,10,10,9,8,4,3,2,1,6,6,1,3,1,1,11,1,3,9,12,12,11,5,11,9,10,7,12,8,10,13,13,7,5,15,12,11,11,14,14,- -  -,
49040526,Grégoire Coudert,GK,25%,15,10,12,13,13,15,9,11,6,10,13,11,10,16,9,2,13,3,9,10,10,10,5,3,1,3,7,6,3,2,1,3,8,3,3,8,13,8,12,6,10,9,10,7,10,7,9,10,19,4,5,9,13,13,12,12,16,- -  -,
49040181,Yannick Pandor,GK,17%,12,12,11,14,14,11,5,7,8,11,12,10,11,12,15,1,10,1,11,11,11,10,6,2,3,2,12,8,1,1,3,2,11,3,2,10,13,10,11,8,10,11,12,8,13,10,9,11,16,8,10,5,11,12,12,12,12,- -  -,
49040115,Illan Meslier,GK,43%,9,16,12,17,15,9,13,8,12,16,14,13,14,12,12,4,9,4,13,12,11,12,4,2,1,1,11,6,9,2,3,1,11,2,3,12,17,13,12,10,13,12,16,9,16,13,13,13,14,6,6,12,5,14,10,8,15,- -  -,Set
49039915,Moana Pito,GK,17%,12,5,7,5,8,12,3,4,10,11,10,7,10,13,3,3,3,2,7,6,5,5,4,2,2,1,2,6,1,1,1,2,7,2,2,1,6,10,11,5,7,7,9,10,13,11,6,9,10,2,11,17,5,11,13,11,15,- -  -,Int
49038329,Sonny Laiton,GK,25%,10,12,11,15,9,8,4,15,9,11,16,12,12,12,13,1,14,1,11,10,10,9,4,3,3,1,6,9,1,2,2,3,13,2,1,6,15,12,13,5,11,10,8,11,12,8,10,11,12,2,8,4,10,13,10,13,11,- -  -,
49037678,Luca Dias,GK,60%,11,13,11,13,14,11,13,12,6,13,11,13,10,13,14,2,9,10,11,11,10,8,3,1,1,2,11,1,8,1,2,1,11,3,2,10,12,13,11,5,12,11,14,8,16,10,13,13,13,10,9,10,10,11,14,4,9,- -  -,
49034604,Hugo Cointard,GK,25%,9,9,10,14,12,9,10,12,9,9,11,9,10,9,12,2,10,3,10,11,10,11,3,2,2,1,9,7,10,1,2,3,10,2,3,9,12,10,10,8,11,11,11,12,11,11,11,9,13,5,5,6,6,10,10,10,16,- -  -,
49034289,Vivien Cédille,GK,25%,12,10,8,9,10,11,7,10,8,9,6,7,11,14,14,2,10,3,11,8,6,7,2,3,3,2,1,7,1,1,3,1,7,2,2,3,13,13,6,6,10,13,12,7,11,13,7,12,12,1,14,10,10,10,11,13,19,- -  -,
48043541,Matis Carvalho,GK,20%,12,12,10,10,9,11,6,9,14,14,14,10,11,11,12,1,12,1,12,10,9,9,4,3,1,1,7,8,1,3,2,3,10,2,3,6,12,10,8,5,10,12,12,8,12,6,12,12,12,8,6,13,7,10,12,12,12,- -  -,Lst
48036990,Alban Lafont,GK,29%,11,14,14,17,15,11,14,13,7,14,12,12,13,13,14,7,13,3,15,11,12,10,6,3,1,2,11,10,1,1,2,2,13,2,1,10,14,13,15,7,14,12,15,12,16,14,13,14,14,14,10,14,5,12,16,14,16,- -  -,
47041218,Matthew Grech,GK,33%,11,10,2,8,17,12,2,5,13,9,10,6,11,7,5,1,10,2,10,6,6,5,2,3,2,3,1,4,1,3,3,1,8,1,1,1,5,9,6,5,13,9,5,11,13,12,5,10,18,5,6,8,7,10,10,9,10,- -  -,
47041026,Matthew Calleja Cremona,GK,33%,13,13,8,8,9,12,7,7,7,10,11,8,8,8,13,1,10,3,8,8,7,7,1,2,1,3,3,6,1,3,1,3,9,3,3,2,8,8,9,5,8,7,11,11,11,10,9,12,10,1,7,5,6,12,14,13,14,- -  -,
47022652,Damjan Siskovski,GK,14%,7,11,12,12,13,8,9,10,6,12,12,9,13,13,10,4,11,3,12,13,6,7,4,2,1,1,8,8,7,2,1,1,7,3,2,5,12,11,11,5,11,12,11,6,11,10,10,10,12,4,5,11,6,12,11,14,13,- -  -,
47019192,Daniel Bozinovski,GK,25%,8,9,8,11,13,6,6,5,10,8,15,8,11,14,6,3,9,3,12,9,8,8,4,1,2,2,1,6,1,2,2,3,7,3,2,5,14,11,11,9,13,11,11,12,12,7,6,13,13,6,12,15,14,12,10,14,18,- -  -,
45034094,Daniel Schmidt,GK,25%,11,11,17,17,13,11,12,18,11,12,16,12,15,11,11,3,12,2,8,8,8,8,4,1,2,1,9,7,9,3,2,2,10,3,3,10,16,11,9,12,11,9,13,14,15,5,14,12,12,8,9,13,10,11,12,15,11,- -  -,
43592976,Giovanni Cultraro,GK,50%,7,13,4,14,13,8,2,7,8,7,11,7,13,13,4,2,10,1,7,6,5,5,2,2,3,3,1,4,1,2,2,3,9,3,2,2,12,8,8,5,13,8,6,12,7,15,8,12,18,3,5,6,11,13,8,9,13,- -  -,
43486358,Christian Balli,GK,20%,9,11,12,8,9,10,12,9,8,9,8,8,14,10,10,5,9,3,12,5,6,7,1,2,1,1,7,3,6,2,1,3,10,1,3,8,7,9,10,9,12,9,13,6,11,11,11,13,13,7,4,10,9,14,7,8,11,- -  -,
43425978,Filip Stanković,GK,25%,12,12,10,13,5,11,12,6,8,11,10,12,13,12,14,11,9,2,15,12,10,14,3,2,2,2,11,6,4,3,2,2,11,3,1,11,14,11,11,6,12,9,12,11,12,12,11,13,12,6,8,5,15,13,12,11,13,- -  -,
43425195,Manuel Gasparini,GK,10%,11,13,8,14,10,9,8,11,9,12,10,11,12,12,12,2,12,3,13,12,7,12,2,2,1,3,4,7,5,2,2,1,6,3,1,7,11,11,11,4,12,11,12,10,14,10,10,12,11,8,8,10,1,15,15,11,13,- -  -,
43404407,Gian Marco Crespi,GK,25%,12,13,11,11,10,10,10,10,6,9,9,8,10,10,11,4,5,9,11,9,8,8,7,4,4,1,7,1,5,6,6,1,9,1,5,1,12,12,11,7,11,11,11,8,12,8,10,8,8,7,7,7,10,9,7,1,7,- -  -,
43392090,Semuel Pizzignacco,GK,25%,10,12,13,13,14,12,6,12,11,10,11,11,12,11,16,1,9,2,12,10,11,10,4,1,3,2,6,7,3,2,2,3,9,4,1,6,13,11,11,12,12,10,12,11,11,12,12,11,7,4,14,10,10,9,11,13,16,- -  -,
43391805,Giacomo Drago,GK,17%,10,11,10,16,9,11,3,9,13,12,12,10,13,15,14,3,14,3,11,9,10,8,4,1,1,3,8,6,10,1,3,3,10,1,2,10,14,12,10,11,10,12,11,12,12,11,13,12,12,1,9,11,7,13,10,12,8,- -  -,
43391659,Elia Caprile,GK,25%,10,13,11,14,14,12,15,11,12,12,11,12,12,12,14,7,9,4,16,12,12,12,1,2,2,3,7,1,6,3,2,2,11,5,1,7,14,15,13,10,15,13,15,12,14,14,13,15,13,3,4,15,3,15,12,7,14,- -  -,Wnt
43390853,Alex Sposito,GK,11%,10,12,10,14,8,11,7,12,13,12,11,10,10,12,3,3,8,3,11,10,9,8,5,3,3,2,7,7,2,2,3,1,5,1,1,9,13,13,13,8,12,7,11,9,12,10,11,13,9,8,5,8,6,12,6,10,14,- -  -,
43378804,Stefano Turati,GK,33%,12,13,12,13,12,14,13,12,10,12,10,12,14,13,15,4,13,8,16,13,10,14,3,3,2,1,8,5,6,1,6,2,7,1,2,9,12,15,12,8,15,9,17,10,15,11,14,13,13,4,4,14,5,14,12,9,11,- -  -,
43373698,Edoardo Colombo,GK,67%,11,13,13,14,12,9,11,10,12,10,12,11,11,7,14,8,8,5,11,7,9,13,4,3,3,2,8,6,8,2,1,3,7,2,1,9,10,9,9,7,11,10,12,6,14,11,9,12,12,3,5,10,2,13,11,11,8,- -  -,
43372028,Matteo Cardinali,GK,25%,10,13,13,16,8,11,13,14,10,12,11,12,13,13,15,3,12,8,11,11,11,10,5,3,3,3,9,8,9,2,3,3,10,3,1,8,13,12,13,3,11,11,14,12,13,9,10,12,11,2,13,9,8,11,6,12,12,- -  -,Wnt
43371875,Matteo Soncin,GK,33%,10,12,12,15,14,12,9,10,8,12,11,14,9,10,14,7,10,8,10,9,8,9,1,1,1,1,6,1,8,1,6,1,7,1,4,6,13,11,12,7,13,10,13,7,13,14,11,15,9,4,6,11,7,15,13,1,12,- -  -,
43323151,Mirco De Angelis,GK,17%,11,9,1,7,10,10,1,3,9,7,11,5,9,9,11,3,6,1,3,4,4,3,3,2,1,1,1,6,1,1,2,1,6,1,2,2,7,10,6,5,12,11,6,13,12,11,4,11,8,1,5,3,11,11,7,10,7,- -  -,Ctr
43316874,Nicola Tintori,GK,50%,11,11,11,14,12,10,10,11,10,10,11,11,10,12,11,10,13,10,12,11,11,10,3,5,3,5,8,6,6,8,6,5,11,5,5,8,12,11,12,9,11,11,11,10,11,10,12,11,12,8,10,13,11,13,12,2,12,- -  -,
43296749,Davide Barosi,GK,33%,11,13,12,13,13,11,13,14,9,11,12,13,14,13,6,4,11,3,14,7,6,9,2,3,2,2,9,5,9,3,3,1,10,3,1,11,14,11,12,5,13,11,13,13,12,9,11,10,13,6,4,7,6,8,8,11,20,- -  -,
43295108,Alessandro Plizzari,GK,33%,12,15,8,15,12,13,13,12,10,15,10,14,10,10,15,3,9,5,13,10,9,11,1,1,1,3,8,1,7,1,6,1,8,1,1,7,14,13,13,7,13,12,16,11,16,13,9,14,11,2,8,10,10,14,17,2,12,- -  -,
43270707,Alberto Savini,GK,25%,10,13,12,8,13,10,7,12,10,11,12,10,11,12,14,1,10,4,11,10,8,8,2,1,3,1,5,1,3,1,1,1,6,2,1,4,13,13,10,8,12,10,10,14,14,6,7,14,7,6,5,9,10,13,9,13,9,- -  -,Opt
43212533,Elhan Kastrati,GK,14%,12,13,12,14,10,12,15,12,8,12,11,12,12,12,11,10,10,9,11,12,12,12,5,5,5,5,9,5,9,7,7,5,9,5,5,8,12,12,12,10,12,12,12,13,13,10,13,14,11,7,8,11,10,12,12,1,10,- -  -,
43207182,Marco Pissardo,GK,33%,10,14,10,13,11,12,16,11,7,11,9,12,12,12,10,4,8,8,12,10,11,10,2,1,3,3,7,5,6,1,1,1,7,3,3,5,12,12,14,10,13,12,12,9,12,11,12,8,13,8,9,13,8,10,10,14,14,- -  -,
43206221,Kristjan Matošević,GK,22%,10,13,12,14,14,11,12,15,9,11,11,9,10,10,13,9,9,5,13,12,7,12,5,7,5,2,9,11,11,12,11,5,12,7,7,11,13,13,13,11,12,12,13,12,13,11,14,14,12,7,12,14,6,13,11,8,10,- -  -,
43206198,Alessandro Giacomel,GK,33%,11,13,9,12,9,12,12,9,10,12,3,10,13,13,12,4,11,4,10,8,9,8,3,2,2,2,7,5,5,1,2,3,5,2,1,5,14,12,12,1,11,10,13,12,12,12,10,13,12,4,4,10,6,11,8,12,9,- -  -,
43167855,Tommaso Nobile,GK,33%,11,12,11,13,13,10,10,10,10,12,11,11,11,11,13,9,8,9,11,10,9,10,3,1,1,3,10,6,8,3,1,2,10,3,2,7,13,11,12,5,12,12,11,10,14,12,12,12,13,8,10,11,8,12,14,13,15,- -  -,
43152255,Emil Audero,GK,29%,12,13,13,15,18,12,12,13,12,13,13,12,11,13,15,10,15,1,13,15,9,13,2,1,2,2,6,5,6,3,1,2,10,1,2,6,10,12,12,4,10,13,16,10,16,10,16,12,13,4,4,15,3,15,12,12,12,- -  -,
43140326,Alex Meret,GK,25%,10,18,14,16,13,12,13,13,8,14,12,12,12,14,11,3,9,3,16,13,6,13,2,2,3,3,7,1,6,3,2,1,9,2,2,8,14,14,13,5,16,10,15,11,17,12,11,13,12,3,3,12,11,15,15,2,12,- -  -,
43106802,Victor De Lucia,GK,67%,9,14,12,14,19,9,12,13,14,11,12,12,11,11,13,7,10,9,12,7,6,8,3,3,1,2,8,1,7,2,1,3,8,3,2,7,12,12,14,13,13,12,14,13,14,14,12,14,14,10,9,12,10,14,12,4,9,- -  -,
43094237,Stefano Gori,GK,33%,10,13,12,13,14,12,15,11,8,12,12,12,12,13,12,4,6,5,11,8,6,10,1,1,1,1,8,1,5,1,5,1,8,1,1,8,13,12,13,8,13,14,12,16,13,14,12,14,13,8,7,18,8,13,14,1,12,- -  -,
43094150,Ivan Provedel,GK,33%,12,14,12,15,13,12,12,12,6,13,12,12,13,13,16,3,10,7,14,15,13,15,1,2,3,2,9,1,1,3,3,3,11,2,2,10,13,13,14,4,15,16,14,13,17,11,13,16,15,10,3,13,4,17,14,2,15,- -  -,
43094094,Gabriele Marchegiani,GK,25%,9,11,10,16,14,10,14,14,10,12,12,10,13,11,13,7,11,10,12,10,8,11,5,2,2,2,8,6,5,3,3,3,9,3,1,10,12,13,13,10,13,11,13,13,12,11,12,14,13,8,9,13,9,15,12,13,14,- -  -,Opt
43091164,Francesco Pollini,GK,25%,11,7,4,7,8,11,3,2,10,5,11,2,6,12,6,2,7,1,4,4,3,3,2,1,3,1,1,4,1,2,3,3,7,2,2,1,10,7,6,5,12,7,5,11,10,5,6,11,9,6,5,5,9,8,10,9,14,- -  -,Ctr
43085795,Gianmarco Vannucchi,GK,33%,11,13,12,10,16,13,13,11,10,13,12,13,9,10,15,4,8,6,12,8,7,9,4,3,2,2,4,7,4,2,4,1,6,3,3,6,10,11,12,7,13,10,12,12,14,9,10,13,12,4,6,14,7,13,16,10,11,- -  -,
43084560,Luca Lezzerini,GK,50%,12,12,11,18,12,11,15,12,10,12,13,10,12,12,14,10,10,3,12,9,8,9,3,1,1,1,6,6,5,1,3,2,6,3,3,8,15,14,14,11,13,13,12,12,13,13,13,14,13,9,10,13,16,15,13,11,12,- -  -,
43080488,Alessandro Semprini,GK,29%,7,8,8,10,9,8,9,7,8,10,10,8,8,7,11,8,8,8,9,12,5,8,2,3,1,2,4,4,4,2,2,2,6,1,1,6,11,10,7,6,10,8,8,12,10,9,8,11,12,6,6,9,10,11,12,13,10,- -  -,
43075086,Luca Bianchi,GK,33%,9,9,4,9,13,7,3,5,6,3,5,4,7,8,5,1,12,3,10,4,3,3,2,3,1,1,2,4,1,1,2,1,3,1,3,1,12,5,5,5,9,6,6,13,11,10,4,10,9,4,7,8,8,10,12,8,13,- -  -,
43067875,Nicola Leali,GK,13%,11,15,11,16,16,11,14,11,8,11,11,10,12,12,15,3,14,8,13,13,12,13,3,3,3,1,8,8,6,3,2,2,10,1,2,8,12,12,12,6,13,11,14,6,14,8,12,11,11,6,3,14,3,15,12,12,14,- -  -,
43061419,Mirko Pigliacelli,GK,14%,12,14,13,11,12,11,10,12,10,11,11,11,10,11,13,5,7,8,9,13,14,11,4,2,2,2,8,8,5,3,1,2,14,2,3,10,9,13,15,16,13,13,16,13,15,16,14,14,15,12,5,12,4,7,10,12,7,- -  -,
43044106,Pietro Perina,GK,33%,10,11,13,13,12,10,13,11,12,11,12,11,11,12,13,5,8,5,11,10,8,9,5,2,2,1,7,8,7,2,1,3,8,2,2,7,12,12,12,10,13,12,14,12,14,9,12,13,14,7,5,14,9,12,13,13,11,- -  -,
43041142,Marco Silvestri,GK,33%,12,15,11,14,13,11,13,13,11,14,14,13,13,14,14,6,10,8,15,15,9,13,5,2,2,2,7,8,5,1,3,1,7,5,2,8,14,15,14,11,14,10,13,15,16,11,9,13,16,6,9,12,5,17,13,14,14,- -  -,
43037047,Filippo Perucchini,GK,20%,11,12,10,15,13,11,12,10,10,11,8,10,8,10,14,7,6,4,11,8,5,7,2,3,3,2,6,5,3,2,1,1,12,4,1,5,10,11,12,10,12,13,13,12,12,12,13,14,11,4,5,9,8,16,15,14,16,- -  -,Inj
43030617,Luigi Sepe,GK,20%,13,13,14,14,12,12,14,12,13,13,12,13,14,12,13,4,10,3,14,12,11,12,5,1,2,3,11,7,8,2,2,2,11,3,1,9,12,10,12,10,14,14,14,14,15,6,12,14,14,13,8,13,4,8,14,9,13,- -  -,Inj
43028661,Antonio Donnarumma,GK,11%,8,12,15,12,15,8,12,15,11,12,14,11,11,12,15,4,9,4,12,7,6,8,4,1,4,2,5,6,6,1,9,3,6,4,5,5,13,12,11,5,13,13,14,12,13,13,8,13,13,6,8,10,8,17,14,11,15,- -  -,
43018087,Mauro Vigorito,GK,29%,10,12,11,14,17,10,14,12,10,14,13,12,13,12,12,12,3,11,14,12,11,12,10,11,12,12,11,12,12,12,12,13,16,12,12,12,10,11,12,8,11,10,11,11,12,10,10,11,15,11,10,14,5,11,11,11,11,- -  -,
43017977,Pietro Terracciano,GK,38%,10,12,15,17,13,9,13,14,4,14,14,14,14,10,13,8,12,7,15,14,11,10,3,3,3,2,9,5,10,2,3,2,10,3,2,9,14,16,15,8,14,15,15,14,15,12,16,12,14,5,5,12,6,16,16,13,13,- -  -,
43017867,Simone Colombi,GK,67%,10,12,12,13,14,10,13,12,15,12,12,12,13,11,17,6,13,4,12,9,7,10,5,2,3,3,5,8,4,1,1,3,4,1,1,6,13,12,13,6,13,13,16,7,15,10,14,16,15,11,5,12,4,17,13,14,18,- -  -,
43006905,Paolo Branduani,GK,17%,9,11,13,16,12,9,11,10,9,8,12,12,11,11,12,3,12,3,12,8,4,8,2,2,1,2,6,7,6,3,3,2,7,3,1,3,12,13,13,11,13,12,13,13,12,13,13,12,13,10,8,12,4,14,15,13,14,- -  -,
43005156,Giacomo Poluzzi,GK,22%,11,11,12,12,13,12,15,13,7,10,10,10,11,12,15,2,11,4,12,13,10,15,4,1,2,3,4,8,7,3,3,2,8,2,2,5,12,12,12,10,13,12,12,10,14,10,12,11,13,5,7,8,7,20,14,13,15,- -  -,
43001937,Antony Iannarilli,GK,20%,10,12,10,13,13,10,14,13,9,13,13,12,13,13,18,13,11,13,13,15,8,12,4,6,4,4,9,10,7,8,10,3,10,1,7,7,10,11,12,14,12,11,12,9,14,13,11,10,13,12,7,12,3,15,6,8,3,- -  -,
42058460,Mahdi Zoabi,GK,33%,10,13,7,17,14,11,6,7,10,9,15,7,8,13,12,2,9,1,13,7,6,6,3,1,2,1,1,4,1,3,3,1,10,3,1,1,11,12,9,5,9,12,11,13,9,15,5,12,13,4,12,10,11,13,14,13,6,- -  -,
42004125,Boris Kleyman,GK,25%,10,12,11,14,14,9,8,12,11,11,12,12,9,10,11,6,13,5,13,12,8,6,5,3,2,1,9,9,9,2,1,1,9,3,1,10,11,13,13,10,12,13,13,12,14,16,12,10,11,8,6,10,6,10,12,14,12,- -  -,
,,,,,,,,,,,,,,,,,,,,,,,,,,,,,,,,,,,,,,,,,,,,,,,,,,,,,,,,,,,,,,
