UID,Name,Position,Pr passes/90,Acc,Agi,Bal,Jum,Nat,Pac,Sta,Str,Agg,Ant,Bra,Cmp,Cnt,Dec,Det,Fla,Ldr,OtB,Pos,Tea,Vis,Wor,Cor,Cro,Dri,Fin,Fir,Fre,Hea,Lon,L Th,Mar,Pas,Pen,Tck,Tec,Aer,Cmd,Com,Ecc,Han,Kic,1v1,Pun,Ref,TRO,Thr,Rec,Inf
,,,,,,,,,,,,,,,,,,,,,,,,,,,,,,,,,,,,,,,,,,,,,,,,,,,,
59060485,Umar Eshmurodov,D (C),0.00,11,7,7,11,9,10,9,6,13,13,10,8,12,13,8,5,12,4,14,8,5,8,4,2,1,5,8,1,13,3,2,14,8,4,13,4,3,4,1,2,2,2,2,2,2,1,2,- -  -,Inj
29121685,Matt Clarke,D (C),3.61,11,8,11,15,12,12,11,13,12,13,14,14,11,13,15,12,11,11,14,13,10,12,6,8,11,9,11,9,15,4,9,13,12,5,14,13,1,1,3,1,2,2,1,3,1,2,3,- -  -,Wnt
2002094507,Didier Kom,D (C),0.64,11,12,16,14,16,12,12,11,11,12,11,11,13,13,11,3,5,10,13,6,10,10,6,7,8,5,9,5,11,5,5,12,9,7,12,9,1,2,2,1,3,2,2,3,2,4,1,- -  -,Loa
2002083058,Diego Gutiérrez,D (C),2.64,10,11,16,16,10,11,13,17,12,13,17,8,13,14,5,3,6,5,12,16,10,11,8,3,5,4,9,6,12,5,8,11,10,8,13,9,3,3,4,1,2,1,3,2,2,2,3,- -  -,Opt
2002102601,Michal Horák,D (C),3.17,16,13,12,14,13,12,12,14,15,11,12,11,13,12,15,7,11,7,11,10,10,14,7,4,6,4,7,6,11,5,7,11,7,8,12,10,2,4,2,3,4,3,1,2,1,1,2,- -  -,Wnt
2000187648,Paul Iggulden,D (C),4.38,12,12,7,6,8,10,7,8,11,7,9,7,8,12,5,6,3,1,13,5,5,7,5,1,3,2,6,4,13,3,1,11,4,5,14,5,2,3,3,3,2,3,2,2,3,1,1,- -  -,
28095141,Sam Hughes,D (C),3.23,12,9,10,15,14,11,12,15,13,13,8,12,13,13,12,7,13,8,11,10,7,12,4,6,7,6,11,9,13,6,7,12,12,8,13,11,1,1,4,1,3,4,2,1,3,2,2,- -  -,
19225765,Luiz Felipe,D (C),3.70,12,14,16,14,16,14,15,14,18,17,20,11,12,11,15,12,7,9,15,17,13,16,4,2,8,5,12,3,16,3,3,15,12,6,18,13,2,3,1,1,2,1,1,3,3,2,1,- -  -,
2000051886,Rafa Marín,D (C),1.37,12,11,13,17,15,12,16,16,12,14,15,14,14,14,9,6,16,7,13,12,7,13,5,3,6,4,9,2,14,6,12,13,9,8,12,9,2,2,1,1,3,2,3,2,1,3,3,- -  -,
2000226064,Reuben Lopata-White,D (C),4.26,7,10,8,12,11,12,10,12,6,10,8,6,13,14,18,7,7,2,13,5,6,8,6,2,2,3,5,2,11,2,3,14,3,1,13,5,3,1,2,4,2,2,3,2,2,3,3,- -  -,Wnt
2000036792,Jevon Mills,D (C),4.52,8,9,11,14,11,9,12,12,10,12,10,8,12,16,11,6,10,5,10,9,8,12,6,2,6,5,8,6,11,3,2,11,10,6,12,8,2,3,1,1,4,1,1,3,1,2,2,- -  -,
28085797,Daniel Cleary,D (C),3.60,13,12,11,12,14,12,12,12,13,12,13,12,11,11,14,7,9,5,12,12,9,13,1,5,9,5,12,5,12,9,5,12,12,8,12,10,2,3,1,3,3,2,3,4,3,2,1,- -  -,
29110538,Farrend Rawson,D (C),4.65,9,7,12,15,12,10,13,14,12,11,15,8,13,11,14,8,9,7,12,13,7,13,3,7,6,4,10,6,15,6,8,12,8,4,14,7,1,2,4,3,3,2,2,1,3,3,1,- -  -,Wnt
28109143,Brandon Cooper,D (C),3.68,8,8,9,15,9,9,10,13,14,11,14,11,12,9,15,11,12,8,12,13,9,13,3,4,7,5,9,4,12,7,7,11,10,5,12,10,3,2,3,1,1,4,3,2,3,2,2,- -  -,Inj
29191219,Sam Barnes,D (C),3.59,12,12,11,16,13,13,12,12,8,10,10,13,12,11,13,7,14,6,12,12,10,12,6,4,6,3,11,5,12,5,5,12,10,7,10,10,2,3,1,1,1,1,3,4,2,2,2,- -  -,
28086114,Dominic Hyam,D (C),3.55,10,11,11,13,12,10,12,14,10,12,13,10,14,12,12,3,15,9,14,9,8,11,7,7,5,7,9,3,13,5,6,12,11,6,14,11,1,1,4,1,3,3,2,1,2,3,2,- -  -,
29107332,Jack Whatmough,D (C),3.34,12,12,13,13,13,12,12,13,13,14,12,13,14,12,16,8,12,8,14,12,11,13,7,7,7,6,12,9,14,8,10,13,14,7,13,13,3,2,2,2,3,2,3,2,1,1,2,- -  -,
2000182982,Boyd Beacroft,D (C),5.09,10,12,11,13,15,12,11,10,8,11,10,9,10,11,13,6,11,5,9,8,7,9,5,3,2,1,8,4,11,7,3,10,10,5,16,6,3,3,3,2,3,4,1,1,1,1,1,- -  -,Ask
75032824,Benjamín Kuscevic,D (C),2.56,12,11,13,14,14,12,14,13,13,15,14,9,13,12,12,7,12,6,14,13,8,14,5,7,7,5,12,5,13,5,9,14,12,9,14,11,1,1,2,1,1,3,1,1,1,4,3,- -  -,
2002090745,Kian Howlett,"D (C), ST (C)",0.00,8,7,5,10,12,8,6,8,13,6,10,7,7,6,13,10,12,5,9,2,6,7,4,4,5,5,8,9,4,4,6,9,6,8,10,11,3,3,2,1,1,1,4,1,1,1,3,- -  -,
37055443,Mats Knoester,D (C),1.94,13,10,10,15,12,9,11,13,11,13,12,12,12,12,11,7,12,8,12,13,9,15,6,10,8,6,11,4,12,5,8,13,12,7,13,11,3,2,2,1,2,2,1,2,2,3,3,- -  -,Opt
70079807,Samet Akaydin,D (C),3.64,12,12,12,15,14,13,14,14,18,13,18,9,14,10,14,6,11,10,15,13,7,15,5,5,7,6,8,4,14,3,4,14,10,5,14,9,2,2,2,3,2,3,2,3,3,1,3,- -  -,
89049565,Charlie Goode,D (C),3.99,10,11,13,16,13,11,12,13,13,12,14,12,12,11,13,3,13,7,13,14,11,13,4,6,5,5,11,3,14,3,16,12,12,4,13,10,4,1,3,4,1,4,3,2,2,1,2,- -  -,
29036189,Lewis Dunk,D (C),3.23,10,8,9,16,14,12,12,12,13,14,17,14,15,15,14,8,15,7,15,14,12,14,4,7,8,5,13,9,14,5,6,14,14,10,16,13,2,2,1,2,2,3,3,3,2,3,2,- -  -,
29121996,Matty Elsdon,D (C),4.51,8,6,10,14,12,8,8,11,14,9,11,7,11,10,12,3,11,4,10,11,7,10,2,2,4,3,8,2,12,3,7,10,8,3,10,8,4,1,1,1,1,3,1,3,1,1,2,- -  -,
13169837,Nicholas Opoku,D (C),3.15,13,12,15,14,13,14,14,15,13,13,14,12,13,13,14,8,11,11,14,13,8,13,8,8,8,7,7,6,15,5,14,13,12,6,13,13,4,2,3,2,4,3,3,3,1,3,2,- -  -,Opt
51055610,César Montes,D (C),3.63,12,14,14,15,15,16,13,10,9,14,13,15,14,15,13,8,9,7,16,12,13,14,8,12,7,6,11,7,15,9,14,16,12,11,13,14,3,1,2,2,2,3,1,2,2,1,2,- -  -,Inj
59034662,Yegor Krimets,D (C),0.00,8,7,11,15,13,7,8,11,12,13,8,12,12,11,11,6,13,5,12,12,7,11,2,5,5,4,10,4,14,3,8,11,7,8,12,7,3,2,2,4,2,3,3,1,1,3,1,- -  -,
25061896,David Zima,D (C),4.05,13,12,14,15,13,14,14,15,8,14,13,12,13,13,15,13,9,7,13,12,8,9,4,5,9,6,12,6,15,5,10,15,12,6,13,10,1,1,2,1,1,3,3,4,3,2,3,- -  -,
28116315,Bayli Spencer-Adams,D (C),5.09,12,10,9,16,12,13,13,14,10,10,9,10,12,10,14,7,2,5,12,12,6,11,6,5,6,5,7,2,15,6,8,12,9,5,11,9,1,3,3,4,1,1,2,3,3,3,4,- -  -,Opt
28100477,Joe Rodon,D (C),3.62,14,14,12,17,13,14,14,14,13,14,14,12,13,13,16,10,13,9,13,14,10,14,4,7,9,5,11,3,14,4,10,13,12,5,14,13,3,2,2,3,2,1,3,3,1,3,3,- -  -,Inj
19236273,Lyanco,D (C),3.77,15,13,14,14,16,15,13,14,14,15,14,14,13,12,18,11,10,6,14,13,9,15,3,4,10,7,13,6,13,4,2,14,13,10,14,12,1,3,3,2,1,3,3,3,2,2,1,- -  -,
52101552,Jake O'Brien,D (C),3.67,10,8,13,18,12,12,14,15,14,12,10,9,12,12,14,4,14,9,13,10,9,12,4,5,7,6,9,3,14,4,7,12,12,4,12,9,1,3,2,2,3,3,1,1,3,2,2,- -  -,
2002100087,Roberto Domingues,D (C),0.00,14,13,9,13,11,11,14,13,10,12,14,8,13,10,8,1,9,6,15,10,7,15,8,8,8,7,7,8,12,4,8,13,7,6,13,10,2,2,2,2,2,3,3,2,1,1,2,- -  -,
83228731,Gonçalo Inácio,D (C),3.86,14,13,14,15,16,14,15,16,15,16,10,15,16,14,16,6,13,11,15,14,16,13,8,11,12,10,13,7,15,9,9,16,14,11,13,14,2,1,3,3,2,4,2,2,1,2,3,- -  -,Inj
2002106807,Asylbek Isaev,D (C),0.00,7,9,13,13,15,7,7,6,16,9,18,7,7,8,3,4,8,3,8,15,6,10,3,3,2,5,5,2,7,3,4,8,4,2,13,9,1,3,2,3,1,1,1,1,1,3,2,- -  -,
29142087,Matthew Platt,D (C),4.22,11,10,13,14,15,11,12,13,16,12,15,10,9,11,14,6,13,8,12,14,8,15,5,5,4,5,7,6,12,5,6,11,9,6,11,6,1,1,3,4,3,3,2,3,2,1,3,- -  -,
92025938,John Brooks,D (C),3.17,9,8,13,17,12,9,10,12,14,12,15,12,13,12,13,10,12,7,14,12,12,12,4,7,9,6,13,4,14,6,8,14,13,8,14,12,1,2,2,3,1,2,3,1,3,3,4,- -  -,
65008629,Siyanda Xulu,D (C),0.00,6,6,9,14,12,9,7,5,13,12,15,11,11,10,14,5,12,9,12,11,11,12,8,5,8,4,9,7,15,4,8,10,11,5,9,10,2,3,3,1,2,2,1,1,3,2,2,- -  -,
83111371,Ferro,D (C),3.61,8,12,13,15,14,11,14,11,8,14,9,15,11,12,9,5,13,11,12,15,14,13,7,9,11,8,13,5,12,10,8,13,14,11,13,13,1,1,1,3,2,2,1,2,3,1,2,- -  -,
70063032,Oğuz Yılmaz,D (C),0.79,11,10,10,12,14,12,9,10,14,12,13,9,13,10,15,5,9,8,12,13,6,12,4,3,4,3,9,3,11,2,6,12,7,6,13,8,1,3,3,2,4,1,3,2,2,3,1,- -  -,Ret
43318558,Matteo Lovato,D (C),3.80,13,12,13,16,15,14,14,15,14,15,13,13,13,13,15,7,14,6,15,13,10,14,4,6,8,5,11,5,15,5,6,15,12,7,14,12,3,2,1,2,1,1,1,3,3,4,2,- -  -,
28027621,Shane Duffy,D (C),3.08,7,6,5,18,14,6,13,13,15,15,17,7,14,14,17,4,15,6,15,14,7,15,3,4,4,6,9,5,16,6,7,14,10,6,16,9,3,2,1,4,2,3,2,2,4,1,1,- -  -,
27109964,Bubacarr Sanneh,D (C),0.84,12,12,15,13,16,14,12,15,15,14,14,13,13,12,13,5,10,4,12,13,5,14,4,3,4,6,8,4,15,3,10,13,9,4,15,7,1,3,1,1,2,1,3,2,3,2,2,- -  -,
2000109687,Filozofe Mabete,D (C),4.88,7,6,7,12,12,9,8,9,6,9,6,4,8,13,18,4,4,2,10,6,3,7,3,3,4,2,5,1,11,1,3,13,6,2,11,3,1,3,1,3,4,2,3,2,2,4,1,- -  -,
24046109,Dominik Kovačić,D (C),2.35,7,8,10,14,12,9,8,11,14,13,15,9,12,12,7,4,10,7,13,14,7,12,2,5,3,4,11,4,12,5,7,13,12,6,14,10,2,3,3,2,3,1,1,4,3,2,1,- -  -,
28056539,Adam Jackson,D (C),4.14,12,11,12,14,13,12,12,12,12,12,13,11,12,12,14,5,12,8,13,14,8,14,5,6,5,6,10,7,13,5,8,12,11,5,13,11,3,3,1,1,2,3,1,2,2,2,2,- -  -,
75015199,Enzo Roco,D (C),3.42,9,7,14,15,16,9,10,15,13,14,16,9,15,13,13,8,10,7,15,14,9,14,4,4,3,5,10,4,15,7,6,15,12,4,15,8,3,3,4,1,1,1,2,2,4,4,2,- -  -,Inj
2000216561,Coby Small,D (C),3.80,13,11,13,13,13,13,13,12,7,8,10,9,12,12,17,8,12,7,17,9,11,9,7,5,9,7,12,5,12,3,1,8,10,5,12,14,1,2,2,1,2,3,1,3,2,1,1,- -  -,
29188049,Sam Graham,D (C),4.58,12,10,10,14,12,12,11,14,10,11,12,9,11,9,8,5,9,4,11,11,6,11,3,5,5,3,8,4,12,4,8,11,8,3,10,10,1,2,3,1,3,2,3,3,1,1,2,- -  -,Wnt
28121364,Sam McClelland,D (C),2.36,9,8,13,14,13,10,10,12,14,13,16,11,16,11,9,3,20,4,13,17,8,13,5,3,5,4,8,2,14,2,5,11,8,1,10,8,1,2,3,3,3,1,4,4,1,3,3,- -  -,
2000191719,Matthew Litherland,D (C),4.14,12,15,13,16,11,15,12,12,15,9,10,13,8,6,11,6,8,4,7,4,4,9,7,3,6,3,8,2,11,3,3,8,9,4,9,5,3,3,2,1,2,1,2,2,2,3,2,- -  -,
90091663,Jack Sanders,D (C),4.17,11,14,11,16,15,15,12,11,10,11,11,10,11,12,19,6,10,7,11,10,7,10,7,4,6,9,9,4,14,5,2,12,10,3,8,8,1,3,3,1,3,3,2,2,3,1,1,- -  -,
29189395,Riley Harbottle,D (C),3.80,13,9,11,12,11,12,11,12,9,13,10,9,11,10,9,9,12,11,11,10,9,9,5,6,8,7,10,6,12,2,2,11,10,6,12,11,3,1,3,3,2,2,3,1,1,4,1,- -  -,Wnt
2002083509,Marc France,D (C),0.00,6,6,12,12,9,7,9,8,5,9,9,4,7,8,13,2,6,4,7,13,6,8,5,3,4,2,4,5,9,2,4,8,8,5,6,8,1,2,1,1,3,3,2,1,2,2,1,- -  -,
2000124242,Alex Joof,D (C),4.43,12,10,6,15,12,10,7,8,11,8,7,1,8,9,16,5,10,1,11,4,3,5,1,1,1,2,2,1,11,1,4,12,4,1,12,3,2,2,1,3,2,2,3,2,2,2,1,- -  -,
2000110220,Zak Kempster-Down,D (C),4.47,10,10,10,11,17,11,7,8,13,9,9,11,12,10,13,5,9,7,10,8,8,8,5,1,2,5,3,3,9,7,2,12,9,2,14,7,1,2,2,3,1,1,3,3,2,2,1,- -  -,
29221552,Mattie Pollock,D (C),4.17,10,9,13,15,12,11,13,16,15,11,15,10,13,12,11,5,12,8,12,12,9,12,5,5,4,5,11,5,15,4,4,12,8,3,12,8,1,1,1,2,3,2,1,1,1,2,3,- -  -,Wnt
49039789,Loïc Badé,D (C),3.18,12,15,13,14,15,14,14,13,9,13,12,8,12,13,13,10,10,12,13,10,12,11,3,7,9,7,11,2,14,6,6,13,13,8,14,10,1,3,2,1,1,3,3,3,1,2,1,- -  -,
75039718,Diego González,D (C),2.62,10,10,10,15,12,11,12,13,14,14,14,7,12,11,4,6,6,5,13,14,6,12,5,6,6,5,9,9,12,4,5,13,8,5,13,7,2,1,3,2,3,3,2,1,1,3,1,- -  -,
29121434,Fraser Horsfall,D (C),4.02,8,8,12,16,13,9,12,14,10,10,13,9,11,10,13,4,14,5,13,13,8,12,3,3,5,6,8,6,15,3,12,13,10,5,13,8,2,2,1,1,1,2,1,1,1,2,1,- -  -,
29223077,Billy French,D (C),4.45,5,7,5,14,10,9,4,7,7,12,7,2,8,13,12,5,12,3,11,4,2,4,2,1,1,3,4,1,6,1,4,14,4,1,12,1,2,3,1,2,3,1,3,3,2,3,1,- -  -,
70054616,Atınç Nukan,D (C),2.88,8,6,11,18,13,9,11,13,6,12,14,12,12,13,11,6,9,9,12,15,10,13,4,5,4,5,11,4,14,5,8,14,12,5,13,10,1,1,1,2,2,2,1,1,1,3,3,- -  -,
2000059826,Henry Hawkins,D (C),4.31,11,7,10,10,13,6,6,9,10,10,9,5,10,7,11,6,12,5,16,9,7,8,5,2,1,4,7,4,10,6,8,9,8,2,11,6,3,3,1,3,4,2,1,2,2,1,2,- -  -,
50041933,Yohan Roche,D (C),2.54,12,9,13,15,12,14,12,13,8,12,13,8,12,12,11,5,6,8,12,10,10,10,7,9,6,8,10,4,12,6,4,12,11,2,10,9,1,3,3,3,2,3,2,3,1,2,1,- -  -,
67199429,Jorge Meré,D (C),3.94,10,12,15,12,14,11,13,14,11,16,11,13,12,12,10,11,13,8,15,12,12,12,4,7,11,7,13,4,13,7,10,15,13,6,15,12,1,1,1,1,1,4,2,2,2,2,3,- -  -,IPR
29023464,Aarran Racine,D (C),4.14,6,4,9,13,12,5,5,12,10,7,2,8,8,10,12,6,15,3,8,8,6,8,3,3,3,3,7,4,14,3,4,11,8,2,10,7,3,1,2,1,1,2,1,3,3,3,4,- -  -,Inj
28107128,George Johnston,D (C),3.63,13,12,11,13,12,13,13,13,12,13,12,14,13,13,14,6,13,13,14,12,10,12,4,7,9,6,13,4,12,4,6,14,12,4,13,12,3,1,2,1,3,2,4,1,1,3,4,- -  -,
28106930,Morgan Feeney,D (C),3.65,11,15,11,14,11,11,12,13,9,9,12,9,10,9,4,5,13,9,13,11,9,10,4,6,6,5,9,6,12,7,7,11,9,6,11,11,2,3,1,3,2,4,2,3,1,3,2,- -  -,
14023371,Germán Pezzella,D (C),2.77,8,6,11,16,13,8,10,10,15,16,15,14,16,14,15,10,16,9,15,13,11,14,6,8,6,6,8,6,16,6,8,15,10,6,14,10,3,1,2,2,1,2,2,2,2,2,2,- -  -,
90076147,Toby Lees,D (C),4.59,8,7,9,11,14,10,9,10,13,11,10,8,12,9,16,4,9,6,12,8,5,13,1,1,3,2,6,1,11,1,2,12,7,4,12,7,2,2,1,2,2,1,2,1,3,3,1,- -  -,
61042227,Craig Halkett,"D (C), ST (C)",3.06,12,11,11,14,13,13,12,15,13,13,15,9,12,10,14,5,13,8,13,12,7,12,4,5,6,9,9,8,13,8,9,12,9,10,14,9,1,3,3,2,3,3,3,1,2,1,2,- -  -,
43080121,Edoardo Goldaniga,D (C),3.28,12,11,13,15,15,12,13,15,14,16,13,12,14,12,13,7,12,7,14,12,9,12,5,7,6,7,11,6,14,7,11,12,10,6,14,12,3,3,2,1,2,3,2,2,1,3,3,- -  -,
29218111,Andrew Omobamidele,D (C),3.57,15,14,14,14,12,15,13,15,10,14,14,16,15,13,15,5,15,7,14,13,12,12,2,5,8,4,9,4,14,4,3,14,10,2,15,11,1,3,2,3,4,3,3,2,3,2,2,- -  -,
2000222771,Tony Gbopo,D (C),3.77,9,10,10,11,13,11,11,12,10,10,8,7,11,13,5,7,9,3,13,4,3,4,1,1,1,1,4,3,12,3,1,13,4,2,11,2,1,4,3,1,1,1,3,2,2,3,1,- -  -,
19242094,Gabriel,D (C),3.50,14,14,15,17,13,15,15,16,16,15,16,12,14,13,13,8,11,9,14,16,12,14,4,7,10,6,12,4,16,6,7,15,13,7,15,12,3,1,2,1,2,3,2,1,4,2,3,- -  -,
2000179676,Josh Tomlinson,D (C),3.85,8,1,14,13,13,8,16,16,6,12,9,11,14,10,11,6,16,5,12,12,10,11,4,1,4,1,5,1,16,1,7,14,8,3,14,6,2,1,3,1,3,3,2,2,3,1,1,- -  -,
45100974,Kôki Machida,D (C),3.90,13,14,11,14,15,13,11,12,13,11,11,10,15,14,5,11,9,11,12,12,8,11,8,7,8,7,7,5,14,9,5,12,10,5,12,11,3,2,2,3,2,1,1,2,1,3,1,- -  -,
29175466,Billy Sass-Davies,D (C),3.60,11,10,12,15,12,11,13,14,6,10,11,12,10,9,11,11,6,8,9,13,9,13,4,4,10,5,8,5,13,6,6,11,11,9,9,12,1,2,2,1,3,2,2,1,1,3,2,- -  -,
2002083113,Gavin Fitzgerald,D/M (C),4.30,5,6,11,12,12,6,9,9,11,10,11,8,12,10,5,5,12,5,13,8,11,7,7,4,4,3,7,9,10,3,4,8,9,4,10,8,2,3,2,1,1,4,2,3,4,1,1,- -  -,
2000008140,Michael Forbes,D (C),1.62,12,10,10,13,12,11,8,12,12,7,12,11,12,13,7,5,12,6,12,6,5,7,3,2,1,1,7,1,13,4,1,13,6,4,12,4,3,1,2,1,2,1,3,2,1,3,1,- -  -,
29107103,Will Boyle,D (C),3.31,11,9,7,14,12,11,14,14,12,13,13,11,12,12,12,6,14,10,12,15,8,13,3,5,6,7,9,6,14,5,8,11,10,5,12,10,1,1,2,2,2,3,1,3,3,1,2,- -  -,
28059786,Tom Anderson,D (C),4.26,8,7,11,15,11,7,14,12,12,11,16,12,13,12,14,2,16,6,12,14,6,13,5,6,2,6,8,4,13,4,8,13,8,2,13,5,2,1,1,2,2,2,3,3,2,1,1,- -  -,
28100270,Jimmy Dunne,D (C),4.11,13,11,12,14,11,13,14,13,15,14,15,12,14,13,14,6,12,5,14,12,8,13,6,6,7,8,9,7,15,7,10,14,10,8,14,9,1,3,2,2,4,3,3,1,3,1,1,- -  -,Unh
51063427,Luis Olivas,D (C),3.78,11,9,14,12,12,11,10,16,9,12,10,11,14,15,8,11,11,9,13,12,12,11,4,6,5,4,10,7,14,8,11,13,11,6,13,9,1,3,2,2,3,1,2,3,3,2,2,- -  -,
85140415,Issa Diop,D (C),3.36,14,13,14,17,16,14,13,16,14,14,12,12,12,13,15,3,14,11,14,13,9,14,3,3,10,6,11,5,16,9,8,13,11,4,15,11,1,1,1,3,1,3,3,2,1,2,3,- -  -,
36531033,Julian Brinkman,"D (C), M (RC), ST (C)",0.00,9,5,10,10,13,9,6,9,14,8,7,9,13,9,9,10,5,9,9,7,1,8,3,6,4,7,7,5,10,8,4,12,9,4,12,3,3,3,3,3,1,2,2,3,1,3,2,- -  -,
61057250,Coll Donaldson,D (C),3.60,11,11,10,14,11,10,13,13,11,11,14,10,11,10,12,7,13,7,11,12,10,12,3,5,5,4,10,5,12,3,8,12,11,4,11,9,1,1,3,3,2,1,4,1,1,1,2,- -  -,
29179790,Harry Darling,D (C),3.50,12,12,12,13,16,14,13,14,9,15,11,13,13,14,10,11,11,9,15,14,12,11,6,6,11,9,11,7,15,9,5,14,14,6,13,13,2,1,3,2,3,2,3,1,1,3,3,- -  -,
35017446,Patrick Bauer,D (C),3.09,8,9,13,15,14,8,13,13,11,15,13,11,14,13,14,4,16,8,14,15,8,13,2,3,6,5,11,4,15,3,8,13,10,8,15,10,2,3,3,4,1,3,3,2,3,2,3,- -  -,
43161673,Filippo Sgarbi,D (C),2.82,12,12,12,16,13,12,12,14,11,14,12,12,12,12,13,12,11,6,12,11,12,13,9,8,9,7,12,7,13,7,11,13,14,10,14,11,3,1,4,3,3,3,3,2,2,2,2,- -  -,
28122839,Malachi Fagan-Walcott,D (C),3.54,16,11,12,16,12,16,9,13,6,9,9,9,9,9,6,6,14,9,11,11,10,14,5,6,4,6,11,2,11,9,8,10,8,5,12,9,1,2,3,3,3,1,1,2,2,4,1,- -  -,Wnt
2000216553,Maldini Kacurri,D (C),4.40,9,7,11,18,10,9,10,11,17,10,11,6,15,7,10,6,14,5,15,9,5,10,4,5,4,8,5,2,12,8,8,8,8,7,13,6,2,3,3,2,2,3,1,2,2,3,2,- -  -,
78078857,Agustín Rogel,D (C),4.62,10,10,14,14,14,12,13,16,13,14,15,11,13,12,13,4,12,11,14,13,8,13,5,8,9,7,10,1,15,6,8,14,10,6,15,10,2,2,1,3,1,1,1,2,3,2,2,- -  -,
28117406,Oisin McEntee,D (C),4.91,11,6,11,13,14,13,11,14,10,9,10,8,11,9,5,5,15,8,8,12,9,12,2,5,7,4,7,5,12,3,9,13,9,4,12,7,3,2,1,1,1,2,1,1,2,1,1,- -  -,
28116346,Bobby Thomas,D (C),3.90,11,11,9,15,13,11,13,14,15,12,12,8,12,12,13,6,11,7,13,14,7,14,6,5,7,5,8,2,13,7,13,11,9,5,12,10,1,2,3,2,3,1,2,2,3,2,3,- -  -,
2000099255,Jada Mawongo,D (C),4.13,9,9,9,16,10,8,10,9,15,8,8,7,7,6,6,5,5,4,10,7,4,8,6,3,3,1,4,4,9,3,2,11,7,6,15,3,1,1,1,3,3,3,4,3,1,3,2,- -  -,
70110530,Ozan Kabak,D (C),3.62,13,12,14,15,13,14,12,15,15,13,16,13,14,12,14,12,10,8,14,12,12,12,2,6,12,6,12,4,16,6,6,14,13,6,15,12,2,3,1,1,3,3,1,3,1,2,4,- -  -,
53075028,Sondre Solholm Johansen,D (C),3.72,9,11,12,13,12,9,12,13,16,11,12,13,12,12,8,4,12,6,14,14,8,14,6,7,4,8,12,4,12,7,7,12,10,8,13,10,3,2,1,3,1,1,3,1,1,1,3,- -  -,
19222440,Nogueira,D (C),3.43,12,9,11,14,12,12,11,12,14,13,13,11,13,12,13,10,12,9,14,12,10,12,6,5,8,5,10,10,13,10,10,14,12,8,13,12,1,1,2,1,3,1,2,2,2,1,2,- -  -,Inj
29142052,Max Kilman,D (C),3.46,15,14,13,15,12,15,13,14,7,16,12,15,12,14,15,11,7,11,13,12,13,12,4,11,13,7,14,10,16,7,7,14,15,2,14,15,1,2,3,3,2,1,2,2,1,1,3,- -  -,
29161625,Will Smith,D (C),4.12,11,11,9,12,15,11,12,11,7,13,11,11,13,11,15,8,11,7,11,10,10,14,5,5,7,5,10,5,10,4,7,12,11,6,12,10,3,2,2,4,2,2,2,3,3,2,1,- -  -,Wnt
2000202573,Waylon Renecke,D (C),4.56,15,12,11,14,8,16,13,15,8,11,10,12,12,12,15,5,10,6,12,10,11,9,4,4,6,4,7,5,13,3,5,12,9,4,12,9,2,2,3,1,1,3,2,1,2,2,2,- -  -,
92023404,Koray Günter,D (C),4.51,12,13,13,13,15,13,14,15,14,13,16,11,13,13,13,7,14,5,15,15,9,13,4,7,8,6,11,4,14,5,7,15,12,5,16,11,3,3,1,1,2,3,1,3,3,3,3,- -  -,
2000140865,James Leonard,D (C),4.42,11,5,10,9,9,6,9,7,9,10,10,10,11,10,6,5,12,5,12,8,7,9,6,3,4,4,7,3,9,4,6,10,10,5,15,7,1,1,1,3,3,1,2,3,2,4,3,- -  -,
2000222073,Zach Simons,D (C),4.78,9,9,8,12,9,12,8,11,15,10,8,1,8,12,9,5,6,2,13,4,3,5,2,1,1,1,2,1,6,2,3,12,4,1,12,3,2,2,3,2,2,3,1,1,3,1,3,- -  -,Opt
2000060277,Eric Ameyaw,D (C),3.70,10,10,5,14,12,11,5,9,8,6,7,6,6,12,18,4,5,1,14,3,3,4,1,1,1,1,3,1,8,1,2,12,4,1,12,2,3,3,1,2,2,2,1,2,2,3,1,- -  -,
2000056307,Leon Machisa,D (C),4.25,12,11,6,13,13,10,4,9,10,7,8,4,10,12,6,5,6,1,12,4,1,5,3,1,2,1,5,1,9,1,1,12,5,1,8,4,4,2,4,3,1,1,3,3,1,2,1,- -  -,
28103587,Richard Nartey,D (C),3.89,12,10,11,13,15,13,11,12,11,13,12,14,12,10,13,11,10,7,12,11,12,12,6,5,8,6,10,6,12,6,8,13,13,4,12,11,2,1,3,2,2,1,3,3,1,2,1,- -  -,
29077897,Harry Lennon,D (C),4.65,6,6,5,16,11,9,10,13,13,5,10,9,8,7,3,4,7,3,10,14,5,12,4,4,7,3,8,5,10,3,9,12,6,4,9,7,1,3,1,1,2,4,2,2,1,3,3,- -  -,
2000066155,Mert Apat,D (C),0.00,10,10,8,14,13,9,8,8,14,10,9,7,8,10,5,5,7,5,10,6,2,7,4,1,1,1,5,5,7,3,3,14,6,2,11,4,4,1,1,1,3,1,2,3,3,3,2,- -  -,
78065103,Erick Cabaco,D (C),4.40,11,12,10,13,14,14,14,15,16,14,16,11,15,12,15,6,14,8,13,14,7,16,5,6,6,7,10,7,13,8,8,15,10,8,15,9,3,3,2,3,3,1,2,2,3,1,2,- -  -,
43270503,Ryan Nolan,D (C),4.00,8,9,10,14,13,10,10,13,8,10,10,7,17,10,7,6,9,5,13,14,8,15,4,4,3,4,7,5,13,5,10,12,8,5,13,9,1,2,2,3,1,3,3,4,3,2,3,- -  -,
78087432,Guzmán Corujo,D (C),4.10,10,8,14,15,13,13,13,15,16,14,16,10,13,10,15,8,14,10,12,14,8,16,9,3,7,4,8,11,13,5,8,14,10,5,15,10,1,2,3,2,1,4,1,3,3,1,2,- -  -,Inj
92102718,Armel Bella-Kotchap,D (C),3.05,14,12,14,17,13,16,12,16,10,14,13,11,12,13,13,9,10,7,15,12,11,12,4,7,10,6,12,5,13,7,9,13,13,7,14,12,2,2,2,1,2,2,1,2,3,3,2,- -  -,
28017279,Danny Batth,D (C),7.26,5,6,10,15,16,6,11,12,15,8,17,11,14,11,10,2,15,4,11,16,6,10,1,3,5,7,9,4,15,4,4,14,10,6,13,8,2,2,1,1,2,1,2,2,4,2,1,- -  -,Wnt
2002080521,Joseph Nkoa,D (C),0.00,11,11,16,14,13,12,11,14,4,11,11,10,13,13,11,5,6,8,11,10,7,11,6,3,7,4,8,7,12,9,5,12,8,5,16,10,3,3,3,3,2,2,3,1,2,3,4,- -  -,
24016924,Jozo Šimunović,D (C),2.39,6,5,12,16,11,10,7,11,14,11,12,12,12,10,13,3,11,5,12,12,7,9,1,2,7,4,10,3,14,4,8,11,11,10,14,11,2,2,3,1,1,2,2,2,2,2,1,- -  -,Trn
2002084446,Fayçal El Haddadi,D (C),0.00,7,7,5,14,9,6,7,6,19,6,17,6,10,5,15,3,14,4,11,7,4,7,3,3,4,4,4,3,6,3,4,8,5,3,10,6,2,2,3,1,3,2,3,2,3,2,1,- -  -,
29128850,Ryan Sweeney,D (C),3.87,11,9,14,16,13,10,14,15,14,13,14,9,13,11,12,7,13,5,13,13,6,15,6,4,7,6,10,3,16,4,7,13,8,5,14,8,2,3,1,3,1,2,2,3,3,1,3,- -  -,
62220026,Strahinja Pavlović,D (C),3.03,12,13,15,16,14,15,14,16,14,15,15,13,13,13,15,12,14,10,17,12,12,14,5,5,9,6,12,6,13,7,8,15,11,8,14,11,1,2,2,3,1,2,1,2,1,3,3,- -  -,Wnt
29233528,James Carragher,D (C),4.01,10,7,8,15,14,11,8,13,13,12,11,7,11,10,7,5,15,8,11,9,9,10,7,6,3,6,9,4,10,7,4,12,11,6,10,8,2,2,3,2,1,1,2,3,1,2,1,- -  -,
29141780,Aron Pollock,D (C),3.47,5,5,5,13,12,6,10,12,15,7,8,5,5,13,8,4,4,2,13,4,1,6,2,3,1,1,5,1,13,1,1,13,4,1,12,4,3,3,2,2,1,1,2,2,2,2,3,- -  -,
2000095126,Matt Ridley,D (C),3.95,9,7,9,16,13,8,8,14,9,9,9,5,11,8,9,5,4,5,11,7,4,8,5,4,5,4,5,4,8,4,1,11,7,6,12,6,3,1,3,1,1,3,3,1,2,2,3,- -  -,
28127214,Will Fish,D (C),4.77,12,10,13,14,14,14,12,12,9,13,13,10,13,12,18,5,11,3,12,10,4,10,2,3,4,3,11,1,13,1,5,11,9,3,10,10,3,2,1,1,3,1,3,1,1,1,1,- -  -,Wnt
55028148,Josué Sá,D (C),3.86,9,10,12,12,13,11,12,12,10,16,13,12,15,13,13,3,12,7,16,14,12,11,4,5,7,7,11,7,12,5,9,14,13,7,11,9,4,1,2,3,2,2,1,1,1,1,3,- -  -,
2000026492,James Clarridge,D (C),4.09,10,10,11,13,12,12,11,13,10,12,11,9,12,12,13,4,12,7,13,10,9,12,2,3,5,3,7,3,11,2,3,10,9,3,11,9,3,2,3,2,1,1,1,2,3,3,1,- -  -,
29114656,Jon Guthrie,D (C),4.35,8,8,7,14,6,6,9,13,10,7,13,7,10,9,13,6,15,6,13,16,5,12,5,5,4,7,6,5,14,4,9,12,6,4,14,9,1,1,3,3,4,4,3,3,2,2,1,- -  -,
86043118,Yordan Osorio,D (C),3.42,11,11,12,13,14,11,14,12,14,13,12,12,13,12,13,8,11,7,13,15,8,15,2,7,9,4,14,6,13,4,10,12,12,4,12,13,2,2,1,3,1,3,3,3,3,3,2,- -  -,
29055066,Ashley Palmer,D (C),4.19,6,7,9,15,13,7,9,14,14,11,15,8,10,9,13,3,12,4,12,12,6,13,1,2,3,5,7,3,15,3,6,12,7,3,12,7,1,3,3,2,1,3,3,1,3,1,1,- -  -,
2000051955,Mack Warne,D (C),4.52,9,8,4,14,12,9,7,8,14,7,8,3,9,11,8,5,5,3,15,3,2,4,1,1,1,1,4,3,3,2,2,11,2,2,9,3,3,3,1,1,1,3,3,3,1,1,1,- -  -,
29160432,Sam Stubbs,D (C),3.68,10,10,11,14,5,11,14,13,11,13,15,11,14,12,8,6,13,7,13,11,6,13,4,4,7,7,9,5,14,4,5,12,8,7,13,9,1,3,2,1,3,3,3,1,3,3,2,- -  -,
59074418,Rahil Məmmədov,D (C),3.13,13,13,9,15,15,10,13,13,11,13,10,6,13,13,10,5,11,5,12,9,1,8,4,4,1,5,9,1,13,1,2,13,8,1,14,8,2,1,1,2,1,2,3,1,1,1,2,- -  -,
2002084379,Gabriel Villalba,D (C),2.41,11,12,16,12,11,13,14,13,13,12,13,11,13,12,15,8,14,8,17,15,13,12,4,6,7,3,11,6,13,4,4,11,13,7,12,14,3,2,1,2,3,2,2,3,3,2,2,- -  -,
2000059174,Louie Holzman,D (C),4.11,12,15,9,9,14,15,14,13,14,12,12,12,8,9,13,7,13,7,11,13,8,6,1,3,5,5,6,1,12,7,9,12,10,3,12,5,3,3,2,1,3,3,2,1,2,3,4,- -  -,Wnt
2000134413,Charlie Wilson,D (C),3.39,9,7,7,17,12,7,12,12,15,10,10,9,14,6,11,5,14,3,9,7,4,9,7,2,6,3,4,1,9,1,4,8,8,4,11,7,2,3,1,3,3,2,4,1,1,1,2,- -  -,
29129056,Mitchell Dickenson,D (C),4.72,9,7,10,11,10,11,8,12,9,8,11,8,7,8,2,3,9,2,11,8,5,12,4,4,5,4,5,5,13,3,7,7,6,6,11,5,3,2,3,2,2,4,1,1,3,2,1,- -  -,
2002090673,Julian Stewart,D (C),0.00,6,8,14,12,13,7,8,6,6,7,7,4,9,7,13,4,11,4,8,15,4,10,4,3,4,3,5,3,7,3,4,6,6,6,6,8,2,1,3,3,2,2,3,2,1,2,2,- -  -,Yth
2002083037,Antonio Jiménez,D/M (C),3.03,13,10,15,17,12,10,15,13,18,9,19,8,12,10,15,5,11,10,13,7,11,13,6,5,7,6,10,8,11,4,8,12,10,8,16,13,4,2,1,1,1,3,2,1,1,3,3,- -  -,Inj
52075470,Conor McCarthy,D (C),4.25,11,9,12,15,13,11,11,12,12,9,14,12,10,11,12,8,9,8,12,12,8,13,4,8,10,7,9,6,13,4,11,13,11,5,13,11,1,1,1,1,1,2,2,1,1,1,1,- -  -,
49038939,Loïc Mbe Soh,D (C),4.09,11,13,13,14,15,13,13,16,12,11,14,11,13,10,13,8,11,10,13,13,11,15,4,8,9,5,9,5,12,5,10,13,10,7,13,10,2,2,3,3,3,1,2,1,3,2,2,- -  -,
2000137489,Morgan Lewis,D (C),0.00,13,11,9,13,15,12,7,6,14,7,8,5,10,14,11,6,12,2,16,5,3,5,4,1,4,3,4,2,10,3,3,11,5,2,10,5,3,1,3,2,1,3,3,1,1,3,1,- -  -,
29075866,Lloyd Jones,D (C),3.13,10,8,12,13,12,10,10,13,17,11,13,14,12,10,12,7,11,5,12,9,10,10,4,6,8,6,11,4,15,6,8,12,13,5,14,11,3,2,1,1,1,2,2,3,3,1,1,- -  -,Wnt
13134264,Aaron Appindangoyé,D (C),3.46,11,11,12,12,13,12,12,14,13,13,12,13,14,13,12,9,11,7,14,12,11,14,5,7,7,4,11,3,14,5,4,13,12,2,13,11,3,3,1,3,1,3,2,4,3,2,2,- -  -,
2000051156,Connor O'Riordan,D (C),4.03,12,10,12,16,14,10,13,13,8,12,12,10,14,11,16,6,9,7,11,11,8,15,5,6,7,7,8,4,12,5,9,11,9,10,10,6,2,3,2,3,1,1,3,3,2,1,3,- -  -,
2002095117,Keith Haworth,D/M (C),3.54,7,9,9,14,13,9,13,11,11,8,17,6,11,8,6,7,13,5,9,8,4,7,3,4,5,3,9,5,9,5,6,9,8,5,11,7,4,1,2,3,3,2,3,3,3,1,2,- -  -,
43426109,Mattia Viti,D (C),4.19,13,13,13,15,15,14,15,14,11,15,14,11,14,13,15,10,11,7,15,13,12,14,6,7,10,6,12,6,15,6,8,13,13,7,15,12,3,3,2,2,1,2,2,1,3,3,1,- -  -,
29219083,Myles Sohna,D (C),4.61,11,8,11,11,8,11,7,11,13,8,9,4,9,9,16,6,12,4,15,6,5,7,3,5,7,3,9,5,9,4,1,10,9,3,10,10,1,2,1,1,1,1,1,3,1,2,2,- -  -,Opt
2000065695,Tommy Davis,D (C),4.23,6,8,5,15,15,12,4,12,13,9,8,4,13,9,13,6,10,4,13,5,2,6,2,1,4,1,6,1,13,1,2,8,4,1,10,3,1,1,2,1,4,2,1,3,2,3,1,- -  -,
2000189967,Aaron Burton,D (C),4.32,13,14,9,8,10,16,8,12,7,8,10,2,12,9,11,6,13,3,13,5,5,7,2,1,2,1,6,2,13,1,4,13,4,1,9,4,3,1,1,2,3,2,2,3,1,2,1,- -  -,
43091093,Mattia Bani,D (C),2.94,11,12,12,14,15,14,13,15,14,15,13,12,14,14,12,6,10,8,13,14,9,13,6,10,7,8,11,7,15,8,10,13,12,8,15,12,2,1,1,3,2,3,2,1,2,3,2,- -  -,
52082898,Eoin Toal,D (C),3.68,12,11,10,14,13,11,12,13,11,13,10,13,11,12,12,6,13,10,12,10,8,12,4,4,7,5,9,6,13,3,8,13,11,5,12,10,1,3,2,1,3,3,3,2,3,1,2,- -  -,
2000059181,Michael Stickland,D (C),4.48,12,9,12,15,12,12,13,13,10,11,15,10,14,9,14,6,13,9,9,9,13,11,5,1,7,2,9,5,11,7,1,12,10,6,12,7,2,1,1,3,2,3,3,1,2,1,1,- -  -,Wnt
29194271,Tom Leak,D (C),4.55,9,10,11,14,12,10,13,14,10,7,8,10,12,8,12,5,10,9,9,10,6,10,3,2,4,4,8,3,10,3,4,10,7,4,10,7,2,4,1,2,2,3,2,3,3,1,1,- -  -,
29243573,Harrison Minturn,D (C),3.93,11,12,14,12,16,13,12,12,8,14,8,14,13,11,14,4,10,6,13,9,10,11,6,5,9,3,10,7,10,8,5,13,10,5,11,10,1,3,2,3,2,1,3,3,2,1,1,- -  -,Wnt
2002106424,Daniel Boman,D (C),0.00,8,12,12,15,12,12,10,10,9,8,5,10,11,10,20,4,4,5,11,10,7,10,4,4,7,4,10,3,7,4,7,10,8,9,12,16,3,2,2,1,1,3,1,2,2,2,2,- -  -,
51063385,Gilberto Sepúlveda,D (C),3.57,13,12,11,12,15,13,13,12,15,16,16,13,14,13,8,14,9,8,13,13,13,15,4,6,10,7,11,7,12,6,11,13,13,8,14,11,1,3,1,3,4,3,3,3,1,2,3,- -  -,
28127159,Billy Koumetio,D (C),3.93,14,12,12,14,13,14,13,17,9,12,12,13,12,11,14,11,8,8,10,12,14,10,5,6,11,6,13,7,14,7,11,13,13,6,13,12,3,3,2,1,1,2,3,1,4,2,1,- -  -,Ask
28127365,Christian Marques,D (C),3.33,14,14,10,15,13,12,7,11,8,11,11,13,10,15,15,5,14,7,12,8,11,9,4,4,4,3,9,2,12,1,4,13,12,4,12,10,3,2,2,1,1,2,3,1,2,3,1,- -  -,
28093903,Robbie Cundy,D (C),3.68,10,9,13,15,14,11,13,13,12,11,11,13,12,12,8,5,9,10,12,11,7,12,4,3,7,4,10,4,13,2,7,12,10,1,12,11,1,2,2,4,2,1,2,1,2,1,4,- -  -,
2000101473,Kevin Joshua,D (C),3.18,9,10,9,16,13,13,7,10,10,9,10,9,9,15,11,6,9,7,15,7,8,7,5,2,6,1,8,1,14,3,4,8,7,7,11,5,1,2,2,2,1,1,3,3,2,3,2,- -  -,
2002103838,Adriano Santos,D (C),0.00,6,4,11,13,13,5,6,10,16,5,6,5,9,9,11,2,5,3,8,7,5,7,4,3,3,1,4,2,7,1,3,7,8,3,12,6,1,1,1,1,2,3,1,1,3,2,2,- -  -,
2000039557,Brandon Pursall,D (C),4.34,11,11,13,13,12,11,12,13,10,10,7,10,11,10,13,7,8,7,11,14,9,11,4,5,6,4,7,4,13,4,7,11,9,7,10,8,1,3,1,1,1,2,1,1,3,1,1,- -  -,Inj
29237533,Joe Woodiwiss,D (C),4.18,9,7,11,10,9,10,13,12,11,11,11,10,11,10,4,6,10,8,10,10,10,10,3,4,5,3,8,2,10,2,4,11,7,4,10,8,1,3,2,3,1,2,3,2,2,1,2,- -  -,
28122833,Luis Binks,D (C),3.46,12,13,14,15,11,12,14,16,13,13,15,13,14,13,12,11,13,11,15,12,12,11,4,5,7,3,11,3,15,2,8,13,12,3,13,12,3,2,2,3,1,1,2,3,1,1,1,- -  -,nEU
13203604,Timothy Awany,D (C),0.00,11,12,14,9,14,13,16,15,8,10,11,10,12,13,12,7,11,8,12,10,9,12,7,7,10,7,10,3,10,5,7,14,10,5,13,10,1,2,3,1,4,3,3,2,2,1,1,- -  -,
29214946,Chris Forino,D (C),3.78,14,12,13,16,14,14,12,12,8,10,11,10,12,9,10,4,9,7,12,12,6,12,8,3,7,4,11,6,14,3,6,13,8,5,12,8,3,3,2,1,3,2,1,1,3,3,4,- -  -,Wnt
29192985,Pierce Bird,D (C),2.73,9,8,13,15,13,9,12,15,12,10,14,6,8,7,8,5,8,7,10,11,8,10,2,3,4,4,8,2,13,6,2,12,7,4,11,4,1,2,1,3,4,2,3,2,1,4,1,- -  -,
90055831,Josh Granite,D (C),4.38,4,6,10,12,10,5,5,12,13,8,16,5,10,7,17,4,15,4,11,11,4,9,2,3,2,3,5,5,12,3,6,13,5,6,13,5,2,4,3,1,1,3,1,2,3,2,2,- -  -,Ret
55083804,Lucas Cunha,D (C),3.09,12,13,11,13,13,12,13,12,15,14,12,11,11,10,12,8,13,7,15,14,10,13,6,7,7,8,11,7,12,6,7,15,13,9,11,11,2,2,4,2,3,3,3,3,3,1,3,- -  -,
2000027329,Zac Bell,D/M (C),3.64,10,8,8,13,11,10,11,8,14,6,10,11,14,8,15,5,8,7,15,9,11,10,7,7,4,2,11,8,10,5,7,11,11,6,15,11,1,2,1,2,2,1,3,3,1,1,3,- -  -,
29194060,Jesse Debrah,D (C),4.11,11,12,11,16,12,12,12,13,9,12,11,10,11,9,16,11,8,9,11,10,11,15,7,5,7,5,8,5,13,6,7,11,10,2,12,8,1,1,3,2,1,3,2,2,3,2,1,- -  -,Wnt
2000140971,Charlie Robinson,D (C),3.00,11,9,10,18,7,10,7,11,7,10,10,8,13,10,10,6,3,7,14,8,5,8,2,1,1,5,6,1,11,2,3,10,6,3,14,7,1,2,2,2,3,2,3,3,2,2,3,- -  -,
19189686,Wallace,D (C),0.00,13,13,14,14,12,12,14,15,16,13,17,11,10,10,14,10,11,6,12,14,9,14,3,4,8,5,12,5,14,4,4,12,11,10,13,11,2,3,2,2,2,2,2,2,2,1,2,- -  -,
28127280,Will Tizzard,D (C),5.47,10,8,10,13,12,10,11,12,10,10,11,7,12,10,11,8,9,9,11,9,8,10,6,7,7,7,10,8,12,6,10,11,8,6,10,10,1,1,3,3,3,3,1,1,2,3,1,- -  -,Ask
29233179,Elkan Baggott,D (C),3.90,12,10,11,17,16,12,15,15,7,13,11,12,11,10,14,8,10,9,12,13,10,12,3,3,6,6,10,3,13,6,9,11,11,5,12,10,1,2,2,2,1,2,3,2,2,3,1,- -  -,
2002083906,Kieron Roberts,D (C),2.60,7,6,7,17,12,7,11,11,9,7,11,4,7,8,10,2,13,2,7,9,4,12,4,2,4,1,4,5,7,1,3,7,5,3,11,8,1,3,3,1,1,1,2,2,1,2,1,- -  -,
2000206732,Joe Rye,D (C),4.73,4,4,3,15,11,3,5,10,15,12,8,7,9,15,2,3,12,1,10,5,1,5,2,1,3,2,3,1,9,1,3,10,4,1,10,4,3,2,2,3,1,1,3,2,1,1,3,- -  -,
2000141112,Will Armitage,D (C),3.92,10,9,10,16,14,9,7,9,11,11,8,9,11,12,6,6,11,2,14,7,9,9,3,5,1,3,12,8,9,4,2,10,10,4,12,8,3,3,3,3,1,1,1,3,1,2,1,- -  -,
67216745,Javi Sánchez,D (C),3.92,11,11,13,15,16,13,14,14,8,13,12,13,15,14,15,3,12,7,15,13,8,13,6,1,2,5,7,8,15,4,10,13,8,9,14,8,3,3,3,2,3,1,1,2,1,2,2,- -  -,
2000217742,Astin Brace,D (C),4.48,9,11,10,14,15,14,9,11,13,8,8,1,13,7,8,6,6,2,13,3,3,4,1,1,1,2,2,1,12,1,3,8,4,3,11,1,2,1,1,3,1,1,2,3,1,1,3,- -  -,
2000201118,Jenson Sumnall,D (C),4.32,12,8,13,5,13,10,13,13,15,12,9,6,13,12,14,6,6,4,16,7,8,9,6,2,4,1,6,3,13,3,6,11,7,2,13,8,2,2,4,1,3,3,2,1,1,1,3,- -  -,
25017080,David Jablonský,D (C),0.00,7,5,10,15,14,9,10,11,14,14,16,13,12,11,14,8,13,11,13,14,10,14,3,6,8,9,11,6,13,10,9,12,13,9,12,9,3,2,1,3,1,1,1,2,3,1,1,- -  -,
43204399,Alessandro Vogliacco,D (C),3.28,13,11,11,14,12,13,14,14,12,15,12,12,13,13,13,9,11,12,13,12,12,12,8,9,10,7,12,7,14,6,11,13,12,9,13,11,3,1,3,3,1,2,1,3,2,2,2,- -  -,
2000222682,Noah McCann,D (C),4.30,10,9,8,12,12,9,12,11,8,10,2,4,8,10,2,5,11,1,14,4,3,5,3,1,1,1,5,1,12,3,1,11,5,4,7,3,1,1,1,3,2,1,3,1,3,2,3,- -  -,Inj
29141816,Henry Lander,D (C),4.44,10,7,8,9,10,8,8,11,6,9,9,8,9,10,12,2,12,6,10,6,5,9,3,2,1,3,9,5,9,3,2,9,8,6,11,3,3,3,3,1,1,1,1,3,3,1,3,- -  -,Inj
52090545,John Mahon,D (C),4.05,12,13,10,13,13,12,12,13,14,12,14,9,11,12,14,7,8,7,13,12,8,12,3,5,6,4,10,4,13,3,7,12,11,3,12,10,2,2,3,2,4,2,1,3,2,2,1,- -  -,
90049334,Will Thornton,D (C),4.25,8,6,10,14,9,10,9,13,14,8,12,4,10,10,14,3,13,3,10,10,4,10,2,2,4,4,7,4,13,3,5,11,8,5,11,7,1,2,3,2,3,4,1,3,2,1,3,- -  -,
28100548,Kyle Howkins,D (C),4.14,10,8,8,15,15,9,6,12,12,10,12,10,10,8,8,6,5,4,13,9,5,7,2,4,5,2,6,2,13,1,2,9,8,3,9,9,3,1,4,1,2,1,2,1,1,1,1,- -  -,
29176512,Teddy Perkins,D (C),4.37,5,3,3,14,13,4,7,8,13,9,8,8,11,13,19,5,4,3,14,5,5,6,1,1,1,3,4,1,9,2,2,12,5,1,8,2,1,3,3,3,2,3,2,1,3,4,2,- -  -,
2000142287,Dom Cain,D (C),5.03,4,7,3,11,11,5,4,9,13,8,7,5,12,14,17,4,4,4,9,6,4,5,3,1,1,3,6,4,9,1,1,11,5,2,11,4,3,2,1,1,2,2,2,1,3,2,3,- -  -,
18027217,Dino Arslanagic,D (C),3.78,9,9,14,14,15,8,12,14,16,12,13,12,14,14,16,5,11,5,14,14,9,15,8,8,8,6,10,6,13,6,5,14,7,7,13,10,2,3,1,2,2,1,2,2,3,1,3,- -  -,
28118145,Zeno Ibsen Rossi,D (C),3.74,10,10,12,16,11,9,12,14,11,13,9,10,13,15,11,6,10,8,13,1,9,11,6,6,7,5,9,6,12,4,8,12,10,5,13,9,1,2,3,2,2,1,1,1,3,3,2,- -  -,
2000053508,Patrick Gamble,D (C),4.54,12,11,12,15,15,15,12,11,10,11,10,6,13,7,15,6,11,7,12,9,8,8,1,3,3,5,8,1,10,4,4,10,9,4,13,4,1,1,1,3,1,2,2,2,3,2,1,- -  -,
61077396,Ryan Porteous,D (C),3.72,12,7,11,13,15,11,13,15,15,13,17,8,13,11,13,8,14,8,15,12,10,15,7,2,8,6,9,7,15,3,9,15,12,9,18,9,1,3,2,3,3,3,1,1,1,3,1,- -  -,
2000111353,Adam Beardsworth,D (C),3.36,9,7,8,12,9,10,8,12,9,10,10,10,12,11,14,5,10,7,12,6,9,8,4,3,5,3,8,6,11,4,5,10,7,3,9,8,4,3,3,2,2,3,3,3,1,2,4,- -  -,
2002082438,Moussa Diomandé,D (C),0.00,5,5,7,14,6,5,7,8,15,6,7,7,9,5,16,5,5,2,8,6,4,4,5,3,4,4,6,2,7,3,2,8,5,4,13,2,1,1,3,1,1,2,3,2,1,2,3,- -  -,
29217687,Cheick Diabate,D (C),3.67,12,12,12,16,11,12,13,14,12,10,13,7,10,11,9,5,7,8,10,11,8,13,8,4,8,9,7,9,12,2,5,10,7,6,12,8,2,2,3,3,2,3,1,3,3,1,1,- -  -,Wnt
29019771,Sean Morrison,D (C),3.66,4,6,9,13,10,7,6,9,13,12,18,11,12,12,16,5,17,7,12,13,9,11,5,4,4,7,11,5,14,6,15,13,10,7,15,10,2,1,2,1,1,1,3,2,3,2,1,- -  -,
29189397,Max Ram,D (C),3.43,8,7,9,14,12,9,10,13,14,10,14,7,8,9,11,6,10,9,11,11,9,14,3,4,2,2,5,1,15,2,3,11,7,3,13,9,3,3,3,3,3,1,2,2,2,1,1,- -  -,
90061931,Kyle Morrison,D (C),4.12,8,8,11,13,9,8,9,13,10,9,10,9,11,8,10,5,12,4,10,9,7,10,2,3,6,3,6,3,12,1,5,11,6,5,10,5,1,1,2,2,2,1,2,3,2,1,3,- -  -,
2002080713,Ian Simpson,D (C),2.43,13,12,14,8,11,14,14,11,11,10,12,3,10,12,4,5,12,1,13,11,5,12,4,1,1,2,5,4,12,1,4,12,7,2,13,1,2,2,3,1,2,3,1,2,2,2,3,- -  -,
28117374,Will Forrester,D (C),3.14,12,10,12,12,12,12,12,13,11,13,13,13,10,12,15,6,13,7,13,13,11,12,5,5,7,6,11,6,11,6,5,11,11,6,13,12,1,1,3,1,3,1,3,2,2,3,3,- -  -,
84154025,Leonidas Stergiou,D (C),3.03,14,14,14,11,15,15,14,13,13,13,13,13,12,13,13,8,8,8,13,12,11,11,4,5,10,3,12,4,12,5,7,13,12,7,14,12,1,2,2,2,3,1,1,3,3,1,1,- -  -,Inj
2000147439,Harry Thomas,D (C),4.42,11,8,9,14,15,11,12,12,12,6,12,6,7,6,14,2,11,5,9,10,8,12,2,3,9,4,9,4,13,10,5,9,8,5,9,9,3,2,3,3,2,1,3,4,2,3,3,- -  -,
2000137635,Ashley Phillips,D (C),3.92,14,14,14,17,15,15,14,16,8,15,13,12,15,14,13,7,12,10,14,11,12,11,5,5,8,5,11,6,16,4,6,13,11,5,13,11,2,1,3,1,1,2,2,2,1,3,2,- -  -,
2002081488,Franck Ondeno,D (C),3.33,15,14,16,13,13,14,14,13,17,12,12,10,13,15,18,3,15,8,12,7,10,11,4,5,8,4,9,4,9,4,4,13,10,6,14,13,3,1,3,1,2,2,2,1,1,2,4,- -  -,
2002082432,Liam Chadd,D (C),3.78,10,11,17,13,13,10,11,13,8,10,13,8,14,9,10,5,12,3,11,7,7,9,6,3,3,2,6,3,8,3,4,10,6,4,13,10,3,2,2,1,3,4,1,2,2,2,1,- -  -,
28028360,Steven Caulker,D (C),2.94,8,5,11,14,14,8,8,13,11,11,14,13,11,13,5,7,14,8,14,11,9,11,4,5,6,6,11,5,15,5,7,14,10,4,14,12,3,3,2,3,3,3,1,3,1,3,3,- -  -,
292380025,Caleb Taylor,D (C),4.72,12,12,11,17,15,12,10,10,12,13,11,12,10,10,14,5,14,7,10,12,11,11,6,3,9,6,10,3,10,9,5,9,8,7,10,11,2,1,2,1,1,1,2,2,1,1,3,- -  -,
78076996,Santiago Bueno,D (C),2.33,12,12,12,14,12,14,14,14,14,15,14,13,15,14,13,7,8,6,15,14,10,13,4,6,8,6,12,5,14,8,8,14,12,8,14,10,3,3,1,3,2,1,2,3,3,3,4,- -  -,Wnt
29173645,Lewis Gibson,D (C),3.42,13,9,11,15,15,13,14,14,8,13,11,12,11,11,13,7,12,10,14,12,11,12,3,10,8,8,11,6,12,7,14,14,10,6,12,10,2,4,1,3,2,1,4,1,2,1,2,- -  -,Wnt
83228407,Bernardo Vital,D (C),3.60,11,12,12,14,13,13,13,12,11,13,13,12,15,13,12,6,13,7,12,13,12,13,5,5,10,7,10,7,12,5,9,13,12,7,11,12,3,4,2,3,3,3,2,3,3,1,2,- -  -,
52096632,Luke McNally,D (C),3.50,15,14,16,16,14,15,13,15,12,14,13,15,13,13,14,12,14,11,13,12,11,12,3,6,14,8,12,4,15,8,8,12,10,4,12,12,2,1,3,1,1,2,1,1,3,4,3,- -  -,
14027418,Lisandro Magallán,D (C),3.18,12,13,14,14,15,13,13,14,15,14,14,14,13,12,14,5,10,6,13,15,11,15,5,5,5,6,11,3,13,6,3,14,11,5,14,11,2,4,2,3,3,1,3,1,3,3,2,- -  -,
2000212776,Ezra Emina,D (C),3.95,9,8,4,4,12,9,9,11,15,7,6,5,6,11,12,5,14,4,12,4,4,5,1,1,4,1,4,1,11,1,2,11,3,1,9,4,2,2,3,1,3,2,1,1,1,2,3,- -  -,
2000219527,Smai Norman,D (C),4.39,11,9,6,14,14,12,5,10,11,9,5,4,8,12,7,5,3,1,11,2,1,4,1,1,1,1,3,1,11,1,1,13,3,2,6,1,2,3,3,1,3,3,3,2,2,1,3,- -  -,
28121773,Edon Pruti,D (C),0.39,12,7,8,10,13,9,7,13,11,9,5,8,11,14,16,6,12,6,12,7,7,8,3,2,2,2,6,5,11,3,3,13,8,3,14,5,1,1,2,3,3,1,1,1,2,3,2,- -  -,
2000217748,Luke Grimshaw,D (C),4.84,10,11,7,12,18,14,7,10,15,4,8,1,8,10,16,5,10,1,13,2,1,5,2,1,1,1,3,2,9,1,1,12,3,3,11,1,3,3,1,2,1,1,3,2,3,2,3,- -  -,
28126142,Alex Kirk,D (C),3.72,12,9,10,14,11,11,11,13,12,9,14,12,12,9,14,7,11,4,11,14,11,12,1,5,7,3,10,1,14,4,5,12,12,6,12,11,2,2,1,1,3,4,3,3,2,1,2,- -  -,Wnt
37005546,Tom Beugelsdijk,D (C),3.47,7,7,14,16,9,7,11,15,17,11,17,12,11,12,14,8,15,10,12,14,9,17,5,8,7,5,11,10,16,9,10,12,13,4,16,12,3,3,2,2,2,1,1,4,1,2,1,- -  -,
2000056866,Deji Elerewe,D (C),4.24,10,8,8,15,10,12,12,13,10,12,10,8,13,11,12,7,9,6,12,11,7,11,1,2,6,3,8,3,12,1,3,11,11,3,11,7,3,3,3,4,2,2,2,1,1,3,3,- -  -,
28128177,Harvey Cullinan,D (C),5.55,10,10,11,10,12,11,11,12,9,13,12,11,11,12,15,6,16,6,12,9,11,10,5,5,5,5,10,4,12,4,7,12,10,6,13,9,3,2,3,2,2,1,2,3,2,4,1,- -  -,
2000031614,Leon Pambou,D (C),3.03,12,9,9,16,10,10,7,12,10,11,10,9,10,15,11,7,11,8,13,7,6,8,2,2,1,1,5,3,13,3,2,13,7,1,13,4,2,1,1,2,3,4,3,1,2,1,2,- -  -,
2002082568,Johnson Mustapha,D (C),4.99,11,6,11,14,10,10,14,15,14,11,18,6,13,12,17,7,9,4,9,6,5,7,6,1,6,4,11,3,11,3,5,11,8,3,12,8,2,3,1,2,1,3,2,4,4,3,2,- -  -,
85063747,Florian Lejeune,D (C),2.98,7,6,10,13,13,11,10,10,11,15,15,12,12,12,14,7,11,7,15,14,11,13,3,9,6,7,11,10,14,8,4,15,13,7,14,11,3,1,1,1,3,3,1,2,3,3,1,- -  -,
2000015389,Ellis Jones,D/M/AM (C),2.91,9,9,10,12,9,10,12,11,9,10,8,5,9,8,13,5,14,5,12,8,7,7,4,3,4,4,6,5,6,6,5,10,6,6,11,5,1,2,1,1,3,3,1,2,1,3,1,- -  -,
2000137805,Charlie Olsen,D (C),3.96,10,12,9,16,15,14,8,10,12,12,9,10,13,12,13,5,12,6,6,7,9,8,2,1,1,5,4,1,9,5,1,8,7,6,12,4,3,3,3,1,3,2,3,3,2,2,3,- -  -,
29064628,Anthony Stewart,D (C),3.43,9,10,10,11,14,9,12,10,10,13,13,11,12,12,12,6,16,7,13,13,7,14,2,6,8,6,10,4,14,3,6,13,5,3,12,6,2,3,3,3,2,3,1,3,1,1,3,- -  -,
2000048054,Joe Sheridan,D (C),3.80,10,10,9,13,14,10,6,6,6,7,8,7,11,10,11,5,11,3,15,7,3,7,6,4,2,2,7,2,9,4,3,9,1,2,12,5,1,1,3,3,2,3,3,1,3,3,3,- -  -,
85051582,Christopher Jullien,D (C),3.74,10,9,11,16,15,11,13,10,14,13,14,10,12,12,11,5,14,6,12,13,9,12,3,6,5,10,9,3,13,6,9,14,12,4,12,10,3,3,1,1,3,1,3,2,1,2,2,- -  -,
2000142149,James Debayo,D (C),3.54,13,12,9,17,12,12,10,12,10,11,10,12,9,12,11,9,7,9,17,9,11,11,6,1,6,7,12,6,12,3,4,11,10,4,14,12,1,2,1,3,2,2,1,1,2,1,1,- -  -,
2002094883,Chris Woodward,D (C),3.69,13,12,15,16,13,12,14,11,12,11,16,11,12,11,14,9,14,5,12,8,5,13,4,6,4,6,9,5,10,5,9,13,11,7,12,12,3,3,2,3,1,4,2,2,3,3,2,- -  -,Inj
19354849,Jackson Porozo,D (C),3.71,13,13,13,16,16,16,14,14,18,17,15,8,9,10,15,7,13,8,13,12,9,13,4,5,10,8,11,5,15,5,9,14,9,8,13,11,1,3,2,3,3,1,1,3,2,3,2,- -  -,
2000011613,Soumaïla Coulibaly,D (C),4.38,14,13,13,17,17,15,15,15,8,15,11,13,13,13,14,9,10,7,17,10,14,12,4,4,9,3,13,3,14,3,4,12,16,6,16,12,2,2,3,1,2,2,1,3,1,2,3,- -  -,
85072588,Kévin Boli,D (C),3.68,9,11,10,12,14,10,11,14,13,15,15,12,13,12,13,8,11,11,12,13,10,12,5,8,9,8,12,5,11,9,7,12,13,7,12,11,2,3,1,2,1,2,3,3,1,3,3,- -  -,
2000116605,Mamadou Jobe,D (C),4.20,9,10,9,13,11,10,11,16,8,8,9,7,11,7,12,2,7,5,11,9,7,7,4,3,5,3,6,4,9,2,4,10,8,3,8,7,1,3,3,1,2,1,3,3,2,3,2,- -  -,
29233412,Scott Butler,D (C),4.05,10,8,8,14,13,11,12,13,13,11,14,7,11,8,15,7,12,5,11,10,9,11,4,6,6,5,7,5,12,5,6,10,7,7,12,8,2,4,1,3,3,3,4,3,4,1,1,- -  -,
43020394,Jakub Czerwiński,D (C),2.37,8,5,10,12,12,8,7,9,14,14,14,11,14,12,13,4,9,7,14,13,8,16,4,4,3,6,10,4,12,5,7,14,10,7,13,11,2,3,1,1,2,3,2,2,1,1,2,- -  -,
58033864,Bədavi Hüseynov,D (C),0.81,13,12,8,13,9,13,13,12,7,14,11,8,9,14,17,5,11,8,11,10,6,10,6,5,1,5,9,9,12,4,3,14,9,6,14,6,2,2,2,3,3,2,3,1,3,2,2,- -  -,
37076335,Jan Paul van Hecke,D (C),3.11,11,12,14,16,14,12,14,14,17,11,15,13,13,11,15,8,13,6,14,12,10,12,3,5,11,4,10,3,15,3,5,15,12,5,16,11,3,2,2,3,1,3,3,1,1,3,2,- -  -,
28116415,Emeka Obi,D (C),0.00,11,8,10,15,13,11,10,12,14,9,12,8,10,9,12,5,8,6,10,8,6,8,4,5,6,6,6,5,13,4,3,10,5,4,10,5,2,2,3,3,2,2,2,3,1,2,3,- -  -,
2002100068,Eduardo Henrique,D (C),4.75,13,13,16,17,12,13,13,13,10,13,11,10,14,13,19,7,13,9,14,17,10,13,5,4,7,7,8,5,12,6,6,11,8,9,14,10,2,3,4,2,2,2,3,2,3,3,1,- -  -,Wnt
2000106512,Bogdan Marian,GK,0.00,11,7,9,7,13,11,4,6,12,7,12,8,7,13,12,3,12,2,11,5,6,5,3,1,2,2,6,7,1,1,3,5,8,3,2,6,7,9,6,5,8,6,4,10,8,11,8,- -  -,
2000047224,Zane Monlouis,D (C),3.65,11,7,12,17,16,11,12,10,13,12,11,12,14,10,17,8,7,5,15,10,12,10,5,3,2,3,13,4,12,5,4,13,11,3,15,14,3,2,3,4,3,1,2,2,3,1,1,- -  -,
2000035499,Will Hall,D (C),3.80,6,9,7,8,12,8,6,8,8,9,8,6,9,13,14,5,11,4,13,2,5,6,1,1,1,1,2,1,7,1,2,10,6,1,7,1,4,4,2,3,2,1,1,1,3,1,1,- -  -,
85121090,Dylan Batubinsika,D (C),2.49,12,12,14,12,14,14,13,15,13,13,14,12,13,12,11,6,13,9,13,14,8,13,8,9,8,9,11,8,14,9,5,15,10,5,13,10,3,4,3,1,3,2,3,2,2,1,3,- -  -,
2000010844,Ben Jackson,D (C),5.33,8,11,8,14,12,10,7,10,10,12,9,6,9,13,12,6,11,6,13,6,4,9,3,5,1,5,7,1,12,1,3,13,4,1,13,7,2,3,3,2,2,1,2,2,3,2,3,- -  -,Ask
28059436,Ben Nugent,D (C),4.30,8,7,10,14,12,8,12,13,16,5,17,5,4,3,12,5,10,3,8,7,3,9,2,3,3,3,8,3,16,2,4,9,6,7,13,8,2,2,2,2,1,3,1,2,1,2,3,- -  -,
29038431,Cian Bolger,D (C),3.83,5,5,10,14,13,7,9,10,11,12,13,12,12,11,15,7,12,10,12,12,9,9,5,6,4,8,12,4,14,5,7,12,12,10,12,9,3,2,3,2,3,3,1,4,3,1,3,- -  -,Inj
2000191892,Jahmai Simpson-Pusey,D (C),4.15,14,13,10,10,11,13,9,15,7,12,9,8,10,15,14,6,13,4,9,7,7,8,1,1,5,1,7,1,11,2,4,14,8,3,9,6,3,2,2,1,2,1,2,1,1,2,3,- -  -,Wnt
2000141052,Aaron James,D (C),4.99,10,9,7,14,8,10,6,7,9,9,7,6,9,11,11,5,7,1,13,5,2,5,4,1,1,1,5,1,11,1,2,8,5,1,8,4,4,3,2,2,2,2,1,1,2,3,2,- -  -,
2000101510,Charlie Petch,D (C),3.83,4,4,5,8,10,4,7,12,12,10,12,9,9,15,9,6,10,5,10,5,6,5,2,1,4,1,5,1,9,1,1,9,5,1,10,5,1,1,3,2,1,2,1,1,2,3,3,- -  -,
2000212801,Johnson Opawole,D (C),3.96,7,9,6,14,12,11,6,12,15,9,7,1,13,7,7,5,10,1,11,3,1,3,1,1,1,1,3,3,12,1,3,14,3,1,12,2,2,1,1,3,3,3,3,3,1,2,2,- -  -,
2000216082,Jake Grante,D (C),2.99,11,10,13,18,13,8,12,12,5,9,11,8,12,8,5,5,10,6,7,7,4,9,5,2,4,2,8,3,9,3,2,11,8,5,14,5,3,3,3,3,3,1,2,2,1,2,1,- -  -,Opt
2002080826,Stephen Jones,D (C),0.00,11,10,14,14,14,12,11,12,18,11,9,6,12,8,11,6,11,5,10,7,6,12,4,5,4,3,6,3,10,3,4,9,5,6,12,10,1,3,2,3,3,3,3,2,1,2,3,- -  -,
2000140739,Harvey Monk,D (C),4.65,12,9,7,8,13,11,5,9,7,9,7,4,10,13,10,5,8,3,12,3,5,4,1,3,1,3,4,1,13,1,1,7,5,4,9,4,2,3,3,2,4,3,3,1,3,1,3,- -  -,
2000047218,Taylor Foran,D (C),3.89,12,6,15,14,7,12,13,15,14,12,11,10,14,11,16,7,16,5,10,13,11,15,7,8,3,5,11,8,12,3,9,12,8,6,13,6,3,3,1,2,1,1,2,3,2,2,3,- -  -,
2000229272,Sonny Hart,D (C),4.39,7,7,7,2,17,9,9,10,12,10,7,4,14,12,7,5,5,1,12,3,1,5,3,1,1,1,3,5,13,1,1,12,5,2,12,3,4,1,4,2,1,1,3,1,3,2,1,- -  -,
2000210460,Adedapo Olugbodi,D (C),5.09,7,7,6,11,15,10,7,10,14,9,7,6,8,14,9,4,8,2,11,4,2,5,1,1,1,1,3,3,10,1,1,14,2,1,12,1,2,1,3,2,1,3,3,2,3,2,1,- -  -,Opt
75017685,Igor Lichnovsky,D (C),4.50,11,12,13,13,15,12,13,12,13,15,13,12,15,13,13,6,11,8,15,13,7,13,6,5,7,7,11,5,14,8,7,13,12,4,14,11,1,3,1,1,1,3,3,3,1,1,2,- -  -,
29218065,Alex Mitchell,D (C),3.43,10,9,12,16,12,12,11,14,14,11,13,7,11,11,16,9,12,6,13,10,6,10,4,4,7,3,10,2,12,4,8,12,7,8,12,7,1,3,2,3,1,3,2,3,2,3,1,- -  -,
2000131333,Luke Softley,D (C),4.01,10,10,10,12,12,12,11,8,9,11,10,3,9,12,7,5,12,1,12,4,4,6,1,1,1,2,4,1,7,2,4,13,5,2,12,1,1,3,4,3,1,3,1,2,2,3,3,- -  -,
13137348,Stephen Eze,D (C),0.00,8,7,13,18,11,13,11,13,14,11,14,8,8,10,15,6,14,6,12,10,8,13,6,5,7,6,9,7,13,10,12,12,10,2,13,8,3,4,3,1,2,2,1,2,3,1,1,- -  -,
55041788,Bruno Wilson,D (C),0.00,10,11,12,15,14,13,13,13,16,13,14,11,12,12,13,8,12,9,14,13,8,13,5,6,9,6,11,7,13,8,7,14,12,7,13,12,2,3,2,1,1,1,2,1,1,1,2,- -  -,
2000190410,Todd Pearson,D (C),2.66,11,10,4,10,14,12,2,7,10,4,6,5,9,12,4,5,5,1,12,2,1,3,1,1,2,1,1,1,8,1,1,13,1,1,12,2,4,3,3,3,3,1,2,1,3,1,2,- -  -,
2002082419,Owain Llyr Lawrence,D (C),0.00,4,4,11,15,15,4,9,8,13,5,12,6,10,6,5,4,11,4,9,8,4,11,4,3,3,3,6,6,5,3,4,6,5,4,11,5,3,3,3,2,3,3,2,1,1,2,1,- -  -,
19362992,Riccieli,D (C),2.72,13,12,13,14,15,12,13,13,16,14,14,10,13,12,15,8,13,8,14,13,11,11,4,4,6,7,10,5,14,5,9,14,12,9,13,11,1,3,2,1,3,2,1,3,3,3,2,- -  -,
2000051056,Luke Harrop,D (C),5.03,8,8,4,14,7,7,7,8,7,5,7,2,9,11,5,5,10,1,13,1,1,4,2,1,1,1,4,1,8,1,1,10,3,1,12,1,1,3,1,2,2,2,1,3,2,3,3,- -  -,
18091405,Zinho Vanheusden,D (C),2.33,11,12,12,15,13,12,12,13,11,14,11,15,16,15,15,13,15,10,15,14,12,14,9,8,11,9,12,11,15,7,4,14,13,11,14,12,2,1,3,1,1,1,2,2,1,4,2,- -  -,
2000212971,Michael Archibald,D (C),5.00,11,12,6,7,12,11,7,7,11,4,6,2,4,7,12,5,8,1,10,1,1,2,1,1,1,1,2,1,4,1,1,11,2,1,9,1,3,3,2,2,2,3,1,1,2,2,2,- -  -,
28105526,James Finnerty,D (C),3.77,11,11,9,13,10,11,12,10,12,11,13,10,11,9,12,9,10,3,12,10,7,12,4,4,3,2,9,2,11,3,6,12,9,4,11,9,2,3,2,1,2,2,2,3,1,2,3,- -  -,
61062992,Jack Baird,D (C),7.09,10,11,9,13,14,9,12,12,7,13,7,7,11,11,16,5,11,8,12,12,9,14,5,8,6,5,8,4,13,7,6,12,8,8,12,8,2,1,3,2,3,1,2,1,3,4,2,- -  -,
76016518,Jeison Murillo,D (C),3.58,8,11,12,13,13,10,12,12,13,12,15,12,12,12,16,6,13,9,15,12,12,13,4,6,9,4,10,4,13,5,4,13,12,8,15,10,2,3,2,1,2,1,2,4,1,2,3,- -  -,
29038556,Carl Piergianni,D (C),4.11,6,8,7,16,11,9,9,13,17,9,13,6,9,8,11,4,14,6,10,11,7,13,2,4,5,6,9,8,16,6,7,10,9,3,11,9,2,4,4,2,3,2,2,1,2,4,1,- -  -,
2000184629,Kaiden Wilson,D (C),3.97,16,11,12,16,13,15,10,11,11,12,10,8,13,8,13,5,9,6,9,8,8,9,5,1,8,5,8,1,8,5,5,9,7,5,9,5,1,1,1,3,2,1,1,3,3,2,3,- -  -,
29218607,Harry Williams,D (C),4.32,8,7,7,14,16,8,7,7,14,12,9,6,13,13,15,5,3,3,13,6,4,6,2,1,1,3,6,2,10,4,1,13,5,1,13,5,3,1,2,2,3,1,3,3,2,3,1,- -  -,
29172171,Jeremiah Gyebi,D (C),4.60,10,11,6,14,9,10,6,8,10,7,8,5,7,7,13,5,8,4,14,5,1,6,1,1,1,4,5,1,8,3,2,11,3,1,7,5,1,1,3,4,2,1,1,4,1,3,2,- -  -,
2000227103,Kieran Cooney,D (C),2.89,9,6,9,12,13,6,10,11,15,10,8,7,11,9,17,6,5,4,6,7,4,8,2,2,4,5,8,2,7,6,2,10,8,4,15,7,3,1,2,1,3,2,3,1,2,3,2,- -  -,Inj
2000162885,Ellis Farrar,D (C),4.63,7,9,6,7,13,8,7,4,13,7,8,4,10,12,13,5,7,4,11,4,4,5,2,2,5,2,6,3,11,1,5,12,6,1,10,1,2,1,2,3,1,2,1,2,1,3,4,- -  -,
2000185911,Jack Cooper,D (C),2.72,11,9,7,13,15,11,4,8,14,8,7,3,10,10,5,5,9,1,10,2,2,4,1,1,1,1,4,1,10,1,1,13,4,2,12,2,2,2,2,2,2,1,2,1,1,3,2,- -  -,
2000026462,Lewis Barker,D (C),4.13,9,10,13,11,13,12,11,10,6,12,10,9,15,7,14,5,4,8,11,8,5,9,4,4,5,1,7,2,11,5,2,12,9,5,14,6,2,1,1,1,2,1,1,4,3,3,1,- -  -,
48031394,Pape Cissé,D (C),1.97,13,11,13,16,14,14,14,16,17,13,16,11,10,11,17,9,10,8,13,12,10,12,3,8,8,6,10,4,13,7,6,13,11,5,14,11,3,1,4,4,3,1,2,3,2,1,1,- -  -,Inj
27021400,Dario Đumić,D (C),3.51,7,6,12,18,12,8,9,12,7,12,15,13,11,12,15,10,14,8,13,11,10,11,5,6,5,7,10,12,14,6,7,13,12,7,14,11,2,1,1,1,3,3,2,4,2,2,2,- -  -,
2000009956,Joshua Roney,D/M (C),1.55,12,9,9,12,13,10,10,10,8,8,9,5,15,14,16,7,9,3,12,6,8,5,4,1,2,4,5,1,12,9,3,12,8,1,10,5,3,2,4,1,2,3,3,3,2,3,2,- -  -,
67211739,Fernando Calero,D (C),3.17,13,12,12,11,12,13,13,12,10,15,14,12,12,12,12,11,12,10,14,15,13,14,7,6,4,5,15,9,13,11,10,15,13,9,14,14,3,1,2,1,2,2,2,2,3,3,3,- -  -,Inj
43318551,Maxime Leverbe,D (C),4.19,12,10,14,15,14,13,12,13,10,13,12,12,13,11,16,8,12,11,12,11,13,10,5,9,9,10,11,8,14,10,12,14,13,9,13,10,1,1,4,3,3,2,1,2,4,1,3,- -  -,
2002112025,Kim Sang-Wook,D (C),4.60,8,8,12,14,13,10,9,7,15,9,15,8,9,8,16,5,10,3,4,7,7,8,5,2,5,3,8,7,8,3,6,9,10,6,10,13,3,2,2,2,2,1,3,3,3,3,2,- -  -,Int
2000222076,Archie Chaplin,D (C),4.20,12,15,10,15,15,13,9,13,13,13,8,5,10,13,9,5,6,3,13,7,4,8,3,1,2,1,6,1,12,1,3,14,6,5,14,1,1,2,2,3,3,3,3,3,2,3,3,- -  -,Loa
2000123555,Sonny Aljofree,D (C),4.84,13,11,12,14,11,11,11,14,12,12,10,9,12,11,14,7,13,6,11,8,10,9,4,6,5,4,10,7,12,2,4,10,9,3,12,5,1,3,2,1,3,2,2,3,1,1,3,- -  -,Frt
2000050618,Charlie Hughes,D (C),4.44,8,7,9,12,13,8,7,10,7,10,9,10,12,6,11,5,15,5,15,7,7,9,3,1,3,2,10,1,11,1,6,11,12,2,14,9,2,3,3,2,1,3,2,1,4,1,3,- -  -,
2000042149,Kyle Cooper,D (C),2.41,6,8,8,13,11,9,9,7,7,8,8,5,10,8,8,4,7,4,8,8,6,7,6,4,4,2,7,4,9,5,4,10,6,3,12,6,3,1,2,1,3,3,1,3,1,1,3,- -  -,
2000138022,Brendan Willson,D (C),3.79,10,9,4,10,15,7,8,10,12,11,6,3,5,11,10,5,6,2,12,2,1,3,1,1,1,1,1,1,9,1,1,11,3,1,11,1,2,1,3,1,2,1,2,3,3,2,3,- -  -,
2000034613,Lamine Toure,D (C),2.46,8,9,8,9,10,9,10,11,9,9,9,8,10,8,11,7,9,7,9,8,8,8,4,3,3,3,7,6,10,3,5,9,6,4,9,8,2,1,1,3,1,1,3,1,2,3,1,- -  -,
71104592,Denys Popov,D (C),3.79,13,14,13,16,13,13,13,16,17,10,17,7,12,11,16,3,15,10,12,12,9,16,3,4,7,5,9,2,16,8,7,14,10,5,15,9,1,3,3,4,2,2,4,1,1,1,1,- -  -,Inj
71023433,Ivan Ordets,D (C),3.20,10,9,13,14,16,10,10,14,9,16,16,12,14,12,16,3,9,10,14,15,13,13,4,6,6,7,11,8,16,7,9,13,10,7,14,11,3,3,2,3,1,2,3,3,1,2,2,- -  -,
29233085,Harrison Solomon,D (C),3.96,11,11,11,13,10,13,12,10,9,10,12,9,9,9,9,5,6,6,9,12,9,10,4,4,5,5,8,7,10,3,7,10,9,4,9,9,1,3,3,4,1,2,2,3,1,2,2,- -  -,Wnt
2000023988,Fabio Manitta,D (C),0.00,13,9,9,13,13,10,11,9,13,12,9,6,8,13,11,6,5,5,12,6,2,6,3,2,5,1,4,1,11,2,4,13,5,1,9,3,2,1,2,2,3,3,1,2,2,1,1,- -  -,
28127525,Jack Burchell,"D (C), ST (C)",3.84,6,7,2,9,11,9,4,5,15,10,7,4,7,13,5,5,9,3,6,4,4,4,2,1,3,3,5,1,9,1,2,12,7,3,8,5,1,2,1,3,1,3,3,4,4,1,2,- -  -,
2000025291,Rhys Bennett,D (C),4.48,12,10,10,14,14,13,14,13,12,13,14,8,12,12,15,6,10,4,13,9,6,12,2,3,5,3,9,4,13,1,5,12,9,4,12,11,1,1,2,2,2,3,1,2,3,2,2,- -  -,
2000140700,Jamie Knight-Lebel,D (C),3.62,13,12,8,11,13,11,9,10,10,9,6,2,10,12,2,5,2,1,12,5,3,5,1,1,1,1,5,5,11,3,1,9,4,1,10,3,3,3,1,2,3,3,3,4,1,4,2,- -  -,
95078700,Frederik Jäkel,D (C),2.83,12,11,15,17,16,11,15,16,13,14,12,12,13,11,7,6,13,11,14,11,12,13,8,7,9,8,10,8,15,9,3,14,8,5,12,9,1,2,2,1,3,3,3,1,3,1,3,- -  -,
29106912,Alex Whitmore,D (C),3.40,7,7,9,14,10,11,10,12,15,10,14,9,9,10,11,4,12,7,12,10,2,10,2,1,3,2,7,1,13,1,1,12,8,2,13,10,3,3,3,3,3,3,1,2,2,3,2,- -  -,Unh
2000120904,George Milner-Smith,D (C),4.15,7,8,9,14,10,9,6,11,8,9,9,9,11,8,6,5,11,5,9,7,1,8,6,2,1,2,8,4,9,5,4,11,6,3,13,5,2,2,2,3,3,3,3,2,4,1,1,- -  -,
19135096,Raúl Silva,D (C),3.60,4,4,9,15,12,4,6,9,19,13,17,11,10,8,15,8,14,9,13,10,8,11,1,6,3,5,9,6,16,6,8,15,12,9,15,11,4,2,3,1,1,2,1,1,2,1,3,- -  -,
76065062,Yerson Mosquera,D (C),4.32,13,12,11,15,12,15,13,15,10,14,12,12,12,12,14,7,14,11,13,11,6,11,6,7,6,6,12,1,14,8,4,13,12,6,13,12,2,3,3,1,3,2,2,1,3,2,1,- -  -,Ask
43323077,Erick Ferigra,D (C),2.89,13,12,13,12,14,13,13,14,14,12,14,10,13,11,15,9,11,9,11,12,8,13,6,6,7,6,11,4,12,5,9,13,10,5,12,6,1,3,3,2,1,4,2,3,3,2,2,- -  -,Wnt
2000052455,Oliver Duncan,D (C),4.26,4,6,3,14,12,5,6,9,14,11,7,5,9,14,5,5,11,1,7,5,3,5,1,1,1,2,6,1,9,3,1,10,6,2,10,5,2,3,1,3,4,1,1,1,1,1,1,- -  -,
2000218448,Jack Dolman,D (C),4.17,6,6,5,17,14,5,9,10,15,6,7,4,5,13,11,6,6,1,7,5,1,6,2,1,1,3,6,3,8,3,1,7,6,2,12,2,1,2,3,1,1,2,1,1,3,1,3,- -  -,
2002103736,Ho Wing Cheung,D (C),2.33,11,11,9,4,14,12,7,2,8,7,8,3,4,11,14,5,3,1,9,13,1,12,3,1,1,1,2,4,12,3,1,10,4,1,11,3,2,1,3,3,2,1,2,2,3,3,1,- -  -,Inj
2000124249,Kynan Murchison,D (C),4.24,10,7,4,15,12,9,5,9,11,5,8,3,5,12,5,4,7,1,12,3,2,4,1,1,1,1,4,2,10,1,1,13,3,3,11,1,1,2,3,1,1,3,3,2,1,1,2,- -  -,
2000131011,Ciaran Thompson,D (C),3.66,7,8,5,15,7,8,8,7,11,10,10,5,12,7,5,5,12,3,14,7,7,8,6,1,2,3,8,4,10,4,2,10,7,4,13,8,3,1,3,1,2,1,3,3,4,3,3,- -  -,
2000209816,Jesse Ayoola,D (C),0.00,11,8,12,11,15,11,11,12,15,10,8,7,12,7,15,5,15,4,16,7,5,8,4,1,2,3,5,6,11,1,5,10,3,4,12,5,2,1,2,1,2,1,2,2,3,2,1,- -  -,
19191673,Maracás,D (C),3.71,10,11,13,12,14,12,12,14,13,14,16,10,13,12,13,9,12,10,14,11,7,13,3,6,5,8,11,6,13,7,5,14,11,6,14,10,2,3,2,3,2,2,3,1,1,1,2,- -  -,
62055004,Nikola Maksimović,D (C),0.00,10,8,12,15,14,9,9,12,14,13,15,12,14,11,12,9,12,8,13,12,10,14,4,8,6,5,12,10,12,5,12,12,13,7,14,13,1,3,1,2,4,1,3,2,3,2,4,- -  -,Ret
29217875,Charlie Cresswell,D (C),3.49,13,13,14,16,14,14,14,17,14,13,16,14,13,13,13,11,14,8,14,11,11,13,2,5,12,8,11,2,14,4,6,12,12,4,12,12,1,3,1,2,3,3,1,3,3,4,2,- -  -,Unh
2002081397,Hélder Mendes,D/M/AM (C),3.63,13,18,15,9,14,14,11,12,9,12,8,13,5,13,16,13,4,11,5,13,13,10,6,2,10,3,10,10,8,7,5,2,13,6,2,12,1,4,3,1,4,2,2,2,3,1,2,- -  -,
2002081490,Hugh Stern,D (C),4.76,5,5,5,15,11,5,13,11,7,8,15,4,12,6,5,8,6,4,13,9,4,12,3,2,7,3,9,2,10,2,9,10,7,7,8,9,3,2,2,2,2,1,2,3,1,3,3,- -  -,
28087596,Cameron Burgess,D (C),3.50,7,9,11,15,16,9,14,13,11,12,14,11,12,12,12,5,11,8,12,14,5,12,6,4,7,5,9,6,14,5,11,12,10,3,12,11,2,2,3,2,2,1,3,2,2,3,2,- -  -,
13134241,Christian Luyindama,D (C),3.56,10,11,17,16,11,12,11,16,17,14,14,13,12,10,12,10,13,7,12,12,9,14,1,4,7,5,8,8,16,4,7,15,8,7,14,7,3,2,2,3,1,1,3,3,3,3,2,- -  -,Opt
2002095278,Ionuţ Stere,D (C),4.22,10,11,14,12,15,11,10,12,9,10,18,6,11,10,15,4,14,5,9,7,4,8,4,5,5,4,7,4,9,4,4,10,8,6,14,12,1,3,2,1,1,4,2,3,4,3,2,- -  -,U18
29233180,Brooklyn Kabongolo,D (C),2.29,7,9,6,15,11,9,9,10,11,12,9,6,12,13,6,7,13,4,12,6,5,3,4,1,3,1,5,4,8,1,4,13,4,1,7,5,3,1,3,2,3,3,3,2,3,2,1,- -  -,
28127530,Andi Janjeva,D (C),4.12,11,7,5,13,13,9,3,8,11,6,7,3,6,11,7,5,1,2,11,4,4,5,2,1,1,3,5,1,8,2,2,14,4,1,10,2,4,3,3,3,3,2,3,3,3,1,2,- -  -,
2000187641,Archie Cooper,D (C),4.89,7,7,6,12,15,9,6,11,12,11,5,2,9,13,4,5,10,1,11,3,3,5,3,1,1,1,4,3,11,1,3,7,4,1,11,3,2,2,3,3,3,3,1,1,1,1,1,- -  -,
2002061517,Calen Murtough,D (C),3.56,8,8,7,13,6,10,9,11,6,8,11,8,11,9,11,3,9,4,10,4,6,7,5,3,6,3,8,4,9,3,4,11,6,6,9,7,1,1,1,1,1,3,1,4,4,1,1,- -  -,
57024540,Vlad Chiricheş,D (C),3.62,9,8,12,14,13,7,10,8,13,16,16,15,13,13,14,13,16,10,14,14,12,13,4,6,9,7,14,7,14,11,11,14,14,9,13,14,2,1,2,3,1,2,2,1,4,3,2,- -  -,Ret
81052685,Ajeanie Talbott,D (C),1.76,14,12,11,10,16,14,12,12,13,11,12,10,12,11,13,6,10,7,12,10,10,13,6,3,9,4,10,2,11,7,4,10,11,3,10,11,4,1,2,3,2,3,2,3,1,2,1,- -  -,
2000110282,Reuben Mason,D (C),4.65,8,7,8,11,9,10,6,9,7,8,7,7,9,8,16,4,14,5,8,9,5,7,4,4,6,3,8,4,10,3,4,10,8,3,8,6,2,1,3,3,1,1,3,3,3,3,2,- -  -,Inj
2000199121,Charlie Perkins,D (C),3.23,11,11,10,10,11,12,12,11,9,8,8,3,12,5,6,6,6,2,9,7,3,9,2,3,6,1,8,2,8,3,1,10,8,3,8,6,4,1,2,3,3,2,1,1,2,2,1,- -  -,
28127317,Marqes Muir,D (C),4.33,14,12,13,14,12,14,9,15,14,9,11,12,14,11,7,6,13,7,11,10,4,11,6,8,9,3,8,3,11,9,7,10,11,6,12,10,1,1,1,3,3,2,1,1,1,2,4,- -  -,Wnt
2000131078,Thierry Katsukunya,D (C),3.91,9,11,12,10,11,12,11,12,13,9,7,12,12,10,5,6,7,4,11,8,8,9,6,5,1,4,8,5,9,6,2,11,8,5,15,7,1,2,2,3,3,1,3,4,2,2,1,- -  -,
2000192557,Dan Carey-Evans,D (C),3.50,11,12,11,14,7,12,10,13,11,8,7,3,9,13,15,6,10,1,14,4,2,5,1,3,3,3,4,4,10,1,3,13,4,2,12,3,3,2,1,2,1,3,3,3,1,3,2,- -  -,
19125312,Pablo,D (C),3.96,7,5,11,15,13,6,10,9,16,15,17,12,12,12,12,8,12,8,14,13,6,15,5,4,5,5,11,5,16,7,7,15,12,9,14,8,4,2,2,2,1,3,2,1,1,2,1,- -  -,
95034135,Taofiq Olomowewe,D (C),4.28,7,5,5,13,6,9,10,12,8,5,11,5,6,9,4,4,8,4,7,10,4,8,4,3,4,4,5,3,9,4,6,7,6,5,9,5,4,2,1,1,2,3,2,2,2,2,1,- -  -,
29233150,Ibane Bowat,D (C),4.44,10,9,10,10,9,12,9,13,9,10,7,9,12,7,7,6,6,6,12,7,9,9,5,4,7,4,7,8,11,4,5,11,12,8,13,10,2,2,3,3,1,2,3,3,3,3,1,- -  -,
27128916,Abdul Mumin,D (C),2.42,13,14,12,15,15,16,13,14,13,13,16,13,16,12,9,15,5,8,15,13,11,12,4,4,10,5,12,5,12,5,9,15,13,3,12,13,2,3,2,3,1,1,1,2,1,3,2,- -  -,
2000140251,Oscar Winterbone,D (C),4.64,10,6,3,16,6,12,4,9,10,5,8,6,13,13,13,4,9,3,8,4,2,4,1,1,3,1,4,1,12,2,1,7,4,4,10,2,3,3,2,1,2,2,3,2,2,1,2,- -  -,
2000227105,Harrison Mellors,D (C),4.56,7,9,8,15,13,11,10,9,9,7,8,10,8,9,11,6,6,4,14,7,10,7,3,4,4,2,8,2,9,5,3,9,11,1,9,11,2,2,2,3,2,4,1,1,3,3,2,- -  -,
78074087,Felipe Carvalho,D (C),3.20,9,8,13,16,12,12,12,17,17,12,14,9,14,9,14,5,12,10,12,12,5,15,6,5,4,4,8,3,12,11,3,13,6,6,13,8,3,1,3,2,2,2,2,4,1,1,1,- -  -,
2000223878,Alex Wilkie,D (C),3.49,6,6,6,8,11,8,6,9,5,5,6,7,7,9,6,4,12,2,12,4,4,4,2,3,1,3,3,1,11,1,2,13,4,2,10,2,3,2,1,2,2,2,2,1,1,1,2,- -  -,
2000225964,Charlie Stirland,D (C),3.73,8,11,9,12,12,12,5,9,12,8,7,2,11,11,6,5,13,3,12,2,1,5,1,1,1,1,1,3,10,1,2,10,5,2,5,2,3,2,2,2,1,3,3,1,2,3,2,- -  -,
29161603,Nick Grimes,D/M (C),3.85,8,7,8,9,13,6,11,7,6,11,9,8,11,10,11,5,10,7,12,10,10,9,2,4,4,3,8,6,9,1,2,11,5,1,9,6,2,1,4,2,3,2,1,3,2,2,1,- -  -,
2000108975,Mackenzie Maltby,D (C),3.45,11,11,8,9,10,9,11,6,10,4,8,7,8,10,12,5,6,3,13,4,7,5,3,3,10,2,5,1,7,1,1,12,5,1,12,4,2,2,2,2,1,2,1,1,3,1,2,- -  -,
2002081388,Alberto Pilo,"D (C), WB (L), M (C)",4.19,10,11,14,12,12,11,13,10,12,12,17,9,8,13,15,8,11,8,9,12,15,13,8,7,6,6,10,6,8,8,4,9,14,6,10,14,1,4,2,2,1,1,1,3,4,3,2,- -  -,
2000201870,Harrison Page,D/M (C),4.08,13,12,12,11,14,13,11,11,6,5,10,3,11,12,17,7,11,6,10,5,5,7,5,5,1,1,8,5,11,3,4,13,8,2,9,6,1,2,2,2,1,2,3,2,2,3,1,- -  -,
2000108969,Josh Chapman,D (C),4.37,10,8,5,14,10,7,9,7,10,9,8,5,7,12,9,6,10,3,13,4,3,4,3,1,1,1,4,1,8,1,3,6,4,1,9,1,3,1,2,1,1,3,3,4,2,3,2,- -  -,
2000228505,Kymani Skyers,D (C),4.53,9,4,6,13,8,8,5,7,13,7,6,2,6,10,4,4,6,1,14,3,1,3,1,1,1,1,2,1,6,1,1,13,1,1,8,1,3,4,2,1,1,1,3,3,1,3,1,- -  -,
2000202594,Alfie Doy,D (C),2.62,13,11,12,14,13,13,11,13,14,9,11,6,12,9,15,6,11,8,12,9,8,12,3,2,6,2,5,3,12,2,3,12,6,4,12,7,2,1,3,2,4,2,2,3,1,3,3,- -  -,Loa
29235579,Ben McLean,D (C),4.50,9,8,9,12,12,9,5,6,5,13,6,7,8,12,14,5,13,3,14,6,1,7,1,1,3,4,8,3,7,4,2,8,8,2,9,2,1,3,1,2,3,1,3,3,3,2,1,- -  -,
2000136690,Logan Laird,D (C),3.64,8,10,11,14,14,10,6,9,10,9,8,4,7,10,18,5,4,3,11,8,6,8,5,1,1,4,6,2,9,1,5,7,7,5,10,1,2,3,2,2,2,1,1,3,3,3,1,- -  -,
2000201752,Darragh Walsh,D (C),4.19,10,9,7,3,11,11,8,8,9,10,8,5,12,13,9,5,11,3,12,4,2,4,1,1,1,1,5,1,8,3,1,12,1,1,12,1,3,3,3,2,2,3,1,3,1,2,1,- -  -,
2002102340,Andy Higham,D (C),0.00,10,9,12,13,14,9,10,7,12,10,14,11,7,8,7,8,13,4,6,9,7,12,4,3,5,2,8,4,6,1,3,9,6,3,9,12,2,1,1,3,2,1,1,2,1,3,3,- -  -,Yth
29141781,Michael Clark,D (C),4.82,7,4,3,13,15,5,11,11,15,10,12,4,12,11,15,5,12,1,13,4,2,6,2,2,1,1,4,1,7,2,1,9,4,1,7,1,2,3,4,3,3,2,4,3,3,1,2,- -  -,
2000106866,Reece Irwin,"D (C), ST (C)",4.78,8,3,8,15,12,12,11,18,12,4,12,3,7,6,13,4,9,3,7,6,3,12,3,1,3,3,4,4,5,1,5,12,5,3,8,2,1,2,1,3,3,1,2,3,1,1,1,- -  -,Inj
2000108876,Frazer Cookson,D (C),4.12,9,7,8,9,12,8,7,7,8,8,7,5,7,7,15,4,7,3,16,6,7,8,3,1,1,3,6,1,5,4,1,5,8,2,11,7,3,4,2,3,4,3,1,2,3,1,2,- -  -,
78064570,José Aja,D (C),4.33,10,8,15,16,14,9,11,13,12,11,13,10,12,10,13,6,12,12,12,13,9,12,5,5,4,5,10,1,15,6,2,12,11,8,12,10,3,1,2,1,1,1,3,3,3,3,3,- -  -,
2000226703,Lorenzo Saponara,D (C),5.28,13,11,10,14,13,13,8,12,6,12,9,4,12,12,15,6,13,2,12,4,6,5,1,1,1,1,4,1,8,1,1,13,5,2,8,4,2,2,3,2,3,3,1,3,1,3,1,- -  -,
2000212974,Cam Hayward,D (C),4.56,8,9,7,14,12,9,6,7,8,7,8,1,12,11,8,6,7,2,5,2,1,4,1,1,2,1,3,1,12,1,1,10,3,1,11,1,4,2,3,1,3,2,3,1,1,2,2,- -  -,
28129876,Jamal Baptiste,D (C),3.37,8,12,12,13,13,12,8,13,8,13,11,8,13,8,5,6,13,7,16,9,14,12,6,6,6,5,13,4,13,8,4,13,10,8,15,15,2,2,2,3,1,2,1,3,2,2,1,- -  -,
29236910,Alfie Wotton,D (C),3.91,4,6,3,5,12,6,5,12,13,7,7,6,9,13,7,4,12,3,15,5,4,4,3,1,2,1,2,2,7,3,2,11,4,2,10,4,2,3,3,3,3,3,3,2,3,1,3,- -  -,
2000216393,Nathan Robinson,D (C),4.42,11,10,13,15,15,12,9,11,7,9,9,5,9,7,13,5,11,1,6,7,4,8,3,3,1,2,8,5,11,5,3,10,7,1,14,6,2,3,4,2,2,1,1,1,1,3,3,- -  -,
28095619,Ronnie Vint,D (C),4.55,5,4,5,12,12,5,9,11,13,8,14,7,10,9,4,4,11,3,12,5,4,9,4,3,5,3,6,4,9,3,6,8,7,5,9,7,3,1,1,3,2,3,3,1,1,3,3,- -  -,
61045057,Ally Gilchrist,D (C),5.67,8,8,7,12,11,8,11,12,13,8,14,5,10,8,12,5,12,6,10,12,5,10,3,3,5,4,7,3,11,3,6,9,7,1,10,7,3,2,1,1,3,1,2,2,3,3,3,- -  -,
2002110133,Craig Barron,D (C),4.62,9,6,12,14,11,8,8,5,12,7,16,6,8,8,12,8,18,5,9,9,4,12,4,3,2,3,6,2,6,4,5,8,7,4,12,10,3,2,4,2,3,3,3,3,1,3,3,- -  -,
2000108241,Jeffrey Forkuo,D (C),1.27,5,7,5,11,9,9,9,6,7,7,7,4,13,13,4,5,8,3,12,4,1,4,1,1,1,1,4,1,11,3,1,12,4,3,12,1,3,1,2,1,1,3,1,3,3,1,3,- -  -,
2002083050,Mbaye Thiam,D/AM (C),4.37,16,13,11,15,15,13,13,12,11,13,10,11,9,11,15,8,8,9,13,12,11,13,3,5,10,5,13,6,12,7,4,7,10,5,8,15,3,2,2,3,1,1,3,2,3,2,1,- -  -,
2002081109,Nash Wilberforce,D/M (C),3.74,6,4,9,16,10,4,11,9,13,8,8,3,10,5,10,6,6,3,9,7,3,11,3,2,1,3,6,3,7,4,1,9,6,2,7,3,2,1,2,1,2,2,3,3,1,3,2,- -  -,
2000186754,Tom Cox,D (C),3.92,4,7,5,10,10,9,10,6,7,6,6,3,11,10,9,5,6,1,11,1,2,2,1,1,1,1,3,1,6,1,2,11,2,1,10,1,3,3,2,4,3,1,3,2,3,3,1,- -  -,
2000203670,Ben Myers,D (C),0.23,10,9,8,15,11,9,12,12,9,4,5,9,6,5,14,5,11,4,10,7,4,8,1,1,2,1,7,1,8,3,3,8,5,1,12,6,2,1,1,2,3,3,1,3,1,1,1,- -  -,
2000216396,Matthew Senior,D (C),4.14,10,10,10,13,13,9,12,10,6,9,9,9,8,11,9,6,10,6,16,8,5,9,3,1,1,3,7,6,10,4,3,11,7,3,14,7,3,2,1,3,3,1,2,3,2,4,2,- -  -,
2000178399,Sean Hogan,D (C),2.72,7,7,5,11,13,10,7,11,10,9,7,1,9,10,6,5,3,1,12,3,2,4,2,1,1,2,3,1,12,1,3,8,4,1,12,1,1,1,2,2,1,3,2,2,3,1,2,- -  -,
43072400,Kastriot Dermaku,D (C),0.67,9,9,11,17,14,8,12,13,12,14,13,12,13,13,13,5,10,3,13,11,7,12,7,6,5,6,8,5,15,7,4,13,10,6,13,8,2,2,4,1,1,1,1,1,2,2,1,- -  -,
2000140629,Archie Sheppard,D (C),4.55,12,13,6,8,13,12,5,8,13,4,4,4,12,11,8,5,6,1,7,4,1,6,1,1,1,1,4,1,7,1,1,14,4,1,11,1,1,2,1,3,2,1,2,1,2,3,3,- -  -,
28017165,Ben Gerring,D (C),3.85,4,4,3,14,10,3,3,10,14,7,13,3,9,5,12,2,13,3,11,8,2,5,1,2,2,2,7,1,14,1,1,10,5,1,11,4,3,3,1,3,2,1,2,2,2,2,3,- -  -,
2002100069,Alexandre José,D/M (C),3.70,12,9,16,11,10,11,14,10,10,11,7,7,12,15,11,5,11,7,9,6,8,6,8,2,6,4,9,10,9,7,5,10,8,10,9,12,2,3,1,2,1,4,1,3,3,3,2,- -  -,
29179542,Ciaren Jones,D (C),4.57,10,7,9,13,11,9,10,13,9,8,10,8,8,8,14,3,11,4,11,10,7,8,2,1,3,3,6,2,12,3,4,11,8,4,11,7,2,2,3,2,1,1,2,2,3,1,3,- -  -,
2002096045,Andre Hudson,D (C),2.64,7,7,6,12,15,8,9,7,8,9,13,7,9,6,12,6,4,4,9,16,2,11,4,4,5,3,5,4,6,4,6,10,7,4,8,6,1,3,3,2,3,2,1,2,3,1,2,- -  -,
2000037282,Jamie Egan,D (C),3.92,11,10,10,13,13,9,12,10,11,11,6,9,10,11,14,6,12,7,9,8,10,8,3,1,5,7,5,1,11,1,4,9,10,5,8,9,2,2,3,3,3,3,2,3,3,2,1,- -  -,
2000186064,Sam Parker,D/M (C),3.68,12,12,8,10,12,12,12,11,13,9,9,5,11,11,17,5,4,2,5,4,2,6,2,1,1,1,2,1,9,1,1,12,6,4,12,3,2,1,1,3,3,3,3,1,3,3,1,- -  -,
2002082994,Graeme Gebbie,D (C),2.65,9,7,13,13,13,7,12,13,15,10,14,7,12,10,6,6,10,5,11,9,5,12,5,3,4,3,6,3,7,3,4,9,9,3,10,7,1,2,2,2,3,2,2,2,2,2,1,- -  -,
2002084011,Colin Byrne,"D (C), WB (R), M (C)",2.48,5,6,4,12,7,6,7,5,8,4,7,4,6,4,5,4,10,4,7,10,3,4,7,4,7,4,6,12,7,4,4,7,5,4,13,5,3,1,3,1,1,3,2,2,3,1,3,- -  -,
2002109766,Sebastian Inserra,D (C),0.00,8,10,15,12,14,9,6,6,8,8,6,8,9,9,12,4,14,5,8,8,9,6,6,4,5,4,8,4,5,3,5,8,7,4,13,12,2,4,2,1,2,3,2,1,3,1,2,- -  -,
2000133050,Elliot Owen,D (C),3.33,4,3,8,15,15,4,11,13,14,8,9,4,10,6,15,6,7,4,11,6,7,7,2,1,1,2,8,2,10,4,5,10,7,5,12,8,3,2,2,3,2,3,3,1,1,3,1,- -  -,
35153865,Ryan Austin,D (C),1.78,11,9,3,13,7,10,6,5,6,11,8,3,7,13,5,5,4,2,13,4,3,4,1,1,1,1,2,2,6,1,1,12,3,2,10,2,3,4,1,3,2,3,2,3,1,1,1,- -  -,
90011059,Luke Shiels,D (C),4.05,4,4,8,16,4,4,2,6,9,10,10,6,8,8,11,3,14,4,10,14,5,7,3,3,1,3,4,4,10,4,5,9,4,3,8,3,1,3,2,2,3,3,3,2,3,2,3,- -  -,
2000167212,Frankie Edwards,D (C),4.12,12,9,10,15,13,13,14,14,8,13,9,11,13,8,9,6,15,3,14,9,10,9,5,1,8,1,9,6,13,1,5,11,10,3,11,9,2,1,3,1,3,2,4,4,1,2,3,- -  -,Wnt
2002103312,Javier,D/M (C),4.62,11,10,11,12,14,10,14,12,14,13,15,12,12,9,15,6,13,7,10,6,5,12,8,4,6,6,10,10,11,6,6,10,9,7,12,12,2,3,3,1,3,3,1,4,1,3,3,- -  -,
42039266,Dudi Tiram,D (C),0.00,8,8,10,12,15,7,12,9,11,11,11,7,10,11,13,5,15,2,12,12,5,13,4,4,6,1,10,6,13,7,9,10,8,2,10,8,1,3,1,2,2,2,4,1,2,1,4,- -  -,
2000140694,Jaden Brown,D (C),3.95,12,10,7,4,17,11,10,10,15,7,7,1,3,10,16,5,6,2,13,3,3,4,3,1,1,1,4,1,12,1,1,13,5,1,9,3,2,3,3,3,1,2,1,3,1,2,3,- -  -,
,,,,,,,,,,,,,,,,,,,,,,,,,,,,,,,,,,,,,,,,,,,,,,,,,,,,
