UID,Name,Position,Gls,Acc,Agi,Bal,Jum,Nat,Pac,Sta,Str,Agg,Ant,Bra,Cmp,Cnt,Dec,Det,Fla,Ldr,OtB,Pos,Tea,Vis,Wor,Cor,Cro,Dri,Fin,Fir,Fre,Hea,Lon,L Th,Mar,Pas,Pen,Tck,Tec,Aer,Cmd,Com,Ecc,Han,Kic,1v1,Pun,Ref,TRO,Thr,Amb,Cons,Cont,Dirt,Imp M,Inj Pr,Prof,Spor,Vers,Temp,Rec,Inf
2000230067,Zacharie Yene,ST (C),5,5,10,3,11,13,6,11,7,7,9,7,12,7,12,9,7,11,15,6,7,8,8,7,7,11,15,11,6,13,3,1,7,7,5,1,8,2,3,1,4,3,3,3,3,2,1,3,11,11,1,5,12,6,11,8,9,17,- -  -,
2000230041,Dodi Ndo,ST (C),6,13,13,3,6,13,13,8,8,9,12,1,5,3,8,4,10,8,12,3,6,3,7,3,7,13,13,11,5,13,6,1,3,6,4,3,10,3,1,3,2,1,3,2,2,1,1,3,10,19,4,7,11,5,10,9,12,11,- -  -,
2000226074,Omar El Hanoudi,ST (C),8,13,11,7,13,10,13,12,8,10,12,8,10,5,12,14,11,3,10,5,6,5,7,6,6,13,13,10,6,13,5,1,5,7,4,3,9,1,2,1,3,3,1,3,2,3,3,2,10,18,6,5,4,5,11,2,10,14,- -  -,
2000223390,Wondimagegn Kira,ST (C),3,12,10,5,4,6,12,7,11,13,10,4,8,5,10,8,11,8,13,6,4,5,4,4,6,9,12,12,5,10,3,1,2,4,1,1,10,1,3,3,1,2,2,4,3,3,1,4,11,9,5,11,5,8,11,13,11,15,- -  -,
2000222445,Simon Oketch,ST (C),8,11,13,7,11,12,12,6,6,7,13,5,8,7,11,9,8,11,12,7,6,6,7,6,4,13,14,13,6,11,7,3,5,7,5,2,8,1,1,1,1,4,2,2,1,4,2,2,13,11,7,6,11,5,10,12,11,16,- -  -,
2000219679,Anteneh Teferra,ST (C),5,13,13,7,8,8,13,12,6,13,10,5,8,7,12,10,11,14,13,2,6,6,7,6,2,9,13,9,6,13,7,4,6,7,3,4,11,1,1,3,3,3,3,2,1,2,4,1,13,12,3,15,14,6,11,12,10,17,- -  -,Inj
2000219193,Luizinho,ST (C),11,14,12,4,3,11,13,10,1,5,7,1,9,6,5,10,10,10,14,7,6,3,7,6,6,14,10,13,6,14,7,1,6,7,3,1,10,2,2,1,1,3,3,3,1,3,3,3,11,12,6,6,4,10,12,10,10,16,- -  -,Ctr
2000211683,Dani Salas,ST (C),15,14,12,8,11,13,12,7,8,13,8,7,6,8,10,18,11,10,13,7,7,8,8,3,4,14,14,13,6,14,5,4,7,8,4,3,8,1,1,1,2,2,2,3,2,1,3,2,12,11,2,5,10,15,12,10,10,11,- -  -,
2000208341,Boualem Sryer,ST (C),14,14,7,7,10,6,9,8,9,5,12,6,8,8,11,12,11,9,11,3,7,8,7,7,3,14,13,11,7,13,8,2,6,5,6,2,11,1,2,1,3,2,1,2,2,1,1,3,12,11,1,8,11,8,10,4,13,10,- -  -,
2000206794,Marco Di Marzio,ST (C),3,10,5,3,8,16,8,5,3,5,6,4,9,1,10,15,7,7,6,3,3,3,3,2,2,9,13,10,2,12,2,1,2,4,4,1,7,1,3,1,3,4,3,3,2,1,2,2,11,8,8,13,1,6,10,8,9,7,- -  -,
2000205366,Yoann Beaka,ST (C),4,11,10,9,9,12,11,10,11,9,11,10,10,9,10,10,10,8,11,10,9,10,9,7,9,10,12,10,8,9,9,5,5,9,10,6,9,1,2,3,3,2,1,2,1,3,1,2,12,9,9,9,9,9,10,9,9,11,- -  -,
2000204770,Chidera Michael Okoh,ST (C),6,13,10,6,11,15,13,6,5,5,12,4,7,5,8,15,6,7,9,5,5,5,6,5,2,11,13,11,5,12,4,1,4,3,3,4,6,1,1,1,2,3,1,3,3,1,2,3,9,14,4,9,17,10,9,11,10,11,- -  -,
2000203088,Ike Nzuruba,ST (C),5,7,8,3,11,14,7,12,13,11,8,6,11,4,4,7,10,8,9,5,5,6,7,5,2,9,10,13,5,9,3,1,5,6,1,2,8,2,3,3,3,1,1,1,3,1,2,2,14,10,6,5,10,8,10,10,9,13,- -  -,
2000202044,Sadat Anaku,ST (C),8,13,13,12,7,15,13,11,12,12,11,6,11,4,9,2,13,14,10,5,8,7,12,8,7,13,14,11,8,14,9,6,8,7,9,6,12,3,3,2,3,2,3,2,1,1,1,3,11,13,2,7,11,12,13,13,14,19,- -  -,
2000201008,Mohamed Younes Cherifi,ST (C),7,12,12,3,13,8,13,7,6,11,12,3,10,6,11,8,12,9,13,8,6,7,6,5,4,13,12,7,6,12,5,1,5,7,4,2,10,2,1,4,2,3,1,2,3,2,2,3,10,13,3,5,9,11,14,13,9,17,- -  -,
2000194321,Ali Rasheed,ST (C),5,13,13,7,7,14,13,9,6,9,11,5,10,7,7,11,6,10,7,7,6,5,7,6,2,13,10,10,5,11,6,2,6,7,5,1,6,2,3,2,1,4,3,2,3,2,1,2,12,10,6,5,13,9,11,12,12,20,- -  -,
2000188373,Dani Fernández,ST (C),2,12,13,7,11,6,13,11,10,5,5,2,7,8,9,2,8,7,9,6,6,6,7,4,2,8,13,13,5,12,8,5,4,6,7,1,8,3,2,2,3,1,2,2,2,3,1,1,12,9,5,11,2,12,11,11,11,10,- -  -,
2000186423,Abdullah Al-Araibi,ST (C),5,13,13,7,9,13,13,12,4,5,10,8,8,7,11,16,8,6,11,6,6,6,7,6,6,10,13,10,5,13,6,3,2,7,8,6,8,1,2,2,2,1,2,1,1,1,3,3,10,6,6,10,1,6,11,13,11,14,- -  -,
2000185845,Nicola Sartini,ST (C),7,11,11,3,9,6,11,7,4,8,8,2,4,3,7,8,9,1,7,3,2,3,3,1,1,10,11,8,2,11,1,1,1,3,1,1,7,3,2,1,1,1,2,3,3,1,2,2,11,18,3,13,12,6,11,12,12,18,- -  -,
2000184608,Mohsen Alafi,ST (C),12,13,11,6,10,13,13,13,9,6,11,3,11,8,9,12,8,3,14,7,6,8,7,1,6,12,14,9,5,15,7,6,6,6,5,1,8,1,2,3,2,3,2,1,1,1,2,2,10,9,1,8,11,10,12,12,8,19,- -  -,
2000184415,Yahya Al-Najjai,ST (C),9,11,11,4,11,8,12,9,7,7,13,6,9,7,8,5,9,12,14,9,8,9,9,8,4,15,10,14,8,14,5,7,7,8,5,3,9,3,1,2,3,3,2,2,1,1,2,3,13,15,4,5,1,5,12,11,11,13,- -  -,
2000179518,Akinade Moses,ST (C),9,13,13,8,8,9,13,7,5,10,10,8,7,6,10,3,9,13,14,7,6,7,7,3,2,11,13,12,6,14,7,1,6,6,4,1,9,2,2,2,2,3,3,3,3,4,1,2,12,12,7,12,10,7,11,13,10,14,- -  -,
2000179152,Raed Dahla,ST (C),4,12,12,7,10,14,12,12,12,8,8,8,5,7,10,11,9,7,11,5,5,6,7,6,5,10,13,5,5,13,6,3,4,6,1,3,8,2,3,4,1,1,2,2,1,2,3,3,12,11,2,9,13,7,9,11,11,16,- -  -,
2000178996,Stevenson Jeudi,ST (C),5,14,10,4,14,12,10,13,8,15,10,8,10,5,11,5,13,6,13,4,7,4,8,7,7,13,10,13,7,10,6,2,5,4,4,2,11,3,3,1,4,3,3,1,2,3,3,3,10,16,6,14,15,8,13,11,11,11,- -  -,Inj
2000174724,Tebarek Hefamo,ST (C),4,13,13,7,9,15,11,6,6,5,11,3,7,6,9,4,9,6,8,7,6,7,7,6,6,13,13,13,4,13,7,1,5,7,3,1,9,1,3,3,3,1,1,1,3,3,1,3,10,15,7,9,14,10,9,10,10,10,- -  -,
2000171540,Firas Jumaa,ST (C),7,13,13,7,4,12,13,5,7,11,6,7,11,7,13,10,13,14,10,5,6,7,7,6,4,13,13,9,6,13,5,5,6,7,3,1,11,3,1,3,2,1,1,3,3,1,2,1,10,11,8,6,1,10,12,6,13,12,- -  -,
2000168336,Daniel Lukić,ST (C),17,14,12,4,11,15,14,11,8,7,11,7,9,5,12,11,11,1,14,8,7,9,8,3,5,14,14,14,6,14,7,1,4,6,6,2,11,2,1,1,1,1,2,3,2,2,2,2,13,14,3,13,12,10,11,11,11,13,- -  -,
2000167434,Salomon Omseb,ST (C),5,13,13,6,7,13,13,12,5,9,11,4,9,6,6,9,6,13,13,5,5,5,7,5,4,9,13,10,3,10,5,1,4,4,3,1,6,1,2,3,2,3,1,1,3,3,3,2,12,17,3,15,5,9,10,9,13,20,- -  -,
2000166446,Joseph Pyele Jr,ST (C),2,13,14,7,7,14,13,6,6,12,13,8,5,8,9,17,13,9,13,7,6,7,7,3,6,8,13,13,6,13,4,2,5,2,1,1,9,2,1,1,1,4,2,2,3,4,1,4,10,12,1,12,2,11,13,12,11,14,- -  -,
2000166430,Dominique Ndayishimiye,ST (C),13,13,13,7,5,12,13,6,10,8,6,7,9,6,9,8,8,11,14,5,6,7,7,6,4,8,11,13,6,13,6,2,5,7,1,1,9,3,2,2,2,1,3,1,1,1,2,3,13,12,2,9,15,7,12,13,11,19,- -  -,
2000164591,Christian Mba,ST (C),11,12,10,7,12,11,9,5,11,7,10,6,7,7,12,4,11,12,12,7,5,6,7,5,2,10,13,11,6,12,6,3,6,6,2,3,11,3,1,4,4,3,2,3,1,3,2,1,10,19,1,11,5,13,13,13,11,20,- -  -,
2000160504,Promise Orji,ST (C),3,14,12,8,10,18,13,5,8,14,11,8,12,3,13,5,12,6,13,8,6,6,7,7,2,10,13,13,6,10,7,1,6,8,10,6,12,1,2,2,1,3,3,1,2,2,1,2,11,9,4,6,3,8,13,12,9,20,- -  -,
2000153846,Olarewaju Rahman,ST (C),14,14,11,5,13,7,13,8,10,12,12,9,8,9,8,13,13,11,14,9,7,9,9,8,6,12,14,10,8,13,5,4,7,9,4,4,10,3,1,2,2,3,4,2,1,1,3,3,9,19,5,8,5,10,12,11,15,19,- -  -,
2000148668,Ariel Herrero,ST (C),1,10,14,15,9,14,14,8,8,15,9,7,10,9,14,6,8,10,10,8,8,7,13,8,4,10,10,15,8,10,7,1,6,9,3,3,10,1,1,2,2,2,1,2,3,2,1,1,9,16,2,6,9,7,11,11,13,14,- -  -,
2000148534,Mario Fuente,ST (C),5,14,15,15,8,14,14,9,5,9,9,5,11,4,10,16,14,6,10,7,8,8,13,8,6,9,15,14,7,10,6,2,6,11,7,6,9,2,3,3,1,1,1,1,2,1,1,3,11,8,7,6,11,9,12,11,11,17,- -  -,
2000147405,Mostafa Fawzy,ST (C),11,10,10,8,12,11,10,5,7,15,15,12,6,9,15,14,8,9,11,5,8,9,9,8,7,10,10,11,8,15,9,8,8,9,5,4,10,2,4,1,1,2,3,1,2,1,1,1,10,10,8,7,7,6,11,6,13,16,- -  -,
2000145345,Cornelius Juma,ST (C),9,13,12,7,7,6,13,7,12,13,8,5,12,7,7,3,14,4,13,6,6,3,7,6,3,12,13,12,6,12,7,1,5,7,8,1,8,2,2,1,2,3,1,2,2,2,1,1,12,10,8,8,9,6,11,10,14,11,- -  -,
2000144609,Naim Hamdi,ST (C),7,14,13,7,8,8,12,13,9,13,12,4,6,8,9,12,9,10,14,5,6,8,8,6,3,8,14,10,6,11,7,7,5,5,3,2,9,1,3,2,1,1,1,1,2,2,2,3,8,12,1,8,14,5,12,12,11,19,- -  -,
2000142678,Hussein Al-Shehri,ST (C),6,12,9,7,3,12,10,13,9,13,13,8,10,7,11,8,14,12,13,6,6,3,7,2,3,9,13,13,5,10,5,1,5,7,4,3,13,1,1,3,2,3,3,1,1,1,2,2,14,9,2,6,2,11,10,11,9,13,- -  -,
2000142481,Mohammed Blash,ST (C),4,12,9,7,8,14,10,6,7,5,9,6,8,4,12,16,10,5,13,5,6,6,7,6,6,13,13,13,6,13,7,1,6,7,7,1,10,4,3,3,2,1,1,1,2,1,3,1,11,18,3,11,11,12,13,4,13,11,- -  -,
2000141857,Mohamed Askri,ST (C),4,13,13,8,12,15,12,4,7,12,8,2,12,5,9,13,11,6,11,5,6,6,7,6,6,12,13,9,6,13,7,3,3,7,4,1,11,2,3,3,3,3,2,2,2,3,3,4,9,11,5,14,8,12,12,9,12,17,- -  -,
2000140540,Ibrahim Joshua,ST (C),5,13,13,8,3,15,13,12,4,5,13,6,9,7,11,9,13,10,13,7,7,7,12,6,3,13,13,13,6,8,7,1,3,7,8,1,13,3,3,2,3,4,2,1,2,1,3,1,13,13,4,6,9,6,11,12,11,20,- -  -,
2000137711,Ricky Banda,ST (C),14,13,12,5,12,13,12,7,13,9,11,8,7,7,13,17,13,8,13,8,6,9,8,7,3,11,14,14,7,12,10,2,6,8,3,1,13,1,1,1,2,3,1,3,2,1,3,4,12,11,8,5,8,11,10,12,10,19,- -  -,
2000131705,Abdelrahman Atef,ST (C),2,13,9,8,13,8,11,7,6,12,9,3,13,3,11,7,13,7,13,7,6,2,7,3,4,12,13,13,6,10,6,5,6,4,10,3,13,4,3,2,1,3,1,3,4,3,3,3,9,10,6,7,13,9,8,8,9,10,- -  -,
2000126747,Romaric Etonde,ST (C),10,15,12,5,4,10,14,6,7,12,12,8,10,5,11,6,13,6,10,5,5,6,4,4,3,12,13,12,3,8,5,2,3,5,6,1,13,1,3,2,3,1,3,1,1,1,1,1,11,14,7,11,7,10,12,9,7,10,- -  -,Yth
2000126546,Avelino Sánchez,ST (C),3,11,9,4,9,17,9,7,7,12,11,6,9,3,10,16,9,11,14,6,7,7,8,3,3,14,14,11,7,12,8,5,4,4,8,2,11,3,3,2,1,2,3,3,3,3,3,2,11,12,6,15,2,9,10,10,11,17,- -  -,
2000126406,Clarence Kegongo,ST (C),8,13,11,8,11,16,11,8,8,10,12,3,6,7,8,13,12,10,13,5,6,5,5,6,3,13,13,14,7,13,7,5,3,6,2,1,12,1,1,2,1,2,2,3,2,3,1,2,10,8,2,5,12,15,10,11,8,17,- -  -,Loa
2000125177,Enzo Pinochi,ST (C),3,12,12,5,6,15,12,11,9,10,8,6,9,6,8,9,9,14,12,6,5,5,6,5,5,12,12,11,5,10,5,2,3,6,3,5,9,3,1,1,2,1,3,3,2,1,3,1,10,14,7,10,15,7,11,11,12,15,- -  -,Lst
2000123103,Luis Herminio Pérez,ST (C),1,13,13,7,11,15,13,12,5,10,7,6,12,7,11,8,8,13,12,7,6,7,7,6,6,11,13,9,3,13,3,4,5,7,4,1,8,3,1,1,2,2,2,1,3,1,2,3,10,9,5,11,3,12,11,2,10,15,- -  -,
2000120115,Babacar N'Diaye,ST (C),14,13,13,7,10,13,13,7,11,14,9,8,10,7,11,8,12,13,13,7,6,6,7,6,3,11,11,11,3,13,7,5,6,7,5,2,7,1,2,3,4,2,2,2,3,3,2,1,10,20,8,12,5,5,11,11,12,12,- -  -,
2000120063,Scott Williamson,ST (C),2,9,9,11,12,12,10,10,12,9,12,13,11,10,10,7,12,7,12,10,13,12,14,11,10,11,12,12,11,9,12,6,9,10,10,9,11,1,1,1,1,4,3,1,1,2,1,1,13,12,6,8,10,5,13,11,11,19,- -  -,
2000118807,Oufa,ST (C),3,13,13,8,7,16,13,13,13,15,9,6,9,8,8,11,11,9,13,8,7,6,8,7,8,13,12,13,7,13,6,1,7,4,8,5,11,1,1,3,3,2,1,2,1,3,2,2,10,14,1,9,8,14,11,3,11,11,- -  -,
2000118304,Luizão,ST (C),6,12,12,11,12,12,12,10,12,12,12,13,12,10,11,8,8,2,12,7,11,11,12,6,8,10,12,10,9,12,10,7,6,10,9,7,11,3,1,2,1,2,4,2,1,3,1,2,13,11,8,12,8,7,11,12,11,11,- -  -,Loa
2000117268,Djibril Mbow,ST (C),6,13,13,13,11,12,13,12,9,5,10,9,7,8,10,7,12,14,13,8,7,5,12,1,6,9,13,13,5,9,8,2,7,11,5,3,12,1,2,2,3,2,4,2,2,3,1,3,12,12,2,6,13,10,11,11,11,20,- -  -,
2000111199,Ivan Cabrel,ST (C),4,12,9,2,9,16,10,6,6,6,11,4,8,5,12,6,11,1,13,5,4,5,1,2,4,13,13,12,2,13,5,1,4,6,3,1,10,1,4,2,4,1,2,3,1,3,3,2,11,20,4,13,5,10,12,11,10,20,- -  -,
2000108591,Nécime Bounouar,ST (C),5,13,12,6,3,9,12,12,10,6,13,8,8,7,10,17,11,12,10,7,6,7,8,6,2,12,13,13,3,11,7,1,4,7,5,1,12,2,2,1,1,2,1,2,1,1,3,1,10,13,2,6,16,13,9,9,14,12,- -  -,
2000106494,Kais Fdhil,ST (C),7,14,14,8,3,12,14,8,6,9,11,7,12,5,15,17,13,11,13,7,7,7,9,6,5,14,14,14,6,13,7,6,5,7,5,5,12,1,1,1,2,3,1,1,4,3,3,1,12,13,6,11,4,9,12,4,12,11,- -  -,
2000099455,Tolu Oluwole,ST (C),8,14,12,8,11,11,14,6,7,14,10,6,8,8,10,16,14,12,14,8,7,4,8,7,5,9,14,14,7,14,8,1,6,6,5,2,9,1,3,3,2,3,3,3,2,3,4,2,11,12,4,8,14,7,10,10,10,15,- -  -,
2000098388,Basiru Musa,ST (C),3,13,10,8,7,13,12,6,5,15,8,8,11,9,12,11,12,14,8,5,7,7,8,3,6,12,13,13,5,10,7,5,5,7,3,6,12,2,1,3,2,1,1,2,2,1,3,1,13,8,8,7,10,5,13,9,8,18,- -  -,
2000097398,Roche Foning Tazon,ST (C),18,14,10,14,10,15,14,7,4,7,12,2,9,3,13,4,9,12,11,7,7,7,12,7,3,14,12,13,7,9,8,2,5,6,4,5,10,3,3,1,1,2,4,2,1,3,1,2,10,9,8,15,3,9,11,12,11,17,- -  -,
2000088334,Allen Mabuza,ST (C),17,12,12,5,9,12,12,8,8,5,12,3,9,6,9,6,11,11,11,6,5,5,6,5,5,12,12,11,1,7,6,1,5,6,2,2,7,1,1,2,3,4,3,1,2,3,3,2,13,17,4,13,6,11,12,12,10,13,- -  -,
2000084848,Benjamin Okoronkwo,ST (C),15,13,13,7,5,6,13,5,6,15,8,7,14,6,11,8,9,11,13,7,6,7,7,2,4,12,14,11,2,13,3,3,5,7,9,1,10,3,3,3,2,1,2,1,3,3,1,2,8,19,5,5,5,11,13,11,13,17,- -  -,
2000083855,Mustafa Hassan,ST (C),3,13,13,3,3,14,13,13,11,10,10,7,9,7,13,14,7,14,9,7,6,7,8,5,2,9,12,12,6,13,5,1,6,6,4,1,8,3,4,2,2,3,1,1,3,4,1,2,14,10,8,9,5,8,12,12,9,13,- -  -,
2000082104,Mohamed Boutouala,ST (C),8,13,12,8,3,11,12,11,5,9,12,4,8,6,12,12,11,13,12,6,5,7,7,6,4,12,13,13,5,13,6,1,3,5,7,1,10,3,1,3,1,1,3,4,1,2,3,1,11,13,1,7,11,8,11,8,12,18,- -  -,
2000081515,Ahmed Nadhir Benbouali,ST (C),3,12,11,13,14,10,13,12,11,11,12,13,12,11,13,3,11,13,14,10,10,12,11,6,7,11,12,12,10,12,10,1,10,11,10,6,12,2,1,1,1,3,1,1,3,3,2,3,15,12,3,13,1,5,10,3,14,17,- -  -,
2000081076,Hendrik Mittelstädt,ST (C),8,14,14,4,9,11,14,5,6,5,14,3,12,7,10,13,10,12,13,8,7,6,8,6,3,14,12,14,5,11,8,5,7,6,7,2,11,1,3,2,2,3,1,4,2,1,2,1,10,12,7,12,11,5,9,10,11,15,- -  -,Ask
2000078020,Mohammad Jamal,ST (C),6,8,12,7,5,6,9,8,7,7,13,4,11,8,12,17,15,10,14,8,5,8,8,7,2,11,14,11,7,11,5,1,5,6,7,3,12,1,2,1,3,2,2,1,1,3,1,1,13,20,4,10,2,10,10,13,9,14,- -  -,Inj
2000076490,Abdoulkader Djibo,ST (C),10,12,9,6,2,13,11,10,7,7,10,1,12,5,12,11,10,12,11,6,5,4,6,5,4,11,12,12,5,12,6,1,5,4,4,1,9,4,3,1,3,1,3,2,3,2,3,3,12,16,1,12,8,9,9,11,12,13,- -  -,
2000074825,Youssoufa Moukoko,ST (C),1,16,16,13,8,15,16,12,12,13,12,11,15,11,9,13,16,6,10,7,10,10,13,11,8,16,17,14,11,6,11,10,6,11,8,5,17,1,1,1,2,4,2,3,1,1,3,1,18,8,4,11,15,12,16,15,12,13,- -  -,
2000074309,Bacounta Sarr,ST (C),6,13,13,7,5,15,13,8,7,8,11,5,9,7,8,10,13,4,12,7,6,7,7,6,4,13,13,9,6,12,5,1,6,7,7,5,8,2,3,1,2,3,1,1,3,2,2,2,9,10,5,10,10,10,8,13,13,10,- -  -,
2000073244,Simon Mulenga,ST (C),8,13,13,7,10,12,13,6,8,13,11,8,11,7,10,15,13,10,13,7,6,5,7,6,2,12,13,13,6,13,7,1,6,7,4,4,13,2,1,2,1,3,3,1,2,2,4,2,11,10,5,11,7,6,12,12,9,12,- -  -,
2000071444,Phil Harres,ST (C),17,14,11,8,15,10,13,10,8,5,11,4,9,8,12,15,12,7,14,4,7,8,8,4,6,13,13,13,7,13,9,1,4,9,5,4,12,2,1,2,1,4,3,1,1,1,3,1,10,13,8,9,15,11,12,11,13,10,- -  -,
2000068266,Omar Bassam,ST (C),8,6,9,15,12,12,7,9,12,15,12,9,9,8,14,8,12,6,10,9,8,5,9,8,5,10,10,14,8,15,7,4,6,9,6,2,9,2,3,3,2,1,1,1,3,2,3,2,12,10,6,6,11,6,12,8,12,13,- -  -,
2000064906,Adriano,ST (C),6,11,12,10,8,11,11,12,10,11,12,13,11,9,10,12,7,8,12,6,11,10,11,6,8,10,11,10,9,10,10,7,6,10,9,7,10,1,4,3,1,3,1,1,3,2,3,3,11,13,6,14,9,6,12,7,12,11,- -  -,
2000064572,Sultan Adil,ST (C),2,13,13,8,6,17,13,9,7,12,7,4,11,5,6,1,12,5,13,4,6,6,7,5,6,14,13,13,6,13,6,2,4,7,2,1,11,2,1,1,2,2,3,1,3,1,1,2,11,10,3,8,14,11,11,12,8,19,- -  -,Loa
2000062805,Anthony Tamuru,ST (C),2,12,9,1,7,14,9,9,2,9,9,5,5,4,9,5,11,2,11,4,3,1,4,3,1,5,11,11,3,9,1,1,1,4,1,1,6,2,1,2,3,1,3,4,1,2,2,2,10,14,4,15,8,11,9,9,10,14,- -  -,Ama
2000057132,Michou Naror,ST (C),1,11,8,5,1,5,8,7,7,6,5,6,10,5,8,13,8,12,10,5,4,5,5,4,2,5,13,10,3,9,1,1,3,2,4,1,8,4,2,3,3,2,3,4,1,3,3,1,9,10,5,8,1,5,11,12,12,14,- -  -,Ama
2000056905,Slavy,ST (C),8,11,6,15,12,17,8,12,10,15,12,10,11,9,11,18,9,6,7,9,8,10,10,8,9,10,11,15,8,16,11,5,8,10,6,3,12,2,1,1,2,1,1,1,3,3,3,1,10,20,2,10,7,9,11,8,12,17,- -  -,Opt
2000055807,Christian Martínez,ST (C),6,13,13,7,5,15,13,12,6,8,10,8,10,7,10,4,8,9,13,5,6,4,7,6,5,13,13,13,6,13,7,1,5,7,9,3,8,4,3,2,3,2,1,2,1,1,1,1,11,13,6,9,10,5,11,9,13,10,- -  -,
2000053256,Mehdi Çoba,ST (C),4,12,13,6,7,12,12,5,5,6,7,6,10,5,6,16,12,14,12,6,5,5,5,3,4,12,13,12,4,13,5,1,4,6,2,1,10,2,2,1,1,2,2,3,2,3,1,2,10,8,2,6,10,11,9,11,8,19,- -  -,
2000041274,Ardit Tahiri,ST (C),7,11,12,6,13,12,12,9,9,15,11,5,7,6,10,14,9,10,10,1,5,6,6,2,3,12,12,10,4,12,3,1,4,4,3,2,8,1,1,2,1,3,2,2,1,2,3,1,10,9,4,13,5,9,13,8,10,15,- -  -,
2000041190,Cadeem Rogers,ST (C),8,9,8,4,4,7,8,5,6,11,6,4,13,3,5,10,7,10,10,1,3,5,4,3,2,6,10,9,3,10,4,1,1,3,5,1,5,3,3,3,3,2,3,1,1,1,1,3,13,14,1,9,8,9,11,11,7,11,- -  -,Ama
2000039699,Nicolás Siri,ST (C),7,15,12,12,10,10,13,11,11,7,14,12,14,8,13,3,11,7,12,6,9,7,12,9,8,12,12,12,9,12,8,6,8,7,5,5,12,2,3,2,2,2,1,3,3,1,1,1,13,13,2,5,9,13,11,10,11,20,- -  -,
2000037239,Emeka Obioma,ST (C),6,13,14,5,8,17,14,10,6,7,9,1,7,7,11,11,10,4,11,6,7,8,6,7,6,14,14,14,7,14,7,7,7,8,4,3,11,2,1,1,3,3,1,1,3,4,2,2,11,11,4,14,10,9,14,11,12,18,- -  -,Inj
2000036583,Kenry Arsen,ST (C),8,6,8,4,3,15,6,4,1,8,8,3,12,6,12,13,11,4,15,5,6,3,7,4,2,14,14,13,6,11,7,1,6,7,6,6,9,2,4,1,2,3,1,4,2,2,3,2,10,9,4,5,7,5,13,10,8,16,- -  -,
2000032013,Adama Diakité,ST (C),3,13,12,6,10,10,12,7,4,5,9,5,8,3,13,6,15,6,12,5,6,6,7,6,3,10,14,10,3,13,5,2,5,5,7,2,9,2,3,3,3,2,2,2,3,2,1,3,8,12,5,8,7,12,10,13,11,19,- -  -,
2000027769,Maru Tearaitoa,ST (C),3,8,9,3,4,10,10,7,3,6,5,5,7,3,5,16,5,10,12,1,2,1,3,2,1,10,12,8,1,10,3,1,1,3,3,1,3,1,1,2,1,2,1,2,2,1,1,3,10,7,8,9,10,11,12,10,6,10,- -  -,Ama
2000026687,Mohamed Touré,ST (C),2,13,10,8,8,17,8,8,7,9,9,4,12,3,9,7,10,5,11,6,6,8,8,6,3,12,13,13,7,12,7,2,5,6,5,3,10,2,1,1,3,2,2,1,1,1,2,2,13,9,4,5,14,9,11,9,10,12,- -  -,
2000018923,Geiner Castillo,ST (C),4,13,8,2,5,13,10,6,6,13,9,3,7,5,8,6,13,1,13,6,4,1,5,4,1,9,7,11,4,10,5,1,4,5,1,2,9,2,3,3,2,4,1,1,2,1,3,1,9,8,3,9,8,10,9,7,10,14,- -  -,
2000018702,Srđan Hrstić,ST (C),10,11,11,12,12,8,11,11,11,8,12,10,13,12,13,13,13,10,13,9,10,11,12,10,9,12,12,14,8,12,11,3,9,9,5,4,13,1,2,2,1,4,1,2,2,1,3,3,11,14,6,12,13,11,11,12,9,11,- -  -,
2000007465,Wilinton Aponza,ST (C),9,12,11,11,14,13,12,15,13,13,11,9,12,10,10,8,6,6,15,10,13,10,12,7,9,8,13,12,8,15,12,4,6,10,9,10,9,2,1,3,1,3,2,1,1,2,3,1,10,11,5,4,11,4,10,11,7,11,- -  -,Inj
96032774,Łukasz Zwoliński,ST (C),9,11,12,15,13,16,11,14,16,7,14,12,12,11,13,10,12,13,14,9,13,8,14,5,7,9,13,12,5,13,9,6,8,9,5,5,9,2,4,1,3,1,1,1,3,3,1,3,10,10,5,8,7,10,12,11,9,13,- -  -,
95072510,Michael Omosanya,ST (C),5,13,12,8,10,15,12,6,7,6,10,7,8,8,7,5,14,3,14,8,7,8,8,7,3,14,15,13,7,12,6,5,6,8,4,5,10,4,3,3,1,3,2,1,3,1,2,3,12,20,3,8,7,15,10,9,13,17,- -  -,
95063326,Benjamin Runser,ST (C),11,14,13,8,9,6,14,14,9,6,10,8,8,8,8,4,11,11,12,8,7,8,9,4,4,10,14,11,1,8,8,4,6,3,4,3,12,2,3,1,1,4,3,3,3,1,2,3,12,11,3,6,14,8,10,12,12,16,- -  -,
95057955,Jean-Claude Kameni Ngamalieu,ST (C),11,12,11,4,9,14,12,11,9,12,8,6,10,5,9,17,13,9,12,6,5,6,6,5,2,12,12,9,3,12,6,2,5,6,8,3,12,3,1,2,2,3,3,1,1,1,1,1,12,19,6,8,10,8,12,12,10,14,- -  -,
93060362,Gustaf Nilsson,ST (C),6,11,8,13,17,14,12,13,12,8,12,12,11,11,13,12,8,6,12,8,12,11,12,7,8,11,14,12,7,13,9,6,7,9,12,7,12,3,3,1,3,1,2,4,3,4,3,2,12,13,2,5,11,8,12,12,6,12,- -  -,
91208716,Mateusz Lewandowski,ST (C),3,14,13,14,14,14,14,8,4,8,11,9,10,9,13,18,13,11,12,7,8,9,12,7,5,10,14,10,5,8,9,7,7,10,9,1,12,3,3,2,1,2,3,3,2,1,2,1,10,10,6,11,14,10,10,11,11,12,- -  -,
91137346,Benjamin Girth,ST (C),3,9,12,14,12,10,10,11,13,12,14,15,13,12,10,16,11,10,13,7,11,8,13,6,7,9,14,12,8,14,10,4,6,9,11,6,10,1,1,1,3,3,2,1,3,3,2,1,15,15,6,5,14,4,10,12,6,14,- -  -,
91018515,Terrence Boyd,ST (C),7,12,10,15,15,13,13,12,15,15,13,17,10,12,10,12,9,7,10,8,12,8,15,6,7,8,12,9,7,16,8,5,6,8,12,6,10,2,1,1,2,1,3,1,2,2,2,2,17,13,13,9,13,13,10,16,7,8,- -  -,
91014209,Marco Königs,ST (C),13,10,10,11,13,11,10,12,11,14,11,10,11,10,12,13,10,8,13,10,11,10,13,6,10,11,11,12,9,11,10,7,6,11,9,9,10,1,3,1,3,3,2,3,1,2,3,2,12,12,6,11,10,6,13,11,10,10,- -  -,
89044446,Michael Cheek,ST (C),19,11,8,13,13,9,11,9,11,6,12,11,13,9,11,16,5,7,13,7,9,7,16,3,6,9,13,5,4,12,11,7,7,9,11,4,11,3,3,2,3,2,2,2,1,1,1,3,11,14,5,9,14,4,11,7,8,9,- -  -,
89015909,Ollie Palmer,ST (C),12,6,10,13,15,11,7,13,18,16,16,17,14,12,12,17,7,11,13,7,16,10,16,3,6,9,12,12,6,14,8,2,10,12,13,6,12,2,2,3,3,2,4,2,3,1,3,3,13,9,14,14,12,12,12,10,4,13,- -  -,
87043407,Cristian Gil,ST (C),14,13,13,8,3,8,13,13,7,11,14,9,13,6,13,13,14,9,12,8,6,7,8,8,7,11,13,13,7,8,5,1,7,5,5,7,11,1,1,3,3,2,2,1,1,1,1,2,12,15,3,11,2,6,11,4,11,9,- -  -,
87009865,Eddie Hernández,ST (C),19,13,11,11,16,13,13,13,15,12,11,13,12,12,12,12,9,12,12,11,10,11,12,11,7,11,11,12,6,15,6,6,9,11,8,8,12,3,2,2,2,1,2,2,2,3,3,1,13,11,7,6,9,5,12,3,15,16,- -  -,Int
85137446,Romain Montiel,ST (C),14,11,11,14,14,12,11,13,14,13,10,12,10,11,11,4,8,6,11,7,12,7,12,5,6,10,12,11,7,14,10,5,5,11,6,5,11,1,3,3,1,2,3,3,2,3,3,2,10,12,7,10,8,7,12,12,7,16,- -  -,
85122871,Anthony Varenne,ST (C),5,9,11,10,14,11,9,12,12,10,12,9,11,12,10,16,5,6,8,10,12,9,10,4,7,9,13,12,6,15,8,3,5,10,11,4,10,1,1,1,1,1,4,4,1,2,2,2,13,11,6,10,12,6,12,11,6,15,- -  -,Ctr
85100032,Mehdi Boudiba,ST (C),12,13,13,10,9,13,14,13,8,9,11,10,11,5,6,20,9,3,13,6,7,7,8,4,6,10,10,13,6,8,7,1,6,8,6,5,10,3,4,3,1,3,1,2,2,3,3,3,10,11,1,10,10,12,11,10,13,19,- -  -,
85052247,Anthony Petrilli,ST (C),5,11,11,14,12,13,12,9,13,9,11,13,10,8,11,12,11,6,11,4,7,8,10,4,6,9,13,12,7,13,8,3,5,8,8,3,11,1,1,1,3,4,3,3,1,4,2,3,13,14,8,9,3,11,12,10,7,18,- -  -,
83209474,Pedro Mendes,ST (C),8,12,12,12,14,15,12,12,12,17,13,14,13,11,12,18,14,8,14,6,11,11,13,5,8,9,14,12,8,16,10,3,8,11,12,5,12,2,2,3,1,2,1,1,3,2,2,1,14,13,11,8,12,5,16,12,6,8,- -  -,Inj
82088232,Gilberto Cronie,ST (C),12,13,13,7,13,13,13,12,3,6,10,8,9,7,8,5,12,9,13,7,6,5,8,5,3,13,13,13,6,13,7,1,6,7,3,1,9,3,2,4,4,1,2,2,1,3,1,3,11,11,6,13,10,12,12,10,9,20,- -  -,
82073337,Romeo Kastiel,ST (C),12,13,13,7,8,13,13,12,8,10,10,5,9,7,9,16,13,6,13,4,6,4,7,6,3,7,13,9,6,13,6,2,5,5,5,3,13,1,3,2,3,3,4,4,2,3,1,3,10,17,2,6,8,12,10,12,13,11,- -  -,
81062161,Donovan Dawkins,ST (C),4,13,12,15,11,15,13,9,11,15,9,11,8,11,13,14,9,2,9,7,13,8,12,5,5,6,8,13,6,9,8,4,5,7,4,4,9,3,1,3,2,4,3,3,4,3,2,1,11,9,1,12,8,8,10,11,11,12,- -  -,
81061606,Ryan Brown,ST (C),5,13,10,6,8,12,12,8,9,13,12,7,9,6,10,16,10,12,10,7,5,6,6,1,3,12,14,10,4,13,4,2,3,3,4,4,8,2,2,2,2,1,3,1,3,4,2,1,14,13,8,13,10,7,9,13,11,18,- -  -,
81056638,Thorn Simpson,ST (C),15,13,10,10,16,15,13,10,13,15,9,12,9,9,10,19,6,13,9,6,9,9,9,9,8,10,10,9,9,9,10,3,7,8,4,7,9,1,1,1,3,3,1,4,3,1,1,2,13,12,1,9,4,3,12,13,13,20,- -  -,
80035369,Jameel Lynch,ST (C),6,13,12,5,4,14,13,4,3,11,6,3,9,4,4,6,7,5,6,3,3,1,3,1,1,10,12,5,1,9,1,1,3,4,8,1,6,1,2,2,4,1,3,1,3,1,1,3,13,13,8,7,1,5,11,8,9,8,- -  -,
80033220,Everardo Rose,ST (C),5,12,13,12,10,14,12,8,10,7,11,3,11,9,13,3,8,3,11,9,8,11,10,8,8,12,10,12,8,11,9,6,8,9,2,2,11,3,1,1,2,3,3,3,2,4,1,2,7,11,2,13,15,11,14,8,13,17,- -  -,
80027476,Frank Zamora,ST (C),2,14,14,9,7,12,14,14,8,12,14,6,10,9,12,17,10,4,14,9,8,5,9,8,8,9,14,14,8,11,7,4,8,9,6,7,11,2,1,1,1,2,1,3,1,1,1,1,10,8,1,8,11,9,9,7,13,17,- -  -,
79029208,Pedro Báez,ST (C),10,11,11,10,12,13,11,11,12,12,11,12,10,11,11,12,14,4,12,7,12,8,13,10,11,16,12,14,10,12,11,7,8,10,2,5,9,1,3,3,2,2,3,3,3,1,3,2,9,11,8,12,9,12,13,8,11,12,- -  -,
78043518,Felipe Avenatti,ST (C),4,9,11,16,17,14,12,13,16,10,12,12,12,11,13,14,11,8,12,13,17,10,13,11,8,10,13,12,8,17,10,9,5,10,12,7,13,2,3,3,1,1,1,1,1,1,3,1,13,11,10,12,10,7,13,14,11,12,- -  -,
71102708,Danyil Alefirenko,ST (C),10,12,13,12,10,12,12,13,13,9,13,10,12,11,10,9,9,9,13,8,12,12,13,5,8,13,14,12,7,10,9,4,8,10,13,10,13,4,3,2,2,3,3,3,3,2,3,2,12,10,5,6,12,9,13,11,5,19,- -  -,
71101167,Mykola Haiduchyk,ST (C),4,13,10,12,13,8,13,12,13,8,11,12,12,9,11,15,10,8,12,8,12,10,12,4,5,8,13,9,8,12,9,7,5,9,9,7,9,2,2,1,2,2,2,4,1,2,2,2,16,10,4,8,8,5,14,12,13,12,- -  -,
71049093,Olexandr Filippov,ST (C),7,14,15,14,9,11,14,15,10,7,14,7,11,10,11,12,15,6,15,5,13,9,13,5,7,15,13,14,6,8,8,6,5,10,10,4,14,3,2,3,4,3,3,1,2,1,1,1,12,13,3,7,11,13,13,12,9,16,- -  -,
67296144,Kensly Vázquez,ST (C),5,14,11,8,7,13,12,12,14,13,5,6,10,6,10,12,8,10,9,6,7,8,7,6,7,11,14,10,6,11,9,1,5,8,6,1,8,2,3,1,2,4,3,3,1,1,1,3,11,13,7,8,6,13,12,12,9,18,- -  -,
67295343,Iván Fernández,ST (C),2,13,12,4,4,8,13,9,9,10,13,9,10,5,10,3,13,10,14,7,7,8,8,7,4,12,13,13,7,13,8,3,7,8,6,6,13,1,1,3,1,1,1,1,2,3,1,2,12,12,4,5,1,5,11,11,10,18,- -  -,
67287667,Juan Carlos Arana,ST (C),19,13,11,9,12,12,13,14,11,10,13,9,13,12,11,8,14,12,12,9,12,11,13,11,10,10,14,12,11,12,10,6,6,13,8,6,11,2,1,2,1,1,2,1,3,3,2,3,11,20,1,5,12,12,11,15,13,16,- -  -,
67282804,Álex Altube,ST (C),2,12,13,7,5,13,12,12,13,6,11,8,8,6,13,15,10,12,13,5,6,6,8,2,3,10,13,13,6,11,5,5,4,2,5,3,10,3,3,3,3,1,2,2,3,3,2,2,11,10,3,11,7,6,9,11,13,16,- -  -,
67276137,Alpha Bagayoko,ST (C),4,13,11,12,13,14,12,13,14,5,7,8,9,8,11,8,5,7,11,10,11,10,10,9,7,7,10,8,9,10,8,7,3,6,11,4,6,3,3,1,1,1,2,3,2,1,3,1,11,8,5,8,7,15,11,10,9,14,- -  -,
67275084,Higor Rocha,ST (C),8,13,12,7,13,11,13,12,12,14,6,2,9,5,8,10,11,9,13,7,6,5,8,6,4,11,11,13,6,13,6,1,5,7,7,1,11,2,1,1,3,1,4,2,3,1,2,1,14,12,4,9,18,12,13,11,13,18,- -  -,
67258829,Fer Niño,ST (C),3,12,10,8,16,12,13,14,14,16,13,12,14,14,12,13,15,12,14,8,14,10,14,11,9,13,16,13,11,14,11,4,8,11,9,7,12,2,3,3,3,1,2,2,2,3,2,3,9,14,6,5,12,9,11,11,14,10,- -  -,
67256617,Dopi,ST (C),8,14,14,9,9,15,14,7,11,11,14,9,12,9,9,7,14,8,14,8,8,5,12,8,5,14,10,13,8,14,8,6,6,9,6,4,9,2,1,3,2,4,1,1,1,4,3,3,10,13,3,5,12,10,10,9,14,20,- -  -,
67249496,Jony,ST (C),6,9,10,12,13,11,8,10,14,7,15,12,10,9,9,11,8,6,13,8,12,7,10,5,6,8,11,10,6,13,8,5,5,9,8,7,10,4,3,1,1,1,3,1,2,3,1,2,12,10,8,10,6,11,10,11,13,11,- -  -,
67232120,Mario Losada,ST (C),14,13,13,8,4,13,13,13,9,8,14,6,11,7,9,10,13,14,13,8,7,6,8,4,5,13,13,13,7,13,7,1,7,8,5,1,10,2,3,1,3,3,1,1,3,2,2,1,11,14,2,10,2,10,11,10,13,19,- -  -,
67228275,Carlos Gilbert,ST (C),12,14,14,6,7,12,14,14,10,11,9,1,10,9,14,5,14,14,10,9,8,6,9,7,9,10,14,14,8,7,8,5,8,9,3,6,10,1,2,2,3,2,1,3,2,1,1,2,11,17,6,15,11,6,11,12,12,20,- -  -,Lst
67213719,Sory Kaba,ST (C),1,12,14,15,16,14,13,14,16,13,14,14,13,11,13,12,12,8,13,8,8,8,11,4,9,9,11,10,4,13,9,6,4,10,12,6,12,3,2,4,1,2,3,3,2,4,1,2,16,9,10,13,6,3,10,11,5,13,- -  -,Frt
67208359,Eneko Jauregi,ST (C),1,11,10,8,13,12,13,12,13,12,13,14,10,13,12,10,12,9,9,5,12,9,12,9,9,9,12,12,7,12,8,4,5,11,5,5,10,2,3,1,2,1,2,3,2,1,3,3,12,11,7,5,8,13,14,12,7,13,- -  -,
67206172,Iván Limón,ST (C),11,12,10,9,8,10,12,8,5,14,14,7,11,8,12,3,9,12,15,8,8,5,9,8,4,10,11,10,8,15,6,5,7,5,5,2,11,1,3,2,2,3,1,2,1,1,2,3,11,12,3,5,13,10,10,11,12,18,- -  -,
67202355,Iván Martín,ST (C),13,11,11,10,11,9,11,9,10,12,11,13,10,10,10,10,13,7,10,8,10,10,12,5,8,11,11,12,3,10,8,4,5,8,5,6,11,3,4,1,1,1,3,3,2,2,3,1,11,11,11,7,11,3,8,10,11,12,- -  -,
67195730,Asier Villalibre,ST (C),3,12,12,12,12,12,13,14,15,13,13,14,12,13,12,15,13,14,14,13,13,11,16,7,11,11,13,12,8,14,12,7,7,11,16,8,12,1,3,3,1,3,3,2,4,1,1,2,13,14,3,10,5,12,10,12,12,18,- -  -,
67191847,Jordi Sánchez,ST (C),9,14,12,12,14,14,14,15,14,14,13,15,13,15,11,14,11,11,13,11,12,9,13,8,9,10,13,11,9,14,12,6,3,10,11,7,11,3,2,1,2,3,3,3,1,2,3,2,12,13,6,12,13,10,10,12,11,10,- -  -,
67181404,Antonio Sanabria,ST (C),5,14,15,13,13,13,13,12,12,13,13,12,12,11,12,13,13,9,15,5,13,12,11,5,9,12,13,15,11,16,11,4,5,12,12,6,14,3,1,2,2,2,1,1,3,1,1,2,13,13,8,9,8,10,14,13,12,12,- -  -,Inj
67175123,David Grande,ST (C),11,14,8,10,12,11,9,11,9,6,11,9,15,9,12,5,9,5,15,8,9,8,10,8,5,10,15,10,9,15,8,5,8,10,9,2,11,2,2,3,2,2,3,4,3,1,1,2,11,11,3,8,11,5,12,10,13,11,- -  -,Opt
67173047,Florin Andone,ST (C),8,14,13,13,11,13,15,13,13,16,13,15,12,13,13,17,13,13,14,8,15,10,16,10,11,12,14,13,11,12,12,9,6,13,13,7,14,2,1,2,1,3,2,1,3,2,2,2,15,11,6,11,14,13,14,14,11,8,- -  -,Inj
67132472,Lander Yurrebaso,ST (C),7,11,9,6,9,10,12,9,4,7,8,8,10,9,13,11,9,14,13,8,8,9,9,4,7,8,12,11,4,15,9,5,8,8,7,5,12,3,3,1,1,3,1,1,1,1,4,2,10,11,5,12,8,10,10,10,13,10,- -  -,
67071428,Hiroshi Ibusuki,ST (C),3,9,7,15,16,12,9,13,14,9,13,9,13,9,11,11,7,5,13,14,15,9,13,4,7,9,14,10,8,15,10,4,4,9,13,4,9,1,1,2,1,1,2,2,4,3,2,3,12,12,4,7,9,5,12,11,4,13,- -  -,
67047230,Manuel Salinas,ST (C),3,10,8,3,11,11,9,10,11,10,11,7,12,8,10,7,12,6,14,7,7,7,8,7,5,11,14,11,6,11,8,7,7,7,5,2,10,3,1,3,1,2,4,1,1,3,1,2,9,14,3,7,13,11,12,10,12,11,- -  -,
65040934,Ismail Mgunda,ST (C),2,13,13,6,9,15,13,10,8,12,8,7,5,6,7,18,9,7,12,3,5,5,6,5,3,12,13,8,1,8,4,1,5,6,4,2,9,1,1,3,1,3,2,3,3,3,1,4,12,11,5,8,10,7,12,12,12,19,- -  -,
65032421,Omaatla Kebatho,ST (C),13,13,13,7,6,11,13,12,7,5,7,2,9,7,10,13,11,3,12,7,6,5,8,6,5,13,13,13,6,13,7,2,3,7,3,2,9,2,1,3,3,3,3,2,1,2,1,2,12,11,8,8,12,10,10,12,12,15,- -  -,
64049660,Shaher Shelbieh,ST (C),10,9,14,8,4,13,14,6,8,13,11,1,11,8,12,4,8,8,11,8,7,7,8,5,5,14,14,12,3,14,8,3,7,5,7,1,9,2,2,1,3,3,2,3,1,1,2,4,8,13,4,10,9,7,12,12,12,10,- -  -,
64049430,Mohammed Al-Akash,ST (C),6,14,14,8,4,12,14,13,7,14,8,7,9,7,10,4,12,11,10,8,7,4,9,7,3,14,14,8,7,14,5,1,7,8,3,4,13,3,3,2,1,3,3,3,2,2,1,1,10,10,2,6,2,5,11,11,11,10,- -  -,
64049018,Ali Olwan,ST (C),10,14,12,5,6,17,14,8,11,5,14,4,11,6,13,4,12,11,12,4,8,4,9,8,5,14,15,14,8,12,9,4,8,10,7,4,12,3,2,1,2,2,1,3,1,3,2,3,10,12,2,14,8,10,10,14,14,17,- -  -,Int
64047555,Youssef Al-Saadi,ST (C),6,13,13,7,6,15,13,12,5,11,11,8,12,4,13,16,10,6,13,7,6,5,7,6,3,12,13,12,6,13,4,5,6,7,6,2,7,2,1,1,1,3,1,2,2,2,4,2,12,11,1,10,12,14,11,9,12,16,- -  -,
64047311,Moatasem Al-Shibli,ST (C),3,13,12,6,4,10,12,11,7,13,13,8,9,6,10,13,14,13,13,7,6,7,7,5,2,12,12,13,5,8,6,3,4,7,4,4,11,2,2,2,1,3,1,3,4,3,3,3,11,11,1,9,9,10,9,12,12,19,- -  -,
64039862,Soheil Fadakar,ST (C),4,13,12,6,4,13,12,12,8,13,12,6,7,5,11,7,11,7,10,6,5,2,6,5,2,12,12,10,5,12,6,1,3,5,3,4,11,2,2,2,2,2,2,3,2,3,3,2,9,9,3,10,17,11,8,10,12,10,- -  -,
62239624,Nikola Štulić,ST (C),7,13,13,13,14,10,13,13,13,13,12,9,14,10,12,14,13,9,12,8,12,11,12,8,8,11,13,9,9,12,13,4,7,11,10,7,11,3,2,2,1,2,2,1,1,2,1,1,12,11,13,11,13,10,11,11,11,9,- -  -,Inj
62236328,Milan Vidakov,ST (C),11,12,11,11,14,11,11,11,11,12,12,6,14,12,13,12,14,13,13,11,10,10,11,10,7,9,13,11,6,13,7,5,8,11,10,7,10,3,1,3,3,3,1,1,2,2,1,2,12,20,8,13,16,11,13,11,10,12,- -  -,
62162892,Filip Obadović,ST (C),13,11,10,9,14,10,11,10,10,8,12,11,10,7,11,18,9,9,15,10,9,7,9,8,5,12,10,13,8,13,8,8,6,10,3,4,12,3,2,2,3,2,3,3,1,3,2,1,12,12,5,6,13,7,12,5,12,12,- -  -,
62140015,Đorđe Ivković,ST (C),16,10,12,10,13,12,10,11,11,12,12,10,12,8,13,2,15,12,11,9,9,7,12,9,7,12,11,12,8,15,7,9,8,7,2,2,8,3,3,1,1,4,1,2,1,1,2,1,12,20,3,13,5,8,11,12,12,11,- -  -,
62035676,Mirko Ivanovski,ST (C),2,12,11,13,13,15,12,13,12,16,11,16,9,11,10,15,10,8,12,9,13,9,14,6,8,10,10,10,9,10,9,2,5,10,12,8,11,1,1,1,3,1,3,3,2,2,1,3,12,12,14,18,9,10,11,6,6,13,- -  -,
61072978,Bruce Anderson,ST (C),8,13,12,13,10,12,13,12,11,8,14,11,12,12,10,12,10,9,14,10,14,12,15,7,9,11,14,12,9,10,10,4,6,9,10,8,11,1,3,1,1,2,1,2,3,3,1,2,12,13,2,3,10,10,15,15,10,12,- -  -,
59130431,Lyova Mryan,ST (C),1,12,10,6,11,14,12,6,8,7,10,6,11,5,10,18,9,10,13,5,5,3,6,4,6,12,12,12,2,11,7,1,4,6,6,1,8,3,3,2,1,1,2,1,3,4,2,4,10,12,1,14,12,6,11,12,13,17,- -  -,
58137501,Gamid Agalarov,ST (C),7,14,14,14,10,14,13,14,10,9,12,15,10,15,12,5,11,4,13,6,8,10,10,6,6,9,15,12,7,12,8,6,6,8,12,8,11,2,2,2,3,2,2,2,3,4,4,2,14,14,12,10,8,6,12,7,5,7,- -  -,
55046907,Christian Irobiso,ST (C),6,14,9,13,14,16,15,11,15,13,12,13,9,7,9,14,12,7,13,4,10,10,14,10,10,11,11,8,8,10,11,8,4,10,10,5,11,3,3,1,3,1,3,1,1,2,2,1,12,10,5,6,11,4,13,13,9,12,- -  -,
54203200,Mohammed Jawad,ST (C),5,13,11,4,7,16,11,10,9,13,10,4,7,7,10,13,10,9,9,7,6,6,7,6,3,8,13,13,6,13,7,4,2,6,4,3,10,4,1,2,2,2,2,2,1,3,1,2,12,11,7,12,13,14,13,14,10,12,- -  -,
54201005,Ameer Ahmed,ST (C),8,15,12,10,1,8,13,8,1,5,8,5,8,6,14,9,8,11,13,8,7,8,8,7,4,12,14,12,7,13,8,2,8,9,2,3,10,4,2,2,1,3,2,1,3,2,1,1,11,20,4,5,7,5,9,12,12,16,- -  -,
53143395,Jørgen Strand Larsen,ST (C),7,12,12,15,14,13,12,14,17,10,13,12,14,12,12,12,13,10,14,6,12,10,12,5,6,12,15,13,6,14,13,6,6,10,12,6,12,2,3,2,2,2,2,1,3,2,1,1,17,13,6,8,11,6,11,11,8,13,- -  -,
52099913,Lee Bonis,ST (C),15,10,8,10,11,10,13,12,14,8,8,8,10,8,8,12,9,6,11,10,10,8,12,3,10,12,14,11,5,11,5,2,7,12,9,6,11,2,4,2,2,2,1,1,1,4,2,3,12,12,6,6,8,9,12,13,7,11,- -  -,
52065092,Johnny McMurray,ST (C),8,13,13,7,9,11,13,7,7,10,8,4,11,5,9,8,7,5,13,6,7,4,7,6,5,13,14,8,6,13,6,5,3,4,10,1,8,1,2,1,3,2,1,3,1,3,1,2,11,14,3,9,11,6,10,10,11,13,- -  -,
52045386,Joe McCready,ST (C),1,8,13,10,15,9,9,8,9,10,7,11,8,10,10,11,11,9,10,10,10,7,8,7,5,6,11,10,6,11,7,5,4,9,8,5,9,1,2,2,4,1,3,1,3,2,3,3,10,10,8,6,7,8,12,12,10,14,- -  -,
52037053,Adam Lecky,ST (C),13,8,12,12,12,14,9,9,9,7,11,9,8,7,10,13,10,7,8,11,11,11,8,4,6,9,13,14,6,15,9,6,8,10,12,8,13,1,3,2,2,3,3,1,1,3,1,1,12,10,4,11,8,5,11,11,10,12,- -  -,
51075802,Daniel López,ST (C),4,12,10,13,10,13,9,10,11,11,14,10,13,13,11,16,10,12,14,12,11,10,12,10,9,12,14,14,11,13,13,12,9,11,13,6,11,2,3,1,2,2,3,4,1,1,3,3,9,13,4,13,3,11,12,11,8,19,- -  -,
50086124,Pape Sené,ST (C),2,13,12,6,3,10,12,10,8,5,12,2,6,6,13,2,14,12,13,6,6,3,6,7,6,13,13,12,6,13,7,2,5,5,3,1,7,3,2,4,3,1,2,1,2,1,3,3,13,17,5,12,9,14,10,8,12,12,- -  -,
50082097,Hamidou Keita,ST (C),8,12,12,7,11,10,12,12,8,10,10,5,12,4,9,3,9,6,13,4,5,3,7,4,3,11,12,12,4,12,4,3,3,6,10,1,9,2,2,1,1,1,3,2,2,1,3,2,12,10,2,7,8,10,14,10,11,20,- -  -,
50073202,Benjamin Duvoux,ST (C),7,13,9,6,10,16,12,6,9,13,13,3,12,4,11,3,8,5,12,6,6,6,7,6,4,12,12,13,6,12,5,3,5,7,9,1,8,1,3,1,2,1,3,2,3,2,3,1,11,9,5,5,5,8,9,10,11,12,- -  -,
50040219,Anthony Caldeirinha,ST (C),16,8,9,7,9,13,8,12,8,8,11,6,9,7,10,12,12,9,11,6,6,5,7,4,5,11,14,12,1,13,4,6,5,7,6,5,7,3,1,2,4,1,1,1,3,2,2,1,9,20,7,5,1,5,11,10,11,12,- -  -,
49062735,Joseph Sery,ST (C),5,14,13,7,5,11,13,10,7,9,8,6,7,7,14,13,13,11,14,8,7,8,8,7,6,8,14,13,7,12,3,5,5,5,4,1,8,3,3,2,4,2,3,2,3,2,4,2,9,10,1,14,9,7,11,14,10,13,- -  -,
49045927,Ignatius Ganago,ST (C),5,15,12,15,11,14,14,12,14,8,11,13,12,11,11,12,12,8,14,6,11,8,13,7,9,12,14,12,10,12,11,8,8,11,12,10,12,2,3,3,1,2,3,1,1,2,2,3,14,13,7,6,10,13,11,10,7,13,- -  -,Lst
49040773,Mounaïm El Idrissy,ST (C),9,13,13,13,12,12,13,13,12,12,12,14,12,12,12,12,12,8,13,8,12,12,14,8,10,13,11,13,10,11,11,6,8,11,11,8,13,2,3,1,3,2,2,4,2,1,3,1,13,12,7,10,10,6,13,12,11,17,- -  -,Wnt
49037859,Virgiliu Postolachi,ST (C),5,11,12,11,13,12,12,10,13,5,10,10,12,11,10,14,13,7,13,6,12,10,12,9,9,11,14,12,10,13,11,6,8,10,14,9,12,4,3,2,1,2,2,2,3,1,3,3,13,12,2,6,10,8,14,13,6,14,- -  -,
48043837,Frank Magri,ST (C),5,12,12,11,9,12,13,12,11,8,12,12,13,11,11,15,9,9,12,8,11,12,12,7,8,12,12,12,8,10,9,4,7,10,10,6,12,3,2,2,2,3,1,1,4,2,2,1,11,12,6,8,15,5,13,11,6,13,- -  -,
48038677,Joris Gouache,ST (C),16,12,12,10,12,13,13,13,7,7,9,1,15,8,8,8,9,15,10,9,4,9,8,8,7,10,12,10,5,11,8,4,7,6,7,4,11,1,3,1,1,3,2,1,1,2,3,1,11,19,4,15,8,8,12,9,11,12,- -  -,
48036699,Lebo Mothiba,ST (C),8,13,12,16,10,14,14,15,17,12,12,15,13,13,12,13,10,10,12,7,15,9,17,11,8,10,13,11,11,15,10,8,6,10,10,6,12,2,2,3,3,3,1,2,1,2,2,1,14,13,5,11,12,8,12,13,13,14,- -  -,Wnt
48035994,Andrew Jung,ST (C),6,11,12,13,16,13,12,12,13,12,11,13,12,13,10,14,10,8,9,10,12,11,12,10,7,11,13,12,10,12,13,6,8,12,13,7,12,2,1,1,1,2,3,2,1,1,1,3,12,11,8,11,12,6,15,14,9,17,- -  -,Inj
47091245,Mario Ilievski,ST (C),2,11,10,11,14,12,12,9,12,12,13,9,10,12,10,13,12,11,14,8,11,9,12,8,8,10,13,10,6,12,11,8,7,10,7,9,10,1,3,1,1,2,1,4,3,2,1,2,8,13,4,9,13,7,12,12,12,11,- -  -,
43619055,Fabio Abiuso,ST (C),7,11,10,11,13,10,11,10,10,7,12,9,9,12,11,12,8,8,12,7,11,10,9,3,8,11,13,9,4,15,6,6,4,10,10,7,10,4,3,2,3,3,3,2,1,3,3,3,11,13,7,5,11,10,14,8,12,13,- -  -,
43456809,Sergej Grubač,ST (C),8,11,12,11,13,12,11,14,14,10,10,9,11,11,10,8,8,9,10,10,11,9,11,7,7,10,11,10,8,12,8,8,8,10,10,10,8,3,2,1,2,2,3,1,2,3,2,2,12,11,3,5,8,7,12,11,9,12,- -  -,
43373958,Danilo Ventola,ST (C),9,12,12,12,13,10,12,12,12,9,11,9,11,9,10,9,10,9,12,9,8,9,9,4,8,12,12,10,8,13,10,5,4,11,8,4,12,2,1,3,4,1,4,3,2,1,1,2,11,10,6,8,8,8,11,7,11,13,- -  -,
43273278,Leonardo Ubaldi,ST (C),3,11,10,13,11,13,11,13,11,12,10,12,11,12,10,13,7,9,14,9,12,9,12,4,6,10,12,10,7,11,11,4,6,9,10,5,8,1,2,1,2,2,4,3,2,3,2,2,12,10,8,8,7,6,13,19,7,12,- -  -,
43194069,Vincenzo Plescia,ST (C),12,11,10,13,14,13,12,10,13,12,12,13,12,12,11,15,10,6,12,5,13,12,13,7,8,10,12,11,4,14,8,7,5,14,13,5,12,1,3,4,2,3,2,1,1,1,3,2,11,14,4,11,12,4,13,14,12,16,- -  -,
43167351,Patrick Cutrone,ST (C),12,13,13,13,12,13,14,12,13,14,15,14,13,12,14,14,10,10,14,6,12,8,14,4,8,11,12,12,7,13,10,6,6,11,12,6,12,2,4,2,3,3,3,2,3,3,2,1,14,12,5,10,12,7,14,11,6,13,- -  -,
43125320,Lorenzo Pinzauti,ST (C),2,12,13,11,9,14,13,13,11,12,11,11,11,11,11,14,10,6,11,8,12,10,15,7,10,11,11,11,6,10,7,4,7,11,12,9,12,2,2,1,1,1,2,2,3,4,1,1,12,13,7,7,8,8,10,9,13,9,- -  -,
43096609,Claudio Morra,ST (C),11,12,11,13,12,14,12,11,12,12,11,12,12,12,11,12,8,11,12,10,11,11,11,7,7,11,9,12,8,12,11,5,6,10,8,8,11,3,3,3,2,2,3,1,1,2,3,2,13,13,8,9,13,10,13,14,7,12,- -  -,
43073717,Emanuele Santaniello,ST (C),4,11,12,10,12,12,12,10,9,10,12,11,12,11,12,14,8,5,13,4,12,9,12,4,9,10,13,11,10,14,10,9,5,8,8,5,9,2,1,3,2,2,4,2,1,2,3,2,10,13,3,6,12,7,12,7,8,13,- -  -,
43016849,Francesco Caputo,ST (C),5,11,11,14,11,16,11,14,11,10,17,12,15,12,16,17,12,15,17,3,13,15,15,5,10,9,14,12,6,13,5,4,4,12,13,5,12,1,2,2,2,1,2,2,1,2,3,3,17,15,7,4,15,13,15,15,7,14,- -  -,Lst
43008779,Mattia Destro,ST (C),1,12,11,12,13,13,12,12,13,12,14,14,14,12,13,17,13,13,16,7,13,11,15,5,8,10,13,12,8,14,11,5,6,11,14,7,13,1,3,3,1,1,2,1,2,2,3,4,14,13,8,12,13,12,14,12,9,12,- -  -,
43006932,Riccardo Bocalon,ST (C),7,11,10,11,12,14,13,11,12,11,12,11,11,11,11,13,11,9,14,6,12,10,12,4,4,10,12,12,4,13,8,6,5,12,13,7,12,1,1,2,3,1,1,3,2,2,3,2,12,12,7,12,14,13,15,14,9,15,- -  -,
42078071,Osama Kalaily,ST (C),5,11,12,14,15,11,12,11,13,13,12,13,10,9,7,3,7,15,10,7,10,10,13,8,6,10,12,8,10,13,11,5,5,10,7,6,7,3,3,1,1,3,3,2,1,1,3,2,12,14,6,8,12,9,13,12,8,14,- -  -,
38068893,Dávid Zimonyi,ST (C),2,11,12,11,10,6,11,9,10,9,14,12,12,12,11,10,9,9,13,6,5,8,6,3,5,10,16,12,6,10,7,5,5,8,12,4,10,1,3,1,1,1,3,3,3,1,3,1,13,11,3,9,11,11,11,7,11,17,- -  -,
38020008,Soma Novothny,ST (C),4,12,11,13,14,16,13,13,11,10,9,11,10,12,15,12,8,9,11,6,11,11,11,7,9,9,13,12,11,14,9,4,4,9,11,5,11,1,2,2,2,3,2,2,1,2,1,2,12,12,8,7,12,4,14,14,9,15,- -  -,
36523669,Alberto Valdivia,ST (C),7,12,13,7,4,9,13,9,5,5,9,6,11,7,11,4,6,11,12,9,3,5,9,2,7,13,11,7,9,6,5,1,1,7,2,1,8,2,1,1,3,3,3,1,1,2,1,1,14,13,1,5,3,6,13,11,12,11,- -  -,
36073158,Nikolaos Vergos,ST (C),1,12,12,13,13,14,13,10,12,9,12,13,11,13,10,10,12,12,12,13,14,10,11,6,9,12,13,12,7,13,8,5,6,12,14,7,12,2,2,3,2,3,3,3,2,1,2,2,15,12,9,6,10,7,13,10,8,12,- -  -,
30034114,Otto John,ST (C),9,13,13,7,9,13,13,12,6,12,12,8,12,4,7,6,13,5,13,7,6,7,7,6,5,13,13,13,6,13,7,6,5,7,6,1,10,2,1,1,2,2,3,1,2,1,2,3,8,14,8,9,17,11,12,11,12,10,- -  -,
29219088,Cameron Archer,ST (C),1,15,13,10,11,13,14,12,12,9,10,10,14,11,11,11,13,8,14,11,10,10,14,4,7,11,15,12,7,11,9,3,4,8,10,4,12,1,1,1,2,2,3,2,2,2,2,3,11,10,7,7,9,8,12,11,9,15,- -  -,Loa
29218614,Jacob Wakeling,ST (C),12,14,14,11,8,15,15,14,9,5,13,10,12,5,8,9,11,6,11,6,11,9,12,10,12,12,12,12,7,10,10,3,5,11,10,4,11,4,1,2,2,3,1,3,1,1,2,3,10,5,1,5,11,8,13,12,10,12,- -  -,
29218157,Chinonso Emeka,ST (C),3,10,11,5,9,16,11,7,7,12,12,6,12,8,9,14,12,5,15,8,7,8,8,7,6,14,14,15,7,15,8,7,7,9,7,6,11,1,1,2,3,3,1,2,1,3,1,3,11,10,5,5,10,5,13,12,12,15,- -  -,
29211565,Elliot Dugan,ST (C),3,13,12,3,5,15,12,2,7,5,12,5,9,4,7,15,8,11,8,4,3,1,4,4,4,6,13,9,3,10,2,1,3,4,7,1,8,3,3,2,2,3,3,1,1,1,3,3,13,9,6,9,7,6,12,11,8,18,- -  -,
29127946,Kyle Wootton,ST (C),14,11,9,12,14,12,11,11,15,10,11,12,13,10,10,10,7,5,13,5,12,9,13,3,6,8,12,11,4,13,8,3,5,10,11,4,11,1,1,1,3,2,1,1,1,2,3,2,8,13,3,2,8,5,12,12,5,13,- -  -,
29120252,Josh Umerah,ST (C),11,13,12,11,12,10,11,14,14,7,9,10,8,10,8,6,8,7,10,7,11,7,12,4,4,10,13,11,5,11,7,5,4,10,10,6,10,2,3,2,1,3,2,1,2,1,1,2,9,10,6,6,8,10,10,11,5,13,- -  -,
29107901,Luke Armstrong,ST (C),8,11,10,10,12,11,12,11,12,14,11,14,11,9,14,8,6,7,12,6,16,8,17,5,8,9,13,9,5,11,9,6,6,11,7,8,9,1,3,3,2,1,2,2,2,3,2,1,12,10,7,6,9,4,14,13,4,14,- -  -,
29055572,Tom Eaves,ST (C),5,10,9,13,16,13,10,12,17,15,10,13,9,11,10,14,8,7,12,8,16,10,17,4,9,9,11,9,6,16,9,5,9,10,10,9,10,2,3,2,2,1,3,4,3,1,2,2,14,9,4,10,11,9,15,9,8,7,- -  -,
29006437,John Akinde,ST (C),11,11,8,9,14,10,11,11,15,15,11,18,11,9,10,7,7,7,11,9,13,7,11,5,8,9,11,11,5,12,7,6,4,11,15,5,9,2,3,2,3,1,2,2,2,3,3,1,10,9,4,6,10,9,13,15,7,11,- -  -,
28110649,Reo Griffiths,ST (C),3,11,9,12,11,11,11,10,15,10,10,13,10,9,11,12,8,7,12,8,10,8,20,5,5,11,13,12,7,11,7,5,6,10,11,6,11,2,3,1,1,2,2,3,2,2,1,2,13,10,14,5,8,10,13,9,8,10,- -  -,
28106359,Joe Hardy,ST (C),3,14,12,11,7,14,12,11,9,8,12,14,10,12,12,13,10,5,13,7,13,11,14,5,8,10,13,9,7,8,8,6,4,10,12,6,13,1,2,2,3,1,2,3,3,1,2,3,13,10,4,5,8,7,9,12,7,11,- -  -,Inj
28017377,Andy Cook,ST (C),6,8,8,12,14,9,9,12,17,14,12,14,10,10,12,15,8,12,12,8,12,6,15,5,5,8,12,11,5,15,9,9,5,9,11,5,10,1,2,4,2,3,4,1,3,2,1,3,14,12,3,8,12,8,11,12,5,4,- -  -,
27092799,John Frederiksen,ST (C),12,6,4,15,20,13,9,9,15,11,14,15,12,12,14,16,9,13,12,7,13,12,7,12,10,9,10,15,9,14,12,19,4,9,7,6,10,4,1,2,3,2,1,1,1,2,2,2,12,10,3,10,9,12,13,13,14,11,- -  -,Opt
25062111,Matěj Koubek,ST (C),1,13,10,8,11,8,10,10,5,11,12,8,12,8,14,8,12,13,14,8,7,7,8,7,6,12,14,13,4,10,7,1,6,8,7,3,12,3,3,4,2,2,1,2,1,1,2,3,11,11,1,7,7,9,11,11,12,10,- -  -,
25049913,Matěj Pulkrab,ST (C),3,13,15,7,17,9,14,12,7,13,12,7,8,12,11,13,15,9,15,10,12,7,13,9,9,12,14,12,9,15,9,10,5,13,14,7,13,3,2,1,3,2,1,1,3,2,2,1,13,13,8,14,15,12,13,11,7,11,- -  -,
24051701,Matko Babic,ST (C),6,12,13,11,10,13,13,12,10,11,12,9,9,10,10,12,12,6,12,4,13,10,12,4,7,12,11,13,4,10,8,5,4,11,11,5,13,4,2,2,3,3,2,2,2,3,1,2,11,10,4,8,9,5,13,9,7,11,- -  -,
24048105,Tin Matić,ST (C),1,12,13,10,8,10,13,12,11,9,13,12,13,12,12,15,10,5,14,7,12,10,14,6,7,11,12,12,7,11,8,5,5,8,5,5,12,1,1,3,3,2,3,4,2,3,1,3,16,11,4,10,11,7,15,15,5,9,- -  -,
23486356,Morteza Nobakht,ST (C),4,13,13,6,10,6,14,4,5,11,10,6,9,5,8,7,11,13,9,5,4,2,5,4,4,5,12,12,4,10,6,4,3,5,6,2,7,2,3,4,2,3,3,2,2,1,2,1,10,12,3,5,4,5,10,10,10,12,- -  -,
23484842,Shervin Bozorg,ST (C),12,12,12,7,13,12,12,12,14,13,12,8,5,6,11,8,12,5,12,7,3,7,7,7,2,12,12,12,6,15,2,5,6,7,4,3,11,2,1,1,1,1,3,2,2,4,2,1,9,11,3,6,4,5,11,11,11,12,- -  -,
23470904,Mohammad Amin Asadi,ST (C),12,13,11,7,7,15,14,6,10,10,13,7,10,8,9,17,10,14,12,8,8,8,8,7,9,13,12,10,7,12,8,4,7,7,5,3,8,3,1,2,1,3,3,3,3,1,3,1,10,14,6,10,1,11,11,11,12,18,- -  -,
23340995,Ifedayo Olusegun,ST (C),7,11,10,10,11,8,10,10,11,11,11,12,10,8,11,13,7,3,12,7,7,4,11,5,6,11,13,10,7,12,9,5,7,6,4,6,8,3,2,2,4,3,2,1,3,3,3,1,12,14,1,15,4,5,9,8,13,12,- -  -,Opt
23332788,Mo'ath Afana,ST (C),6,12,8,8,8,17,10,9,8,12,12,8,10,5,6,6,11,11,13,5,4,8,8,6,7,14,14,10,7,7,5,3,6,8,3,2,12,1,2,1,3,3,1,3,2,2,3,2,12,11,5,7,3,8,12,10,13,18,- -  -,
23325135,Ayman Hussein,ST (C),13,14,13,8,9,9,13,12,9,12,14,9,8,9,14,7,13,3,13,9,8,9,7,7,5,11,14,12,8,13,8,2,4,9,4,3,14,2,2,3,1,2,2,2,1,3,1,3,12,13,3,10,15,10,9,10,13,13,- -  -,Int
23322218,Austin Amutu,ST (C),3,13,14,14,11,10,13,11,12,5,10,13,10,7,8,15,15,4,14,6,7,12,13,10,10,13,12,13,11,8,9,3,3,11,4,5,13,3,3,2,2,2,2,1,1,2,2,1,13,12,7,11,10,9,12,8,14,10,- -  -,
23318966,Muhd Jafri Muhd Firdaus Chew,ST (C),3,12,12,6,7,16,12,11,5,10,8,6,9,4,8,17,15,4,9,4,4,4,6,4,1,11,8,11,5,12,5,1,4,5,2,1,7,1,3,3,1,2,1,1,3,2,2,2,11,12,5,7,13,11,10,13,9,10,- -  -,
23301249,Said Al-Ruzaiqi,ST (C),9,10,9,9,8,18,9,9,8,5,14,8,8,8,14,15,15,6,14,9,8,8,9,8,6,6,14,11,8,14,9,4,8,7,4,3,13,2,2,1,1,3,2,1,3,1,1,1,12,17,6,6,6,11,9,14,12,11,- -  -,Int
23233275,Odai Khader,ST (C),9,14,10,9,9,13,11,6,10,6,12,4,10,6,14,14,14,5,13,9,8,6,9,8,5,14,14,14,8,13,9,7,5,8,5,4,10,2,4,1,1,1,4,3,3,3,4,3,8,18,6,8,10,6,12,11,13,17,- -  -,
23233248,Abdullah Al-Attar,ST (C),4,13,13,6,8,5,13,11,13,12,13,6,9,8,11,17,14,3,9,8,7,5,8,2,5,13,13,9,7,13,6,3,6,9,4,3,11,3,1,2,3,1,1,1,3,3,2,1,10,11,3,8,4,8,9,11,14,19,- -  -,
23233098,Suhaib Al-Wihaybi,ST (C),9,9,8,6,5,12,9,12,7,6,11,4,12,4,11,13,7,13,12,4,6,7,7,6,3,9,13,13,3,12,6,1,5,6,4,5,7,1,2,4,1,3,1,1,3,2,4,3,13,20,1,11,4,6,12,12,10,15,- -  -,Ctr
23150709,Faisal Ajab,ST (C),14,13,9,9,12,13,12,8,14,8,12,9,7,7,14,13,14,9,14,9,8,6,9,6,8,11,12,13,7,12,9,4,8,11,8,8,14,4,2,1,2,1,2,3,1,2,4,2,11,20,4,11,15,6,13,13,11,13,- -  -,
23128073,Morteza Tabrizi,ST (C),8,9,11,10,11,14,10,15,12,5,13,8,12,8,15,10,13,7,15,9,9,9,10,9,8,10,11,15,9,9,7,1,9,8,4,3,15,3,2,3,2,2,2,3,3,2,3,1,8,12,8,8,12,8,10,11,11,10,- -  -,
22063452,Ahmed Ahmedov,ST (C),4,12,11,13,13,12,13,11,13,13,13,14,11,10,10,14,9,12,13,6,12,9,13,6,7,10,12,10,9,13,10,4,4,9,12,7,10,1,1,1,3,2,2,2,3,4,1,1,13,12,9,9,13,8,12,11,2,10,- -  -,
21029849,Aleksandar Glišić,ST (C),14,14,14,9,4,11,14,14,6,7,12,9,10,8,12,11,12,1,11,9,8,8,9,9,8,11,11,9,8,14,8,1,8,7,8,3,13,2,3,2,2,2,3,1,1,1,1,2,13,11,5,13,3,9,10,8,13,11,- -  -,
21029564,Jovo Lukić,ST (C),19,14,14,8,14,9,14,9,11,15,14,8,11,8,11,9,11,9,9,7,7,5,8,5,4,14,13,14,3,12,7,3,5,8,2,1,11,2,2,3,4,3,2,3,2,2,3,2,12,12,2,8,7,13,8,6,11,10,- -  -,
19409275,Matheus Babi,ST (C),7,10,12,9,16,12,10,13,10,12,13,13,12,11,11,12,11,12,11,6,10,12,14,8,8,12,12,12,10,14,12,8,8,10,14,8,12,2,3,1,3,1,2,2,2,3,1,2,15,12,6,14,13,11,13,13,9,12,- -  -,
19351988,Luan Capanni,ST (C),4,11,12,13,15,14,12,11,15,8,12,9,11,9,10,15,14,7,13,6,8,12,9,6,8,11,12,12,5,11,13,7,7,12,12,7,12,2,2,2,2,2,1,1,1,2,3,1,17,11,8,6,8,7,15,11,10,10,- -  -,
19303288,Bambam,ST (C),3,11,10,13,12,7,11,10,14,10,11,13,11,11,11,10,8,11,13,5,9,9,13,6,8,9,12,10,10,11,10,7,5,10,10,5,10,1,1,2,3,3,1,1,3,1,2,2,9,13,3,11,10,6,11,11,12,8,- -  -,
19296886,João Figueiredo,ST (C),1,12,10,11,12,13,13,12,11,13,12,10,11,9,10,13,8,7,13,11,13,9,14,11,8,8,13,12,11,14,12,6,7,12,10,7,13,1,2,1,3,1,2,3,1,2,1,1,14,14,7,11,11,10,13,12,9,13,- -  -,
19201785,Danilo,ST (C),8,12,10,11,13,10,11,12,11,5,12,10,11,10,11,9,15,4,11,11,10,12,11,10,11,11,13,11,11,11,10,8,8,10,5,7,12,1,1,2,1,3,2,2,3,3,1,3,9,12,5,8,7,9,10,11,14,10,- -  -,
19069374,Willen,ST (C),11,14,11,8,13,12,14,10,9,5,13,4,13,6,14,12,13,14,14,7,8,10,9,8,8,10,12,14,10,11,9,3,5,9,8,8,14,1,1,4,2,2,2,1,4,2,1,3,14,14,1,5,13,11,12,9,13,17,- -  -,
19026884,Edu Salles,ST (C),7,14,13,11,12,12,15,14,13,11,10,14,10,10,9,9,5,10,12,6,9,10,13,9,6,8,12,10,9,11,8,4,5,10,8,5,8,2,3,2,2,3,2,3,1,1,1,2,12,20,6,6,8,5,9,11,12,14,- -  -,
19000714,Marcelo Moreno,ST (C),6,9,8,13,14,15,11,9,13,9,12,14,12,12,11,11,14,6,14,7,12,11,10,5,9,8,14,10,13,15,11,1,5,9,14,7,12,2,2,1,3,1,2,2,1,1,2,2,7,13,14,10,12,11,14,10,10,16,- -  -,
18104869,Hamza Sanhaji,ST (C),8,14,13,8,5,12,15,10,8,9,12,13,11,12,12,11,13,10,13,9,13,6,13,8,8,14,11,13,8,7,8,7,5,11,4,5,12,2,3,2,1,3,3,2,3,2,3,1,14,12,8,5,4,5,10,11,11,7,- -  -,
18005801,Benjamin Mokulu,ST (C),19,12,11,13,14,11,13,10,15,14,11,13,11,12,12,14,9,11,13,7,11,8,11,7,8,9,10,8,8,13,7,5,4,9,8,7,9,3,1,3,1,4,3,3,3,4,1,1,12,14,1,5,11,5,15,11,14,10,- -  -,Opt
15088595,Alou Kuol,ST (C),10,12,12,8,9,12,14,12,10,9,12,12,16,9,12,7,10,5,14,9,10,9,12,7,10,6,12,12,10,13,12,4,8,12,7,3,7,1,3,2,2,2,2,4,3,1,3,2,9,18,3,9,7,5,13,11,14,16,- -  -,
14157429,Gianluca Simeone,ST (C),15,11,11,12,11,12,12,12,8,14,12,7,11,10,12,9,15,10,12,10,9,11,8,8,7,11,12,13,9,15,12,3,8,10,5,3,12,2,3,2,2,2,1,3,1,2,2,1,14,11,1,10,15,12,13,11,10,10,- -  -,
14036545,Tobías Figueroa,ST (C),6,9,10,16,15,13,9,13,16,13,15,14,14,11,11,12,10,15,16,9,14,9,15,5,6,9,14,12,8,15,10,4,5,9,15,7,12,3,3,3,1,2,3,1,3,3,1,1,10,10,5,8,10,12,13,11,7,9,- -  -,Opt
14008034,Matías Rotondi,ST (C),14,11,13,10,8,10,12,12,8,5,11,7,12,10,16,16,9,8,14,11,10,9,11,9,7,12,10,15,8,9,11,8,10,8,6,8,10,2,2,2,1,1,1,2,1,2,2,3,12,13,7,12,4,5,13,11,11,16,- -  -,
14003714,Roberto Moreira Aldana,ST (C),16,9,11,11,13,10,10,13,11,9,12,14,12,12,13,14,8,10,14,6,10,10,12,6,11,8,14,12,10,15,10,8,6,10,9,5,11,1,3,2,1,2,3,3,2,3,3,1,12,13,4,9,11,7,12,11,11,13,- -  -,
13232414,Laurent Moussa Mbele,ST (C),6,13,7,5,6,12,10,6,7,12,11,7,8,4,11,8,8,3,11,5,5,5,5,5,2,11,13,13,5,13,6,1,4,6,2,3,8,2,3,3,1,1,1,2,1,2,2,1,10,9,3,5,16,11,11,9,9,16,- -  -,
13231625,Nour Fettouhi,ST (C),26,10,11,8,7,13,12,10,9,9,13,7,14,9,14,4,13,2,14,8,7,8,8,6,4,14,14,8,7,11,5,4,6,7,6,1,8,2,1,1,1,2,3,1,2,1,4,2,10,13,1,5,10,9,12,7,11,20,- -  -,
13231209,Jordi Paul,ST (C),10,12,10,4,8,13,12,8,6,8,11,5,10,1,5,17,7,10,9,4,3,3,4,2,1,3,12,8,3,9,4,1,3,4,4,2,6,2,1,3,3,3,3,2,3,1,1,1,12,18,8,9,10,8,12,11,9,11,- -  -,Ama
13231080,Lois Kaya,ST (C),10,14,10,7,6,11,13,5,4,9,11,7,5,7,11,11,9,13,11,6,6,7,7,6,3,12,14,11,6,13,5,3,5,6,3,1,8,3,1,1,1,2,2,3,1,2,3,1,8,11,4,9,6,14,10,13,8,17,- -  -,
13230340,Alfred Leku,ST (C),5,13,13,7,9,10,13,13,7,12,9,2,8,7,13,5,11,13,12,7,6,4,8,6,3,13,13,13,6,13,7,2,5,6,7,1,9,1,3,2,3,4,1,2,2,3,2,2,11,9,2,7,11,7,13,10,10,10,- -  -,
13229782,David Molinga,ST (C),16,13,13,3,10,12,13,12,6,13,11,6,11,7,12,17,12,1,13,7,6,7,8,7,6,11,9,13,12,13,3,1,5,6,7,1,10,3,3,1,2,2,2,3,3,3,3,2,11,15,7,6,7,5,12,10,10,16,- -  -,
13222204,Bashir Mutanda,ST (C),10,14,14,8,3,11,14,13,3,5,10,8,6,6,13,17,11,7,13,6,7,7,9,7,4,11,14,12,7,14,6,3,5,8,2,2,7,2,3,2,1,1,1,3,2,1,1,1,10,13,7,5,18,13,9,11,10,17,- -  -,
13218770,Jules Ulimwengu,ST (C),13,13,12,8,8,12,12,7,7,5,9,8,10,6,11,15,10,13,14,7,6,7,7,3,6,14,13,14,6,13,2,6,4,7,2,1,11,3,3,3,3,3,1,4,1,3,2,1,12,20,7,13,15,5,11,12,13,12,- -  -,
13209203,Elvis Rupia,ST (C),15,13,13,8,5,5,13,13,7,5,13,6,9,8,13,9,11,13,13,8,7,8,8,7,8,10,13,10,7,13,8,5,5,8,9,1,11,3,1,2,3,2,4,3,3,3,2,2,11,18,8,8,15,12,12,12,12,13,- -  -,
13208254,Cosmos Dauda,ST (C),15,13,11,8,13,15,13,13,9,10,9,9,12,8,13,11,15,11,14,8,7,3,8,8,7,13,13,10,8,13,8,2,5,8,6,1,10,1,1,2,2,1,2,2,2,3,1,1,12,12,5,5,15,7,12,11,11,17,- -  -,
13207013,Hamza Belahouel,ST (C),13,13,12,8,13,17,13,13,9,9,9,9,8,7,13,11,15,10,13,8,7,8,8,7,8,13,11,12,7,13,6,1,5,8,5,5,9,2,2,2,1,3,3,2,1,2,2,2,10,10,7,8,7,12,12,7,11,14,- -  -,
13204864,Ashraf Agoro,ST (C),15,13,11,6,4,15,12,8,9,8,12,9,10,9,10,14,11,4,13,8,7,7,8,8,8,13,13,14,6,13,9,1,6,9,5,3,12,2,2,3,2,3,4,3,3,2,1,3,12,13,7,11,2,9,11,11,11,12,- -  -,
13202985,Mohammed Fikri,ST (C),7,10,6,14,14,14,10,12,14,12,7,6,8,11,12,7,15,13,8,10,10,10,11,10,7,11,12,15,8,13,10,4,5,10,8,4,10,1,2,1,2,2,3,3,2,3,1,3,9,18,4,5,9,11,10,2,11,11,- -  -,
13202367,Issaka Diarra,ST (C),19,13,13,7,3,12,13,13,9,5,11,1,8,7,12,9,10,4,11,6,6,7,8,6,5,8,13,13,6,13,6,1,4,5,5,2,10,2,4,2,2,1,4,2,3,3,1,2,12,17,4,9,11,8,11,10,8,16,- -  -,
13201859,Richard Zumah,ST (C),4,14,12,9,10,13,14,13,10,5,14,7,11,9,10,10,11,11,8,6,8,8,9,7,7,10,14,14,8,14,8,5,8,7,5,6,12,3,1,2,3,3,1,3,3,1,2,3,10,13,4,12,18,5,12,10,9,15,- -  -,
13196622,Lassina Traoré,ST (C),9,13,14,15,12,14,14,13,16,12,12,14,13,9,12,15,11,5,12,5,13,8,10,5,5,11,15,14,13,13,11,5,5,13,12,4,12,2,3,2,2,3,1,1,1,3,2,1,14,12,1,5,11,11,12,12,7,14,- -  -,Wnt
13194638,Daniel Lomotey,ST (C),8,14,12,9,8,8,12,7,7,12,13,8,11,9,8,18,15,3,14,8,7,6,8,6,4,8,14,11,8,14,8,4,7,8,5,4,9,1,1,3,1,3,2,2,3,2,4,3,12,15,8,6,9,9,11,12,11,10,- -  -,
13194006,Aboubacar Yacouba,ST (C),22,12,13,7,4,12,12,6,1,13,13,6,9,6,10,4,10,13,12,7,7,3,8,7,6,14,14,14,7,13,8,1,5,8,4,2,11,1,3,3,3,1,3,2,2,2,3,2,10,13,1,9,15,8,8,8,13,13,- -  -,
13190693,Mohamed Traoré,ST (C),3,13,13,7,4,13,13,13,8,6,12,4,11,7,11,7,8,6,10,5,6,7,8,6,3,13,7,13,6,13,5,1,5,8,7,3,9,2,1,1,2,3,2,2,3,1,4,2,12,8,8,11,5,12,8,12,12,14,- -  -,
13166346,Basem Morsy,ST (C),5,11,12,12,11,11,12,11,13,18,14,17,10,8,6,15,8,14,13,8,9,11,15,6,7,11,13,11,11,14,10,4,5,11,10,7,13,1,1,1,1,3,2,2,4,4,1,3,16,13,15,18,15,4,4,3,10,6,- -  -,
13164765,Mohammed Bouldini,ST (C),6,15,14,12,14,8,15,12,15,10,14,12,13,11,12,12,18,5,12,6,8,10,12,5,8,14,16,11,5,14,10,5,4,11,8,5,14,1,2,1,3,1,3,4,1,3,3,4,12,15,6,6,12,13,13,14,9,15,- -  -,
,,,,,,,,,,,,,,,,,,,,,,,,,,,,,,,,,,,,,,,,,,,,,,,,,,,,,,,,,,,,,,
