UID,Name,Position,Tck R,Acc,Agi,Bal,Jum,Nat,Pac,Sta,Str,Agg,Ant,Bra,Cmp,Cnt,Dec,Det,Fla,Ldr,OtB,Pos,Tea,Vis,Wor,Cor,Cro,Dri,Fin,Fir,Fre,Hea,Lon,L Th,Mar,Pas,Pen,Tck,Tec,Aer,Cmd,Com,Ecc,Han,Kic,1v1,Pun,Ref,TRO,Thr,Amb,Cons,Cont,Dirt,Imp M,Inj Pr,Prof,Spor,Vers,Temp,Rec,Inf
18089311,Jonas Vinck,"D (RC), WB (R)",74%,14,11,9,8,16,13,12,10,11,12,14,10,12,11,15,5,15,11,8,14,8,14,11,12,10,8,10,9,7,8,10,12,10,6,10,9,1,1,1,3,2,1,3,4,1,1,2,14,12,3,5,14,6,10,13,17,17,- -  -,Inj
98017542,Naser Aliji,D/WB/M/AM (L),55%,12,13,10,10,13,12,11,9,13,9,13,12,9,11,12,13,8,13,10,14,13,10,10,11,10,10,13,12,8,12,12,10,12,9,11,13,2,2,3,1,2,3,2,1,3,1,3,15,11,8,10,12,10,13,12,14,9,- -  -,
22012980,Radoslav Dimitrov,D (R),54%,12,11,10,10,12,12,11,10,14,12,14,13,13,12,14,12,11,12,12,12,11,14,11,13,10,8,12,10,11,9,11,13,12,10,12,11,3,2,1,1,1,4,2,2,2,2,1,13,14,14,10,12,5,12,11,15,7,- -  -,
5317128,Denys Kulakov,D/WB (R),87%,13,11,11,10,17,14,12,9,13,13,10,10,11,11,12,8,6,10,10,10,10,13,13,12,5,7,11,5,12,7,8,13,11,10,13,12,3,2,4,3,2,2,3,3,1,1,1,13,16,11,6,7,6,12,11,13,12,- -  -,Wnt
85074543,Damien Dussaut,D (R),66%,12,12,12,10,12,12,13,12,11,10,9,12,11,11,13,12,9,11,12,13,12,13,11,12,11,8,12,8,10,8,12,11,12,6,12,12,1,1,1,4,3,3,3,3,1,1,1,16,13,4,7,13,6,11,14,15,11,- -  -,Wnt
19108533,Junior Morais,D (RL),69%,9,11,11,9,13,12,9,8,10,13,11,12,11,12,12,12,7,12,11,16,13,14,13,15,9,10,14,8,6,14,12,12,13,12,14,14,3,3,3,3,4,2,3,4,2,2,4,11,15,8,8,15,7,13,10,13,11,- -  -,
71096232,Anton Krivotsyuk,"D (LC), WB (L)",80%,10,11,10,13,10,11,11,13,12,12,8,12,11,12,16,9,12,10,12,11,11,12,4,8,8,7,10,8,12,9,11,12,10,10,13,7,3,2,1,4,1,1,3,2,1,1,2,10,9,7,13,11,10,12,10,12,19,- -  -,
12056232,Oussama Haddadi,"D (LC), WB (L)",74%,12,12,12,12,12,12,12,12,10,12,12,12,12,13,10,11,12,12,9,13,12,13,10,12,12,8,11,10,8,9,13,10,11,10,11,12,1,1,1,4,1,1,2,1,2,3,2,12,14,6,9,12,7,12,5,13,16,- -  -,Wnt
66000842,Choi Chul-Soon,"D (RLC), WB (R), DM",83%,11,10,10,9,15,11,9,10,12,12,13,9,15,11,5,4,13,8,13,12,10,14,7,11,8,5,10,7,7,3,11,14,13,9,15,8,1,3,2,3,2,2,2,1,3,2,1,11,9,1,6,14,8,13,11,13,10,- -  -,
8058701,Fedor Kudryashov,D (LC),73%,10,9,13,10,16,9,11,11,12,13,13,12,12,11,12,8,10,10,14,14,9,15,8,10,8,6,10,6,12,7,11,12,11,5,12,11,2,2,1,1,2,2,2,2,1,3,2,14,14,4,13,11,10,14,10,14,7,- -  -,
54007366,Maciej Sadlok,D (LC),75%,11,10,11,13,11,11,10,11,14,11,11,10,10,11,13,10,13,10,12,11,11,12,8,11,9,4,11,11,12,8,12,12,10,8,12,9,3,2,1,1,2,2,2,4,3,2,2,13,12,7,14,11,12,13,10,12,12,- -  -,Opt
25017074,Ondřej Zahustel,"D (RL), WB/M/AM (R)",85%,12,11,8,6,7,12,9,9,8,11,11,10,9,11,11,13,5,8,11,8,10,12,11,11,12,9,13,9,7,8,3,9,13,10,8,13,4,3,2,4,1,1,1,3,3,2,4,7,13,10,9,8,12,13,8,11,10,- -  -,
33000888,Jukka Raitala,"D (RLC), WB (L)",83%,9,10,12,12,13,11,9,10,12,11,14,10,13,10,12,8,13,10,12,12,8,14,7,12,10,5,11,5,12,4,16,12,10,6,13,12,1,1,1,1,1,1,1,1,1,1,1,17,14,10,7,11,11,14,14,14,10,- -  -,
92026524,Hendrick Zuck,"D/WB (L), M (LC)",89%,12,13,9,7,13,11,13,7,15,10,13,9,12,13,14,13,7,14,8,10,12,12,11,12,11,10,12,11,6,9,10,6,11,9,8,12,1,4,2,3,3,3,3,3,1,1,4,11,14,13,5,10,9,10,12,15,12,- -  -,
8403439,Avdija Vršajević,D/WB/M (R),75%,12,12,11,8,15,12,13,10,16,11,14,12,12,11,17,11,10,13,8,13,11,16,12,9,11,8,10,6,7,6,14,11,12,13,11,10,2,2,1,4,1,1,1,1,2,2,4,15,13,5,14,12,10,16,6,14,6,- -  -,
93011278,Mattias Johansson,D/WB (R),60%,11,11,10,8,12,12,9,10,12,12,13,12,13,12,13,8,10,10,13,14,12,14,7,11,11,10,12,7,11,9,10,13,12,7,13,12,3,1,2,1,2,1,3,1,2,3,3,12,14,4,8,11,17,14,12,10,13,- -  -,
19252111,Geferson,"D/WB (L), DM, M (C)",72%,11,10,13,12,11,11,13,12,14,12,12,9,10,9,9,7,9,10,13,13,9,11,10,12,10,7,11,12,10,7,13,11,11,13,13,12,1,1,3,3,1,1,3,2,1,3,3,12,12,7,12,12,12,11,8,16,10,- -  -,
59092449,Guram Giorbelidze,D/WB (L),83%,12,12,12,9,12,12,14,9,7,12,12,11,11,12,11,8,8,9,13,12,12,13,5,6,8,6,11,7,12,8,8,12,12,6,11,10,3,1,2,1,2,1,1,1,3,3,1,12,16,2,13,11,4,9,10,9,18,- -  -,
57066539,Marius Briceag,D/WB (L),78%,12,13,10,7,12,13,11,13,10,13,14,13,11,9,11,8,8,12,12,14,11,14,5,13,8,7,10,6,12,8,13,12,11,7,13,11,3,1,2,1,2,2,1,1,3,3,2,11,12,3,12,12,3,12,12,13,13,- -  -,Wnt
919860,Gaël Clichy,D/WB (L),75%,9,12,13,11,14,9,8,7,10,15,13,14,13,13,13,10,7,13,14,15,12,12,5,13,10,6,14,5,12,5,10,13,14,6,14,14,1,1,2,1,3,1,3,2,4,3,3,13,14,9,12,14,12,16,15,11,16,- -  -,
38001846,Tamás Kádár,"D (LC), WB (L)",77%,8,9,13,14,10,9,11,13,14,12,17,12,10,12,14,10,9,8,13,13,12,14,5,11,10,5,12,5,13,9,13,11,13,8,13,10,2,1,3,3,3,1,1,2,2,3,3,10,12,5,9,10,12,10,8,11,15,- -  -,
85048845,Gaëtan Bussmann,"D (LC), WB/AM (L)",71%,9,12,12,11,12,11,12,12,13,10,15,9,12,11,15,9,11,12,11,13,8,15,7,13,10,8,8,7,13,12,15,12,10,7,14,8,3,1,3,3,1,3,4,2,1,2,1,12,12,5,11,15,14,14,16,11,16,- -  -,
42078163,Or Dadya,D/WB (R),66%,14,12,8,13,13,14,13,11,11,10,13,8,9,8,14,9,6,14,10,14,9,16,9,14,9,7,12,5,10,5,10,10,12,8,12,11,3,1,3,1,3,1,2,2,2,3,2,13,11,6,7,13,7,12,13,11,6,- -  -,
57128362,Dorinel Oancea,D/WB (R),80%,12,12,12,9,10,13,12,12,7,13,11,12,12,13,11,9,8,11,12,13,11,13,9,14,8,7,12,6,9,6,14,12,13,8,12,8,1,1,2,2,2,2,2,3,2,2,2,12,9,2,4,12,4,13,12,12,11,- -  -,Opt
28103584,Cole Dasilva,D/WB (RL),76%,15,11,10,6,13,15,11,9,8,7,9,10,11,9,11,11,10,5,10,10,9,10,10,11,8,7,9,12,7,10,7,8,8,3,10,12,4,1,3,2,1,3,3,2,3,2,2,12,10,3,6,18,4,11,13,13,11,- -  -,
83243055,Filipe Cruz,D/WB (R),76%,13,12,12,8,13,13,12,8,13,12,10,12,13,11,13,10,11,12,9,13,11,13,13,13,12,8,12,13,7,8,12,9,12,8,11,12,2,1,2,2,2,2,2,2,2,3,3,11,13,6,6,12,12,14,13,13,14,- -  -,
55083824,Ricardinho,"D (RC), WB (R), DM",78%,12,11,11,8,11,13,11,11,9,11,7,11,12,12,12,11,13,11,12,11,8,12,8,12,11,7,11,6,10,12,11,13,13,6,13,10,2,4,3,1,1,1,3,2,3,1,2,15,11,9,8,11,5,14,14,13,11,- -  -,
5651725,Martin Fillo,"D/WB (R), M/AM (RL)",70%,8,11,12,7,12,8,7,9,14,14,14,7,7,12,12,16,10,14,9,8,9,13,10,14,13,12,14,10,8,12,6,9,12,10,10,15,2,1,2,3,1,3,1,2,1,1,1,13,14,4,11,15,10,14,14,17,12,- -  -,
34000999,Gaëtan Bong,D (L),64%,10,12,12,11,13,12,12,12,11,13,13,9,13,11,14,6,8,8,15,14,7,14,7,6,8,6,10,6,12,7,13,12,9,6,14,10,3,3,2,1,2,4,3,2,3,3,2,13,14,3,10,12,8,18,15,10,14,- -  -,
57108744,Denis Dumitraşcu,D/M/AM (L),82%,12,13,13,11,12,13,13,12,10,11,10,11,11,12,12,9,8,11,12,13,12,13,3,13,9,7,12,9,10,8,13,12,11,5,12,9,3,2,2,4,3,1,3,3,3,4,3,12,11,6,4,9,2,13,11,11,12,- -  -,
864177,Guus Joppen,"D (RC), WB (R)",79%,12,10,10,11,15,11,10,11,8,11,11,13,12,11,11,7,13,12,12,13,12,14,7,6,6,9,10,8,13,10,14,13,9,5,12,11,3,1,2,1,1,3,2,1,3,3,2,10,15,6,8,7,6,12,13,15,13,- -  -,
37058355,Faris Hammouti,D/WB/M/AM (R),76%,12,11,12,12,13,12,11,11,13,14,13,12,11,12,4,11,12,10,9,12,12,14,10,9,11,10,11,9,13,10,10,8,12,7,11,12,1,3,3,2,3,3,3,3,3,1,1,10,13,7,8,11,5,11,13,15,10,- -  -,
37055839,Navajo Bakboord,"D (RC), WB (R)",82%,13,13,13,9,13,13,13,8,17,11,13,10,11,11,16,9,9,11,12,12,10,13,4,9,11,5,12,8,10,6,9,12,12,6,12,11,1,2,1,2,3,2,3,2,1,1,1,11,12,8,10,9,7,14,10,12,7,- -  -,Wnt
37044021,Jeff Hardeveld,"D (LC), WB (L)",75%,12,10,11,11,12,12,13,12,11,11,13,11,13,11,12,11,7,11,12,13,12,14,10,11,9,7,11,13,12,11,11,9,12,15,12,10,3,3,1,2,4,3,3,3,1,3,1,10,14,8,8,16,15,12,10,12,5,- -  -,
16009567,Emanuel Schreiner,D/WB/M (L),88%,12,11,11,11,13,11,11,13,5,12,8,9,11,11,12,8,8,14,13,13,9,15,9,11,8,6,10,7,12,7,9,11,13,11,11,10,2,3,2,3,1,2,3,1,3,3,2,12,12,7,4,9,9,14,13,12,12,- -  -,
85050974,Franck Tabanou,D/WB/M/AM (L),67%,12,11,11,8,10,12,10,11,16,10,13,12,11,11,11,13,6,13,9,11,13,14,11,13,11,7,13,11,10,12,10,9,12,8,10,12,3,1,1,2,1,2,3,1,2,3,1,16,12,14,13,15,14,10,12,11,14,- -  -,
39053492,Rúnar Þór Sigurgeirsson,D/M (L),74%,15,11,10,13,15,12,9,8,14,11,10,8,11,14,16,5,13,8,11,10,9,11,10,13,10,6,9,8,9,9,9,10,11,7,11,11,1,3,1,3,2,3,2,1,3,3,2,13,15,6,9,7,9,10,13,15,15,- -  -,Inj
53056898,Saliou Ciss,"D (LC), WB/M (L)",77%,12,13,10,7,13,13,11,11,7,11,11,12,10,12,15,12,9,12,10,12,10,13,7,12,12,7,12,7,10,11,11,10,11,7,13,12,3,4,1,2,2,1,2,1,3,2,2,15,12,14,10,12,8,12,15,14,6,- -  -,
37017042,Jeffry Fortes,"D (RC), WB (R), DM, M (R)",73%,10,11,14,12,13,10,10,10,13,11,12,13,11,10,14,11,8,14,12,12,10,14,10,11,12,6,11,7,12,7,8,12,12,13,13,13,2,3,3,2,3,2,1,3,2,2,3,10,13,6,6,11,7,16,14,12,12,- -  -,
37018395,Fabian Sporkslede,"D (RC), WB (R), DM",74%,12,12,12,7,14,12,11,15,14,11,13,12,12,10,10,8,8,11,13,13,11,12,6,7,9,4,12,8,11,7,5,12,12,9,12,12,3,1,4,3,1,2,2,2,1,1,2,10,11,4,6,9,11,11,12,14,9,- -  -,
28081273,Gethin Jones,"D (RC), WB (R)",82%,13,12,10,10,13,12,13,10,11,12,12,11,11,10,13,7,14,13,13,12,10,11,6,8,8,7,11,6,12,8,10,11,11,6,12,12,4,3,2,3,2,3,2,2,4,2,3,12,13,1,5,14,8,13,14,15,13,- -  -,Wnt
16178250,Leonardo Lukačević,D/WB/M (L),82%,13,12,11,8,11,13,12,11,8,12,13,10,11,10,14,9,8,14,13,12,12,12,6,10,9,6,10,8,6,9,6,12,10,7,12,11,1,2,2,4,3,1,1,2,3,2,1,16,12,8,5,7,9,9,11,9,19,- -  -,
16009627,Christian Klem,D/WB/M (L),84%,11,11,11,7,14,11,14,10,5,11,12,11,12,11,12,8,12,12,13,13,11,13,11,11,12,4,11,5,9,8,6,12,11,8,11,12,3,2,1,2,1,2,2,2,2,3,3,10,14,9,4,12,13,13,12,11,12,- -  -,
98005085,François Moubandje,"D (LC), WB (L)",74%,11,11,13,13,15,10,12,11,11,13,8,12,11,12,9,10,8,10,12,11,11,13,6,13,9,6,12,9,12,7,10,12,14,11,13,12,1,2,2,2,2,3,3,3,1,3,1,11,10,8,8,9,10,10,11,14,13,- -  -,
83297602,João Mendes,D/WB (L),80%,13,12,11,9,12,13,12,12,13,11,9,11,10,12,19,7,4,14,10,10,14,11,6,14,11,10,9,7,10,8,7,10,10,8,13,12,3,3,3,3,3,1,1,3,3,1,4,13,11,6,5,14,7,9,11,18,14,- -  -,Wnt
55069773,Nuno Campos,"D (RL), WB (R)",69%,14,13,12,7,13,13,12,8,11,13,10,12,12,11,13,9,9,12,10,12,11,12,5,11,12,5,12,7,6,7,12,10,11,5,12,13,3,2,3,1,2,3,2,1,3,1,1,5,14,6,6,10,3,13,14,11,16,- -  -,Opt
18032373,Jannes Vansteenkiste,"D (LC), WB (L)",78%,13,15,5,7,15,13,13,4,7,12,10,10,14,9,12,5,15,11,13,13,7,15,7,8,8,4,9,3,9,9,2,12,10,4,16,9,2,1,1,1,1,1,3,2,1,2,3,14,13,3,7,9,8,10,10,16,13,- -  -,
70002626,Eren Albayrak,D/WB/M (L),73%,12,12,9,7,10,11,12,12,11,11,12,12,13,11,10,6,6,10,9,13,10,13,12,11,11,8,11,10,9,9,8,8,11,10,11,10,3,2,1,2,4,1,3,1,2,3,2,13,12,7,8,12,15,12,9,12,13,- -  -,
85007639,Joffrey Cuffaut,"D (RC), WB (R)",75%,10,10,12,10,15,11,12,11,9,13,13,13,12,11,15,12,12,12,13,13,11,12,10,11,11,7,12,8,12,8,13,12,12,13,12,11,2,3,1,3,1,3,2,1,2,2,2,13,13,5,12,14,5,14,12,12,15,- -  -,Inj
83228783,Rodrigo Pinheiro,"D (RL), WB (R)",76%,13,14,8,11,11,14,12,10,9,12,9,9,11,11,13,11,7,12,11,12,9,13,6,12,11,7,11,6,7,8,11,13,11,6,12,11,2,1,1,2,2,1,1,2,3,2,2,11,12,5,7,11,6,14,10,15,18,- -  -,
22013763,Tsvetomir Panov,"D (RL), WB (R)",91%,12,12,10,7,13,11,12,8,13,12,14,12,13,11,13,8,10,9,15,15,8,14,6,11,10,6,12,6,6,6,12,12,11,8,12,11,3,2,3,2,3,1,2,1,1,2,3,13,17,7,11,15,8,15,15,13,15,- -  -,
83209334,Lucas Silva,D/WB/M (L),81%,14,11,11,11,13,14,12,9,11,12,10,9,9,11,12,6,5,13,11,11,9,10,9,13,13,9,11,6,10,10,9,11,12,7,12,12,4,2,1,2,2,3,1,1,2,3,2,13,11,8,8,10,7,14,13,12,11,- -  -,
70131625,Kazımcan Karataş,D/WB (L),78%,14,13,12,11,14,14,13,12,6,8,8,8,12,9,18,12,7,9,8,12,9,14,10,10,12,8,10,9,8,9,14,9,9,9,11,11,2,3,4,2,2,1,2,2,1,1,3,12,16,3,6,11,9,9,14,14,13,- -  -,
8442281,Pierre Gibaud,D (RLC),85%,11,10,13,12,13,10,12,13,13,13,15,12,13,8,15,6,13,8,13,14,9,12,3,10,9,8,12,5,13,6,10,14,11,6,12,9,4,2,3,1,3,2,1,1,1,3,3,14,13,6,10,14,7,16,14,14,15,- -  -,
14076483,Germán Ferreyra,"D (RC), WB/M (R)",76%,14,12,12,9,13,12,12,12,14,13,12,9,10,9,10,9,1,8,10,12,9,12,10,10,10,8,11,9,13,8,4,13,12,11,13,12,2,1,1,3,1,3,2,2,3,2,1,12,12,2,14,4,8,12,9,16,13,- -  -,
16336974,Ziad El Sheiwi,D/WB (L),65%,18,13,9,9,12,16,13,9,10,12,9,9,8,11,18,5,6,11,13,13,9,13,6,12,7,6,13,3,7,6,8,8,9,5,10,10,3,1,2,1,2,2,3,2,1,4,3,12,16,8,8,8,8,12,12,9,10,- -  -,
38035635,Barnabás Bese,D/WB/M (R),82%,11,11,14,13,14,12,9,15,10,13,14,12,13,11,13,8,8,10,11,13,10,12,8,11,9,6,12,8,12,8,10,9,11,8,12,11,1,2,2,2,3,2,4,3,2,2,1,13,14,7,8,12,7,13,12,11,10,- -  -,Opt
18032128,Fayçal Rherras,D/WB/M/AM (L),75%,14,10,12,11,10,14,12,12,12,10,16,10,9,9,14,14,7,12,8,11,6,10,7,10,10,8,12,10,8,10,12,8,11,9,10,12,3,4,3,1,2,3,3,3,1,2,1,12,12,10,13,10,15,9,8,15,8,- -  -,Opt
25003119,Jan Krob,D/WB (L),58%,8,9,10,7,6,11,10,6,14,16,15,12,13,16,14,6,12,10,13,15,13,13,15,15,8,9,13,15,5,10,11,10,11,15,14,13,1,2,3,2,1,1,3,4,1,3,3,10,14,4,12,10,14,11,10,7,7,- -  -,
91108200,Herbert Paul,D (RC),73%,12,11,13,13,15,14,13,13,13,11,12,11,10,11,12,9,3,9,14,13,9,12,4,10,9,7,9,4,11,6,10,12,9,6,14,10,3,2,2,2,1,2,1,2,1,1,2,12,16,6,7,15,6,13,13,11,13,- -  -,
34011563,Mohamed Youssouf,"D (R), M/AM (RL)",79%,13,14,7,6,13,14,11,6,8,10,10,9,9,10,12,13,6,13,8,9,12,13,10,11,10,8,13,8,7,10,8,8,9,10,8,12,1,2,1,3,3,2,4,1,2,4,1,12,13,7,6,14,6,13,14,13,14,- -  -,
91143486,Niko Kijewski,D/WB (L),77%,14,12,10,8,15,13,12,9,11,12,9,10,9,11,13,8,7,9,10,14,8,12,7,11,9,7,11,7,8,9,14,11,10,8,13,12,1,1,4,2,2,3,1,1,3,1,2,14,12,6,8,11,4,14,12,14,16,- -  -,
1408506,Gaetano Berardi,D (RLC),47%,10,9,12,9,15,12,15,11,19,12,20,9,13,11,18,2,14,9,12,13,4,17,1,9,5,2,10,1,10,2,11,13,8,1,16,9,2,3,1,3,2,3,3,2,1,4,1,8,18,14,18,10,14,16,9,16,2,- -  -,
18076749,Ali Yaşar,"D/WB (L), DM, M (L)",86%,14,13,12,6,10,14,12,11,9,10,10,11,11,10,12,5,5,12,8,13,11,13,8,12,11,7,13,5,6,12,11,9,9,6,11,12,4,4,3,2,3,1,3,3,3,3,3,14,14,8,9,5,13,7,14,14,8,- -  -,Wnt
36130584,Abdul Rahman Weiss,D/WB (R),87%,14,16,8,7,15,15,14,9,16,10,13,9,10,8,16,6,7,11,9,13,7,15,6,10,7,6,9,6,7,6,12,12,8,6,9,9,2,3,3,2,1,3,3,3,2,1,1,14,13,4,13,8,10,15,12,13,10,- -  -,
67127223,Cifu,D/WB/AM (R),81%,14,12,12,10,11,13,14,8,14,12,12,12,11,10,13,11,12,12,12,15,8,14,7,7,10,7,8,4,8,9,11,10,8,11,10,8,2,3,3,2,1,4,1,3,3,2,3,13,14,1,6,10,14,18,16,17,16,- -  -,
57042759,Andrei Peteleu,"D (RL), WB (R)",59%,11,9,9,12,12,13,12,10,12,12,12,11,10,12,8,10,6,14,11,15,7,16,10,12,12,9,11,8,12,9,12,13,12,7,14,11,2,2,3,2,4,3,1,2,2,3,2,12,13,13,7,11,12,11,11,12,9,- -  -,
57034870,Valentin Creţu,D (R),83%,14,11,11,10,13,12,15,9,11,12,13,12,12,9,14,10,7,8,11,14,9,14,4,2,9,7,8,6,9,8,11,13,12,8,12,11,2,3,3,1,1,3,1,2,2,3,3,12,13,9,13,12,7,14,13,10,11,- -  -,Wnt
57148588,Ştefan Vlădoiu,D/WB (R),74%,13,13,11,9,11,13,11,10,10,12,10,10,11,12,13,9,7,11,11,14,11,14,8,12,11,7,12,9,11,8,14,11,12,8,12,12,2,1,2,2,1,2,1,2,2,2,2,12,13,6,8,7,6,14,12,8,12,- -  -,
2000168791,Isaac Annan,D (L),76%,13,12,10,13,15,13,15,8,14,8,10,10,8,15,18,7,9,8,13,10,10,10,8,13,5,1,11,4,10,5,7,12,9,6,10,11,3,2,2,2,2,3,1,1,1,3,3,10,13,3,6,12,5,9,12,14,18,- -  -,
38037430,Szilveszter Hangya,D/WB (L),71%,13,13,10,8,14,13,13,7,10,12,14,9,11,11,18,8,3,13,11,14,11,15,13,12,10,8,12,13,7,11,7,9,11,8,11,10,4,4,3,3,1,2,1,1,3,1,2,9,12,8,9,2,8,15,5,9,16,- -  -,
37076293,Hamdi Akujobi,"D (R), DM, M (C)",88%,13,11,13,8,11,12,12,12,16,11,10,11,7,15,12,5,6,4,15,12,11,11,7,10,9,8,14,9,9,9,2,11,13,7,8,11,2,1,1,3,3,3,3,1,1,3,3,12,10,2,10,10,6,9,11,12,16,- -  -,
22017444,Aleksandar Dyulgerov,D (RLC),75%,12,11,13,13,13,13,13,13,13,12,15,11,12,11,15,7,13,10,12,17,9,15,8,9,9,7,9,7,12,8,12,12,11,6,13,9,2,1,2,3,2,3,1,1,2,1,3,12,14,8,9,13,9,10,11,14,10,- -  -,
55011464,João Aurélio,D/WB/M (R),83%,12,11,10,11,14,13,9,8,11,14,13,8,14,11,14,13,13,13,12,13,10,14,11,11,10,9,12,9,8,8,12,11,10,11,14,12,3,4,2,4,3,2,2,2,1,2,3,11,14,5,7,12,9,14,12,13,12,- -  -,
42078573,Shay Konstantin,D/WB/M (R),65%,13,11,12,13,12,13,12,9,11,11,10,12,11,10,12,12,11,12,12,11,10,12,12,11,10,12,7,12,9,12,12,10,12,14,11,13,1,3,1,3,1,3,4,3,3,1,3,11,11,5,11,12,8,11,12,13,10,- -  -,
58100108,Jamaldin Khodjaniyazov,"D (LC), WB (L)",66%,14,11,11,13,13,13,12,12,16,10,15,8,6,5,16,12,8,9,9,9,9,13,11,12,10,6,13,14,12,12,15,13,11,11,12,12,2,4,1,1,3,1,3,2,2,1,2,8,9,5,13,8,4,10,12,13,10,- -  -,
22055350,Aleksandar Vasilev,D/WB/M/AM (L),77%,14,14,11,5,13,13,12,8,14,10,14,10,11,9,13,9,8,11,10,13,10,15,10,11,12,8,10,8,5,9,12,9,11,10,11,12,2,3,1,1,2,1,1,3,2,1,3,12,13,8,7,12,9,13,11,16,11,- -  -,
16015049,Michael Huber,"D (RC), DM",88%,10,11,11,14,12,10,10,10,12,12,11,11,11,11,13,5,12,11,13,12,8,11,6,7,8,6,11,9,13,8,5,11,13,8,13,9,1,3,2,1,1,1,2,3,2,3,1,12,12,3,7,10,8,10,12,10,16,- -  -,
70048011,Murat Uçar,D/M/AM (R),79%,16,15,11,7,12,13,13,11,7,10,12,10,11,10,14,13,6,10,10,10,10,12,6,10,12,9,12,7,7,7,6,8,9,10,10,10,3,1,1,2,2,3,2,2,3,2,2,13,13,7,8,11,6,12,11,13,13,- -  -,
22028484,Diego Ferraresso,D/WB (RL),75%,13,14,10,7,12,12,13,7,12,10,13,11,10,8,13,11,7,11,10,12,11,13,10,10,12,8,11,6,6,12,13,9,11,7,12,13,3,1,2,3,3,1,3,3,3,2,1,13,12,6,13,10,8,14,9,18,18,- -  -,
37017706,Ömer Bayram,"D/WB (L), M (LC), AM (L)",82%,11,11,15,9,15,12,13,13,16,8,16,10,12,9,15,8,5,12,7,15,9,16,15,13,14,8,12,13,7,12,10,8,12,9,11,11,1,1,2,3,1,2,1,3,1,3,2,10,13,7,12,10,8,12,10,14,8,- -  -,
69010958,Dragan Mihajlovic,"D/WB (R), DM, M (RC), AM (R)",77%,12,12,11,8,12,11,12,8,11,12,12,11,12,11,11,8,9,11,10,13,8,12,10,11,9,7,12,8,7,9,13,11,11,10,12,12,3,2,2,2,1,2,4,2,3,3,1,13,14,3,9,11,7,12,11,16,10,- -  -,
5120064,Martin Cranie,D (RC),79%,7,11,13,12,13,6,11,13,10,12,13,13,13,13,12,8,12,10,13,15,10,15,6,9,10,6,11,5,12,5,10,12,12,7,13,11,2,1,3,1,1,2,3,2,2,3,2,13,14,7,7,12,10,12,12,14,16,- -  -,Wnt
69005389,Ermir Lenjani,D/WB/M (L),79%,12,12,10,8,12,12,11,6,12,11,12,11,11,11,10,13,10,13,15,13,14,16,11,13,10,10,11,10,6,10,13,11,11,8,11,12,3,2,2,1,2,3,1,1,3,3,3,13,13,7,6,10,5,14,11,14,13,- -  -,
91177334,Fabrice Hartmann,"D/WB (RL), M/AM (L)",72%,13,12,11,8,15,12,11,8,9,8,8,11,8,10,11,11,6,12,5,9,9,13,7,9,11,12,11,8,8,9,8,5,9,12,6,11,3,2,3,3,2,2,3,1,3,2,3,12,11,10,7,9,6,12,8,15,12,- -  -,
85075646,Antoine Conte,D (RC),86%,12,12,13,12,13,13,11,12,14,12,13,10,10,11,12,7,9,12,11,12,10,13,4,11,8,8,11,6,13,11,8,13,11,8,13,12,2,3,1,2,1,1,1,3,3,1,1,13,10,17,12,12,18,8,10,13,6,- -  -,
37075179,Brian Plat,"D (RC), WB (R)",71%,11,10,13,14,13,12,12,12,14,11,11,12,10,14,14,6,8,7,11,13,7,13,5,9,6,9,10,1,13,11,3,11,12,6,11,9,3,2,1,1,1,3,3,2,4,2,1,13,13,3,7,9,5,12,12,16,20,- -  -,
24024494,Mato Miloš,D/WB (RL),82%,14,14,10,7,16,12,13,10,14,10,15,9,8,10,16,12,8,12,11,14,8,16,7,11,10,6,9,6,9,8,13,11,10,7,11,9,1,4,1,2,1,2,1,1,2,1,3,13,12,5,14,10,5,14,13,18,11,- -  -,
55082299,João Lucas,D/WB (L),83%,13,12,12,10,13,12,13,10,12,13,10,12,11,10,13,11,6,12,10,12,10,13,12,12,12,7,11,10,9,9,11,10,12,6,12,11,3,2,3,3,3,3,4,1,1,2,3,14,13,6,3,11,5,13,12,7,10,- -  -,Inj
28059104,Kristián Koštrna,"D (RL), WB/M (R)",74%,11,13,9,10,13,12,12,11,14,10,13,11,10,11,13,10,9,10,12,12,10,13,9,10,10,6,10,10,10,8,12,13,11,4,12,12,3,1,3,2,3,3,2,1,3,2,2,14,13,9,5,12,7,12,12,15,17,- -  -,Inj
67289962,José Salinas,D/WB (L),87%,14,12,11,10,17,14,10,7,15,11,10,11,15,13,12,5,1,8,12,15,9,12,7,12,10,5,12,2,11,9,6,11,6,5,16,12,3,1,3,3,4,1,1,1,3,1,3,10,13,2,10,8,7,11,10,13,15,- -  -,Wnt
92096942,Sascha Härtel,D/WB (L),70%,13,15,11,10,7,13,10,9,9,10,10,12,9,11,14,5,8,11,10,13,12,12,8,15,10,8,9,5,10,7,11,12,7,5,15,11,1,2,3,2,1,2,2,2,2,3,2,13,13,7,6,3,8,15,14,18,14,- -  -,
92025705,Phil Ofosu-Ayeh,D/WB (R),82%,13,12,15,12,17,13,15,12,16,11,14,8,12,10,13,10,8,10,9,12,7,16,6,10,11,6,9,6,10,5,14,11,9,7,12,9,3,3,2,1,1,2,2,1,3,3,3,13,15,6,10,15,16,13,13,11,10,- -  -,
70111794,Mehmet Zahit Çınar,D/WB/M (R),88%,13,13,10,11,12,13,11,8,13,11,13,10,13,11,14,8,8,9,10,13,9,13,9,12,11,6,10,10,10,5,8,12,9,7,11,10,3,1,2,1,2,1,1,3,4,4,3,15,13,5,10,12,8,15,13,15,12,- -  -,
70111198,Ogün Bayrak,D/WB (R),76%,14,13,11,7,11,14,12,8,11,10,9,11,12,10,10,11,7,13,9,12,10,13,7,10,13,9,12,6,9,10,12,8,11,6,9,12,1,3,1,3,4,1,3,2,2,2,1,13,12,6,11,1,8,12,12,6,16,- -  -,
70085501,Serkan Göksu,"D (R), DM, M (C)",68%,11,11,11,11,13,11,11,12,10,12,12,12,12,12,11,10,11,11,12,13,10,14,4,8,11,6,12,6,8,7,3,9,11,8,11,13,3,1,2,1,2,4,1,2,2,2,1,11,13,7,9,12,5,13,12,15,14,- -  -,
37076239,Thomas Poll,"D (LC), WB/M (L)",74%,12,11,8,9,7,11,14,12,13,11,12,10,12,11,12,8,8,11,11,13,11,14,9,10,10,7,9,10,7,10,10,10,10,4,11,12,3,3,2,3,1,3,3,1,3,2,3,12,9,1,6,7,12,11,12,14,14,- -  -,
7868740,Sheran Yeini,"D (RLC), WB (R), DM, M (C)",79%,8,7,11,12,15,9,13,9,10,10,13,12,14,14,14,7,15,10,10,15,9,15,6,6,6,7,8,7,12,9,8,10,11,12,10,9,7,5,11,15,5,11,4,2,12,13,11,16,17,1,6,16,8,18,15,20,18,- -  -,
22039247,Milen Zhelev,"D/WB (R), DM",70%,13,14,12,10,15,13,13,11,13,10,14,9,11,8,14,6,12,8,11,14,7,15,7,7,9,8,9,8,8,8,12,10,8,9,11,9,1,2,3,3,2,1,2,2,3,4,3,13,13,8,9,11,8,14,10,16,10,- -  -,
42057285,Raz Meir,"D/WB (RL), AM (R)",80%,13,12,8,10,14,14,13,10,10,12,11,10,10,9,12,10,8,12,11,13,12,15,7,11,11,8,11,8,10,7,6,11,12,7,11,11,3,2,2,1,3,1,3,1,3,1,1,12,10,8,3,9,5,13,12,17,8,- -  -,Inj
37019498,Sven Nieuwpoort,"D (RC), WB (R)",83%,13,12,13,14,13,12,12,12,12,12,8,11,10,13,9,8,14,9,9,11,11,13,6,11,9,6,7,6,12,9,10,11,12,5,10,9,1,3,3,3,3,4,3,1,3,2,1,10,14,4,5,11,4,11,12,12,10,- -  -,
63011974,Patrik Šimko,"D (RLC), WB (RL)",82%,7,11,8,7,13,9,14,12,10,9,14,15,15,12,13,11,11,8,11,15,10,10,10,10,10,9,12,10,14,9,14,15,12,11,14,12,3,3,3,3,1,1,2,2,3,1,3,8,12,10,10,9,9,12,12,15,10,- -  -,
92084893,Marin Šverko,"D (LC), WB (L), DM",74%,12,10,12,13,7,11,13,11,13,12,10,8,9,11,15,5,11,9,12,12,10,14,6,9,11,7,9,4,11,10,12,11,11,9,11,10,2,2,3,1,2,2,2,1,3,3,2,12,11,7,10,12,15,12,13,13,13,- -  -,
83168295,Fábio Vianna,D/WB/AM (L),87%,12,12,11,10,13,12,11,10,9,12,12,12,12,12,11,10,5,13,9,11,12,14,9,13,11,8,12,14,9,8,12,10,12,8,12,12,1,1,3,2,1,2,4,2,3,2,2,12,12,5,5,10,2,12,8,13,13,- -  -,
29091454,Ben Purrington,D/WB (L),75%,10,10,10,12,17,10,15,12,14,12,13,11,12,11,16,7,7,8,12,15,11,15,6,10,8,8,10,6,11,6,7,11,11,10,13,11,3,2,3,1,2,3,1,2,1,2,2,12,10,3,8,10,3,15,12,17,17,- -  -,
29169513,Josh Key,D/WB/M/AM (R),85%,12,13,12,10,13,14,13,8,7,9,9,8,10,9,14,10,9,10,8,10,9,13,9,10,9,7,11,8,9,8,12,7,10,9,8,11,3,2,1,3,3,2,4,3,1,3,3,10,13,7,7,12,6,14,12,12,13,- -  -,
28106354,Demeaco Duhaney,D/WB (R),68%,13,12,10,11,14,14,12,10,10,9,8,12,11,11,12,12,7,9,11,11,10,12,5,12,12,9,13,8,9,4,6,10,11,7,12,13,3,1,3,4,3,1,1,2,1,1,3,13,9,8,10,10,1,9,12,14,15,- -  -,Wnt
4001471,Joe Mattock,"D (LC), WB (L)",73%,8,10,10,12,8,8,12,11,13,12,10,11,12,11,13,9,14,12,12,12,9,12,10,12,11,8,12,8,14,9,9,12,12,7,13,12,2,2,4,3,1,2,2,1,1,1,2,13,14,9,12,11,16,13,12,12,11,- -  -,Inj
61073156,James Penrice,"D/WB (L), DM",80%,13,10,11,9,12,12,12,12,8,11,12,11,11,10,13,6,10,11,11,10,10,14,12,11,11,7,10,13,8,8,3,10,12,7,12,10,1,3,1,3,4,2,3,1,1,3,3,12,14,5,6,9,4,9,11,14,14,- -  -,
37060945,Liam van Gelderen,"D (RC), DM",70%,12,10,12,12,9,12,10,11,12,12,12,11,9,10,13,11,11,10,11,9,9,10,7,8,9,8,6,5,15,7,10,13,11,6,12,8,1,2,1,1,2,3,1,1,2,1,3,10,20,7,9,8,8,10,8,15,10,- -  -,
70091331,Erhan Kara,D/WB (L),75%,13,13,12,7,15,12,14,11,15,10,15,8,11,10,15,7,6,12,9,15,8,15,7,11,12,12,10,12,7,11,12,9,10,10,11,10,2,3,1,3,3,3,1,2,2,1,3,10,13,7,13,17,5,15,13,13,14,- -  -,
38037189,Márk Tamás,D (LC),71%,9,11,11,14,12,10,13,13,15,12,11,11,10,10,12,6,14,10,12,12,10,12,8,8,6,8,8,3,11,7,7,12,8,7,12,8,1,1,1,1,2,2,2,2,1,3,1,10,12,2,8,9,5,13,2,17,15,- -  -,Wnt
45093051,Itsuki Urata,D/WB (L),67%,14,13,9,9,5,14,14,6,15,10,9,11,12,15,12,8,3,8,9,11,9,12,6,12,8,4,6,3,9,4,5,10,11,7,12,12,2,3,1,1,2,4,3,1,2,3,2,9,15,2,8,8,5,11,13,13,15,- -  -,
19167511,Marquinhos Pedroso,D/WB/AM (L),65%,12,13,14,7,14,13,13,11,13,12,12,12,11,11,12,12,10,12,9,12,12,11,12,12,9,9,11,7,8,9,9,9,11,9,13,12,2,2,2,1,4,3,2,1,4,2,1,13,12,3,14,11,6,10,7,11,7,- -  -,
2000059469,Štepán Harazim,"D (RC), WB (R)",73%,14,12,10,10,6,11,12,7,5,12,11,10,9,15,7,5,11,9,11,10,4,9,5,12,9,7,8,3,11,6,9,10,11,2,15,10,3,1,2,3,1,2,1,3,3,1,3,11,14,7,12,11,11,10,10,18,14,- -  -,
70089590,Oğuz Yıldırım,D/WB (R),81%,15,15,9,9,15,15,14,9,12,8,10,9,13,9,13,10,5,12,8,13,8,13,6,10,12,7,11,6,8,4,10,7,9,7,10,10,1,2,2,2,2,2,3,2,1,3,1,11,13,8,9,7,12,10,10,16,20,- -  -,
71068763,Pavlo Polehenko,D/WB (R),65%,15,11,10,10,14,14,14,11,5,11,9,10,9,9,11,11,8,10,11,11,6,14,8,13,11,5,10,11,7,7,8,10,9,9,11,11,1,3,1,1,3,1,4,3,1,2,2,14,16,5,11,15,13,13,9,14,11,- -  -,
58050926,Dmitry Stotskiy,"D (RL), WB/M (R)",79%,11,12,12,7,11,11,13,6,10,12,11,11,11,10,12,13,9,10,10,12,10,16,12,10,8,9,12,12,11,11,7,10,12,6,12,11,1,3,2,3,3,3,1,1,1,3,3,12,16,5,7,13,5,10,9,17,13,- -  -,
70094110,Ercan Coşkun,D (RLC),68%,14,13,9,8,14,13,12,11,11,11,12,11,11,11,12,8,7,9,11,12,8,11,7,10,12,6,10,7,9,7,11,11,11,5,13,10,3,3,2,2,2,1,3,2,3,1,3,13,12,4,8,12,4,13,8,11,11,- -  -,
70063203,Mucahit Albayrak,D (L),75%,13,14,12,9,11,11,13,9,11,13,9,11,11,11,7,7,6,12,9,12,11,12,11,14,11,7,13,15,9,11,13,10,11,7,11,13,1,1,1,2,3,3,1,1,1,1,4,12,13,8,6,10,8,12,11,11,9,- -  -,
70089729,Murat Paluli,D (R),78%,15,15,10,6,13,14,12,10,12,11,11,12,11,11,10,12,4,13,9,13,10,14,10,12,13,5,13,4,7,5,11,7,10,7,10,14,2,3,2,3,2,1,1,1,1,3,3,11,12,7,10,9,7,12,12,9,14,- -  -,Wnt
84151721,Sandro Theler,"D/WB (RL), M (L)",77%,14,11,6,8,13,11,14,6,13,6,10,12,11,10,10,8,7,11,11,14,9,14,9,11,10,7,11,10,8,5,8,11,9,7,15,11,2,1,3,1,2,3,1,3,2,2,1,10,11,8,9,11,11,11,12,10,19,- -  -,
70061129,Oğuzhan Berber,D (RL),73%,12,10,14,7,13,12,12,13,14,9,13,11,13,9,13,11,10,8,11,13,9,12,10,10,11,5,11,5,6,7,11,9,10,7,11,12,2,3,1,1,3,1,2,2,1,3,2,12,13,6,10,9,9,10,8,14,14,- -  -,Wnt
28068189,Liam Grimshaw,"D/WB (R), DM, M (C)",65%,9,11,11,10,11,9,16,15,13,12,15,9,10,10,15,5,12,11,14,16,7,18,3,8,11,6,10,3,11,2,4,12,8,5,10,9,3,1,1,2,2,2,4,2,2,2,3,12,14,8,8,11,11,17,14,17,11,- -  -,
13134229,Kingsley Madu,D/WB (L),68%,13,14,9,8,13,14,12,5,15,12,10,9,11,13,12,14,7,7,13,12,14,12,8,12,12,6,11,7,10,5,4,12,15,7,10,12,1,2,1,3,2,2,2,1,1,3,3,18,11,8,7,13,8,7,11,19,20,- -  -,
70132416,Üzeyir Ergün,D (R),86%,13,12,12,8,14,13,13,13,14,10,13,9,12,10,13,8,7,10,10,14,10,13,8,9,11,6,11,7,8,4,10,11,9,9,11,11,3,3,3,2,1,3,3,3,4,1,1,11,13,6,10,12,5,12,12,6,13,- -  -,Wnt
24049083,Luka Šimunović,"D (RC), DM, M (C)",69%,12,10,14,12,12,12,12,12,10,12,10,12,12,12,13,6,10,7,11,14,10,11,6,4,7,4,10,6,12,8,8,12,12,10,13,9,2,1,2,2,2,1,3,4,1,2,1,11,13,5,10,10,8,14,12,12,12,- -  -,
37045870,Bram van Vlerken,"D (RC), WB (R)",78%,10,11,13,7,13,10,14,12,15,13,11,11,9,15,8,5,10,7,11,10,8,10,6,12,9,5,11,2,11,3,8,11,10,9,13,11,3,1,3,2,1,3,2,2,3,2,3,12,11,8,13,9,5,13,11,14,11,- -  -,
18091393,Khadim Joher Rassoul,D (LC),73%,14,14,11,15,13,13,14,13,13,14,14,12,8,8,10,11,10,7,11,14,6,14,6,8,12,6,9,7,12,7,6,11,11,4,12,12,3,3,1,1,1,3,2,3,1,3,1,12,11,9,13,10,11,16,14,15,12,- -  -,
2000162460,Mateja Stašević,D/WB (R),75%,12,12,11,18,12,12,13,11,11,12,11,12,11,10,16,9,8,9,13,11,10,11,9,9,9,8,10,6,7,6,12,11,12,7,12,12,2,3,3,1,1,3,3,3,2,3,2,12,11,6,12,3,11,10,10,13,12,- -  -,
55045964,Joel Ferreira,"D (RL), WB (L)",73%,11,12,11,10,11,11,13,12,10,12,12,12,12,11,14,7,7,8,11,12,10,13,6,10,9,5,10,7,11,5,8,13,10,4,13,10,1,2,4,1,3,3,2,1,3,3,3,12,14,7,10,11,12,16,16,14,15,- -  -,Inj
37059656,Jamal Amofa,"D (RLC), WB (L), DM",83%,11,11,13,11,12,11,10,12,8,11,13,12,12,15,12,5,8,9,8,11,11,13,5,12,8,2,10,3,10,9,11,7,11,7,12,9,4,1,3,3,2,3,1,1,2,1,2,12,11,7,12,13,5,9,10,15,19,- -  -,
25019903,Martin Sladký,"D (R), DM",80%,12,12,11,10,12,11,13,12,6,11,10,12,13,12,9,13,12,11,13,15,11,13,4,10,10,10,11,3,10,9,9,11,11,6,10,10,3,3,1,1,2,4,1,1,2,1,1,9,11,7,6,13,8,12,10,15,16,- -  -,
12081699,Abou Dosso,"D (RL), WB (L)",71%,12,13,7,8,15,13,15,7,11,9,11,10,13,10,16,5,6,9,11,10,8,10,10,14,9,3,10,11,9,9,9,11,11,4,15,11,1,3,3,2,2,2,2,1,3,2,3,12,12,2,11,9,6,11,9,14,20,- -  -,
27109702,Jeppe Simonsen,"D (RLC), WB (RL)",72%,13,14,12,12,12,13,10,12,10,10,10,11,10,11,5,12,6,10,10,11,10,12,7,11,9,10,10,5,11,10,5,11,11,6,11,12,2,3,1,3,2,4,2,2,2,3,3,11,11,8,9,10,10,13,11,16,17,- -  -,
16191241,Felix Seiwald,D/WB (L),69%,12,11,12,15,12,14,13,14,9,10,10,11,9,10,13,9,7,10,14,13,10,13,4,8,8,6,9,2,10,8,6,10,8,3,11,11,3,1,1,3,3,2,2,2,2,2,1,11,9,4,5,6,11,10,12,4,12,- -  -,
33012453,Albin Granlund,"D (RLC), WB (R)",72%,11,10,11,9,13,10,16,10,8,12,13,12,12,12,14,6,7,11,12,14,10,14,6,10,7,5,9,5,9,6,9,12,10,5,10,9,3,1,2,1,1,1,4,1,2,2,1,11,15,4,5,9,14,15,14,17,16,- -  -,Wnt
37077907,Nathan Tjoe-a-On,"D (LC), WB (L), DM",76%,11,12,12,13,11,11,11,10,12,10,11,11,11,12,14,5,9,10,11,13,10,13,7,10,7,3,10,10,12,12,8,12,11,3,11,10,2,1,4,1,2,3,1,3,3,3,2,14,11,3,11,15,9,14,13,15,12,- -  -,
25022166,Martin Hála,"D (RL), WB (R)",83%,15,12,11,8,13,14,13,8,12,10,7,12,7,10,13,9,7,13,12,12,11,14,4,10,12,7,12,4,7,7,13,11,9,5,10,10,2,1,3,2,2,3,1,4,3,1,1,13,12,10,10,10,10,12,12,14,9,- -  -,
57149860,Andrei Dragu,D/WB/AM (L),84%,12,11,10,9,10,11,11,15,8,12,12,12,12,12,10,9,6,9,12,10,9,11,5,9,7,6,11,7,12,8,6,12,9,5,14,12,3,3,3,4,1,2,3,2,2,1,3,10,9,5,8,7,10,11,2,9,10,- -  -,Wnt
63025711,Andrej Kadlec,D/WB (R),77%,12,11,10,9,5,13,12,12,5,12,10,10,11,12,10,6,6,9,13,11,12,12,8,13,12,7,10,4,8,9,10,11,12,7,11,9,2,3,3,3,3,3,2,1,1,3,3,13,12,6,10,12,11,13,9,12,17,- -  -,
62052364,Nikola Ćirković,D/WB (R),60%,12,11,12,14,11,12,15,13,14,11,13,10,11,11,13,10,9,12,10,11,10,11,7,11,11,7,10,8,9,8,8,10,11,9,11,11,3,3,2,2,3,3,4,2,2,2,3,12,15,9,9,12,9,12,12,16,12,- -  -,
84152016,Patrick Sutter,D/WB/M/AM (R),69%,13,13,10,5,13,13,12,5,13,9,12,10,12,11,9,9,8,12,9,13,10,14,9,11,11,5,11,6,7,7,11,8,11,8,10,12,3,3,3,3,1,1,1,1,3,4,1,10,12,3,6,14,12,10,13,17,14,- -  -,
61006895,Craig Forsyth,"D (LC), WB (L)",79%,8,9,10,13,17,9,8,9,10,12,12,12,11,12,13,4,14,11,13,14,10,14,8,14,11,8,11,9,12,8,12,12,11,8,14,12,2,2,3,1,3,3,3,3,3,2,2,10,14,7,6,13,7,12,13,13,11,- -  -,
53114434,Vegard Kongsro,D/WB (L),83%,11,12,10,12,14,12,14,12,13,12,14,10,11,12,12,6,12,9,12,12,8,14,11,10,7,5,10,10,10,6,14,12,13,5,14,10,2,1,3,3,2,2,2,3,2,1,1,13,13,4,4,10,4,13,12,12,13,- -  -,
85069712,Brandon Agounon,D/WB/M (R),83%,13,13,12,11,14,14,13,10,13,12,12,11,9,10,11,11,7,13,9,11,12,12,6,12,12,6,12,5,9,6,5,12,12,8,11,12,2,2,2,1,2,2,3,2,2,2,3,10,13,8,8,13,6,12,10,14,8,- -  -,Wnt
16096667,Alexander Joppich,D (L),72%,15,12,9,9,10,15,12,9,8,10,10,10,12,10,11,8,11,8,13,11,10,13,8,7,8,6,11,8,12,9,9,13,13,9,13,9,3,1,1,3,1,3,2,3,2,2,1,9,9,7,8,9,8,11,13,10,12,- -  -,
20028883,Adama Mbengué,"D (LC), WB/M/AM (L)",83%,14,12,13,11,14,13,14,11,7,10,9,11,10,11,3,12,7,10,10,11,10,13,11,12,10,7,11,6,8,7,10,9,10,11,12,10,2,4,3,3,1,2,2,1,2,1,3,11,13,2,5,12,9,11,12,13,18,- -  -,
19088884,Bebeto,D/WB (R),79%,12,11,12,7,14,12,11,10,14,12,12,12,12,11,15,10,11,12,9,14,11,14,9,9,11,8,12,12,9,9,10,11,12,8,14,12,1,3,2,3,2,2,2,4,3,1,2,14,13,5,8,14,5,13,13,13,14,- -  -,
28104007,Darnell Johnson,D (RC),65%,14,10,13,13,18,15,14,15,10,10,10,10,9,10,17,5,12,10,12,10,6,14,8,9,6,4,6,3,12,6,8,12,9,5,11,7,3,1,1,1,3,2,2,2,1,3,3,12,14,4,8,14,9,17,16,6,15,- -  -,
29125336,Cameron Borthwick-Jackson,"D (LC), WB (L), DM, M (C)",75%,12,12,11,11,12,12,13,11,7,11,9,12,11,12,8,6,9,8,12,11,10,12,7,10,8,8,12,7,9,7,8,10,11,8,11,12,3,1,3,2,2,4,2,1,2,1,3,10,12,12,11,11,8,8,14,15,15,- -  -,Opt
84153583,Marcin Dickenmann,D/WB (R),63%,12,11,12,7,13,13,13,11,14,13,14,11,12,12,5,7,8,8,11,14,8,14,5,10,8,5,10,6,8,6,10,12,11,8,12,10,2,3,3,1,3,1,3,1,2,1,4,11,11,3,9,11,10,12,11,12,20,- -  -,
25055281,Michal Surzyn,"D (RL), WB (R)",64%,13,12,11,11,12,14,12,11,11,8,11,12,9,9,8,7,15,9,9,11,8,12,12,12,10,8,10,12,11,9,10,11,10,4,12,11,3,2,2,1,4,2,2,3,1,2,3,11,12,4,10,11,6,13,11,14,11,- -  -,
18052173,Tracy Mpati,D/WB (R),86%,14,12,7,8,13,14,10,6,15,11,13,12,13,11,11,12,12,11,11,14,8,13,11,12,10,6,12,9,9,10,10,13,9,7,13,12,2,2,1,2,1,2,3,2,1,3,4,12,14,6,10,9,5,10,12,14,19,- -  -,
19069449,Samuel Santos,D/WB (R),63%,13,12,9,7,12,13,14,9,13,12,13,9,12,10,13,10,8,10,10,12,9,12,9,12,11,10,12,8,7,7,12,12,12,11,11,11,4,2,2,2,1,3,2,1,2,1,4,10,13,5,5,13,5,13,9,13,11,- -  -,
29103699,Brendan Galloway,D (LC),70%,12,12,12,12,14,12,13,12,10,13,12,13,9,10,15,8,9,11,10,10,9,12,5,10,11,6,11,6,12,6,10,12,12,7,12,12,1,1,3,1,3,3,3,2,1,2,1,14,11,3,8,11,10,14,12,15,12,- -  -,Opt
29063515,George Williams,D/WB (R),69%,13,13,9,14,12,12,12,11,12,11,12,10,10,11,14,6,13,9,11,13,10,12,7,13,11,5,9,5,12,7,13,11,11,5,12,10,2,2,2,2,3,3,4,3,4,2,3,12,13,2,7,12,7,17,14,12,14,- -  -,
19325871,Mascarenhas,D/WB (L),64%,13,13,11,10,12,12,13,12,6,11,11,12,11,12,13,8,7,12,8,12,10,12,9,13,12,10,12,10,8,13,9,10,12,8,10,13,1,3,3,1,2,1,1,2,2,2,1,12,13,7,6,12,11,12,10,10,11,- -  -,
7990138,Marino Defendi,"D/WB (R), DM, M (RC)",68%,12,11,12,8,10,11,11,9,10,9,11,10,12,12,18,10,13,10,11,12,12,13,11,13,10,9,12,9,6,11,7,9,12,8,10,13,3,3,3,2,4,1,2,1,1,3,3,11,15,5,9,13,12,19,17,20,13,- -  -,Opt
84161543,Michael Heule,D (L),78%,10,13,11,8,13,12,8,8,9,12,11,13,11,17,13,5,14,10,10,12,12,12,6,12,8,4,10,4,12,3,11,13,11,8,16,13,2,2,3,3,1,4,3,2,2,2,1,9,12,8,5,2,6,12,13,12,14,- -  -,
33003170,Juha Pirinen,"D (LC), WB (L)",88%,13,13,14,13,12,12,13,13,15,10,13,12,9,9,16,9,12,13,10,12,12,14,10,11,10,7,10,9,8,9,9,9,14,6,8,12,3,3,3,1,2,3,1,4,3,2,3,14,15,10,13,12,6,12,7,15,8,- -  -,
95002962,Benjamin Colic,D/WB/M (R),89%,9,12,7,10,7,11,10,11,13,13,12,15,13,11,13,11,12,11,12,13,12,10,14,13,11,9,14,13,11,5,4,11,11,12,12,14,2,2,2,2,1,2,3,2,1,2,3,11,15,6,12,13,12,11,8,10,19,- -  -,Inj
25057931,Ondřej Zmrzlý,"D/WB (L), DM, M (C)",76%,13,14,10,7,15,11,9,7,10,10,9,7,7,14,8,5,4,10,10,9,11,11,9,14,9,8,14,8,5,5,4,10,15,2,12,11,1,2,3,2,3,3,3,1,3,2,2,11,13,6,9,17,11,12,12,12,15,- -  -,
29084506,Bevis Mugabi,D (RC),53%,13,9,10,17,11,12,10,15,9,11,15,8,9,10,13,9,8,6,10,12,8,13,4,8,13,5,10,5,13,7,9,14,5,8,14,8,1,1,3,1,2,3,1,3,1,1,2,14,13,3,9,12,7,16,13,15,6,- -  -,
62154501,Amadej Brecl,D/WB/M/AM (R),69%,12,12,10,6,14,12,11,11,11,10,10,10,10,10,5,11,13,14,12,10,12,11,10,14,11,12,11,9,9,7,5,11,15,5,12,11,3,3,1,1,1,1,2,1,1,1,1,11,12,6,6,14,5,11,10,11,8,- -  -,
27041139,Christoffer Remmer,D/WB (R),78%,13,10,12,10,10,12,11,10,14,13,14,7,12,11,13,6,10,12,9,14,11,12,13,15,10,6,12,12,12,9,12,10,12,6,10,12,1,2,3,1,4,3,3,3,1,1,3,16,10,4,5,10,12,13,14,15,14,- -  -,
24004748,Dino Štiglec,D/WB (L),76%,10,11,13,13,8,11,14,13,13,11,12,9,13,11,11,8,8,11,12,13,13,13,11,13,8,6,9,13,11,12,12,10,12,8,13,9,2,1,1,1,3,2,3,2,2,2,2,10,11,5,12,12,10,11,12,16,13,- -  -,
8087210,Andrey Malykh,D/WB (R),77%,11,10,11,9,12,10,10,9,13,13,14,9,13,12,13,8,16,8,13,13,10,13,12,11,10,8,9,8,13,8,8,12,10,8,13,8,2,2,1,2,3,3,1,3,3,3,2,9,15,6,15,11,7,10,10,9,14,- -  -,Lst
70110784,Duhan Aksu,"D (LC), WB (L)",74%,11,11,13,10,12,12,12,11,7,11,9,10,13,10,11,3,8,8,11,12,8,13,9,13,11,5,11,8,11,9,12,11,11,4,12,12,2,1,2,2,2,4,2,3,2,2,2,11,10,7,5,4,9,9,14,13,20,- -  -,
2000059169,Tyrell Ashcroft,"D (RC), WB (R)",80%,15,13,11,11,15,13,15,10,9,10,10,9,10,9,14,5,8,9,10,13,6,11,5,8,8,6,11,2,9,7,10,11,11,8,11,9,1,1,3,1,3,1,1,2,1,1,1,14,10,5,7,2,9,11,15,14,10,- -  -,Inj
13210185,Montari Kamaheni,D/WB (L),79%,13,14,11,8,15,13,14,9,5,8,11,8,12,14,12,9,1,9,8,5,10,10,7,14,8,3,13,3,10,6,9,11,9,6,15,11,1,2,3,4,4,3,1,2,1,2,2,10,20,2,12,2,7,12,11,15,19,- -  -,
24021235,Josip Tomašević,"D (LC), WB (L)",84%,13,12,8,9,13,14,14,9,13,10,12,10,9,10,12,11,8,11,10,14,7,13,7,12,9,6,11,3,10,7,7,11,7,3,12,10,3,3,1,2,3,3,2,3,3,3,3,13,13,5,8,12,7,12,11,12,13,- -  -,
84154211,Florian Hoxha,D/WB/M (L),81%,12,12,12,8,12,13,12,9,12,12,12,10,12,12,11,8,7,12,11,13,9,13,8,8,11,4,12,6,7,7,10,11,12,8,11,12,3,2,1,3,2,3,4,3,1,3,1,13,11,6,8,1,8,11,10,13,16,- -  -,
28115925,Kayne Ramsay,D/WB (R),79%,12,13,12,12,11,13,13,12,8,10,13,10,10,10,3,9,8,9,11,12,9,13,8,10,10,7,10,8,11,3,8,10,11,7,10,11,3,3,2,4,3,2,1,2,3,3,2,11,10,4,5,8,7,10,12,12,12,- -  -,Wnt
17032658,Kirill Pechenin,D/WB (L),78%,13,13,14,10,12,12,14,8,12,10,11,10,10,10,14,6,5,8,10,12,12,14,11,11,11,6,12,11,5,11,13,9,12,5,12,12,4,1,2,3,3,4,2,1,1,2,3,13,12,4,2,14,2,13,13,13,11,- -  -,
89067529,Gil Cohen,"D (LC), WB (L), DM",64%,13,12,12,6,12,12,12,8,11,12,13,12,12,12,12,7,13,7,11,11,8,12,7,12,11,7,9,10,12,11,10,8,11,6,9,13,3,3,1,1,2,2,3,2,1,2,3,11,11,2,9,12,11,10,10,12,14,- -  -,
58071396,Grigory Morozov,"D (RL), WB (R)",65%,10,12,13,12,14,11,13,12,8,12,13,10,7,12,12,8,13,11,10,12,11,13,9,9,7,11,12,10,13,9,12,9,12,11,11,10,2,3,3,3,4,3,3,3,1,1,2,13,12,12,7,8,11,14,16,14,12,- -  -,
71004533,Yevhen Opanasenko,"D (RL), WB (R)",64%,11,10,11,9,14,12,12,11,11,10,12,11,8,7,15,9,12,12,11,14,11,16,11,11,8,8,10,12,6,12,12,12,10,7,11,10,3,2,3,2,4,1,2,3,3,3,3,16,14,5,8,11,9,11,16,16,7,- -  -,
28115783,Morgan Boyes,"D (LC), WB (L)",77%,12,11,11,12,14,12,12,14,11,13,11,14,11,11,9,5,11,8,11,12,11,12,2,5,7,7,12,7,12,11,8,12,9,7,11,10,3,1,2,2,2,3,2,1,3,1,3,11,10,3,7,9,9,10,12,12,19,- -  -,
53122600,Christopher Lindquist,D (RL),81%,16,12,14,7,12,16,15,7,8,9,10,10,8,8,12,12,6,10,10,10,10,12,8,11,12,6,10,9,7,8,7,9,11,6,9,13,1,2,3,1,2,2,3,1,1,3,2,10,14,8,8,8,3,12,10,14,9,- -  -,
29175613,Akin Odimayo,"D (RC), WB (R)",61%,13,11,10,12,12,14,14,13,8,10,11,9,10,11,12,3,12,9,11,8,8,9,7,10,9,8,11,5,14,6,7,12,12,5,12,8,3,2,3,1,2,2,4,1,3,1,2,10,10,7,8,10,8,14,13,12,9,- -  -,Wnt
58133893,Nikolay Poyarkov,D (L),83%,12,13,13,10,13,13,12,11,12,15,13,10,12,10,12,9,6,9,11,12,7,14,11,10,11,4,11,4,9,7,12,13,11,5,12,10,1,2,3,1,4,3,3,4,2,2,1,11,13,3,5,11,10,9,12,5,13,- -  -,
53069202,Fredrik Torsteinbø,"D (R), WB (RL), M (RC), AM (RL)",52%,10,8,7,10,12,10,15,8,11,11,8,9,10,9,14,10,8,12,8,13,11,15,10,10,10,10,10,10,5,10,11,7,10,10,6,11,1,2,4,3,3,3,1,3,1,2,2,11,10,2,6,10,10,13,14,18,14,- -  -,
42106310,Zohar Zasano,D/WB (R),76%,13,14,8,18,14,13,14,9,15,8,11,11,12,9,15,5,1,7,13,11,9,11,7,13,10,2,11,2,10,5,10,13,12,10,11,11,1,2,1,2,3,2,1,3,2,2,2,11,10,8,5,7,15,13,11,13,13,- -  -,
2107529,Pará,D/WB (RL),72%,10,10,12,5,12,11,11,10,11,10,14,10,9,11,15,10,11,10,13,14,10,14,9,10,8,5,11,7,8,7,11,12,10,10,12,11,2,3,4,2,3,4,3,1,1,1,2,17,13,10,13,12,5,14,11,17,11,- -  -,
67127964,David Simón,"D (RC), WB (R)",75%,12,11,12,10,15,13,13,12,13,12,15,11,12,12,15,7,13,12,10,15,8,16,6,12,10,7,9,6,8,8,13,12,9,10,12,9,2,2,1,1,3,1,2,1,1,3,1,13,15,6,6,10,6,16,12,14,12,- -  -,Opt
49037676,Lucas Buades,D/WB/M/AM (R),87%,14,12,10,10,11,12,11,8,6,11,7,7,9,10,10,10,6,12,12,13,10,12,8,11,11,11,12,6,11,9,11,12,13,7,12,10,1,2,2,3,3,1,1,3,2,2,2,11,12,13,8,10,7,12,8,12,6,- -  -,
16199837,Jürgen Bauer,"D (RL), WB (R), DM",79%,15,13,10,9,10,14,11,8,5,10,10,9,10,10,10,5,4,10,13,12,10,13,6,7,11,6,9,5,7,6,10,10,11,8,12,12,1,4,1,1,3,1,1,1,2,1,3,8,8,6,5,4,5,11,10,5,8,- -  -,Unh
62077481,Stefan Đorđević,D/WB (L),78%,11,10,9,11,9,12,11,11,12,13,12,12,12,12,10,10,14,10,13,12,12,12,12,11,8,5,13,9,11,9,9,12,9,10,12,10,1,4,1,1,2,1,1,1,3,3,2,10,14,9,10,10,7,10,10,10,10,- -  -,
28066141,Ibou Touray,"D (LC), WB (L)",77%,11,13,12,10,17,12,14,10,13,10,12,12,10,10,15,11,11,10,10,12,9,13,9,9,10,7,10,10,10,8,12,10,10,11,12,11,1,2,2,1,3,3,2,3,1,3,1,13,16,5,9,12,2,15,13,14,14,- -  -,Wnt
16147708,Philipp Schmiedl,D (RC),71%,12,10,12,14,12,12,12,13,8,10,11,10,11,11,13,7,8,6,13,13,7,12,5,6,7,6,9,1,13,8,7,10,8,7,9,6,2,3,1,3,2,3,3,2,3,3,2,13,9,2,6,9,12,10,13,3,14,- -  -,
16009689,Emanuel Sakic,D/WB (R),86%,13,13,10,10,13,13,14,11,16,10,15,11,10,10,16,6,9,10,14,14,9,15,6,8,7,6,9,6,10,6,12,13,10,7,12,8,1,4,1,2,1,2,3,3,2,1,2,13,15,10,9,12,6,14,12,15,9,- -  -,
29129580,Jack Iredale,"D (LC), WB (L)",69%,12,11,10,12,13,13,13,13,4,11,10,9,10,9,8,11,9,8,11,13,7,12,12,13,13,10,11,7,13,10,8,11,12,7,13,13,4,1,2,1,1,2,1,3,2,3,2,11,11,3,4,11,7,13,12,15,11,- -  -,Lst
14243536,Lucas Vallejo,"D (RC), WB (R)",71%,13,13,9,7,14,13,12,10,14,12,11,11,10,12,3,6,6,11,12,13,12,13,8,11,12,6,10,3,7,7,12,12,10,7,11,11,1,2,2,3,3,3,1,3,3,1,4,9,17,3,7,1,6,11,9,15,12,- -  -,
71099031,Vladyslav Yemets,D/WB (L),73%,13,13,12,9,11,13,13,11,7,12,11,12,11,8,11,10,7,10,12,14,13,12,7,13,12,8,12,5,8,5,11,13,13,5,12,7,2,1,1,2,3,2,3,2,1,3,2,7,10,10,7,12,6,12,11,15,10,- -  -,
27128910,Kasper Jørgensen,"D (RLC), WB/M (R)",67%,11,11,11,12,12,12,12,10,11,12,11,12,12,11,20,11,6,10,11,13,11,12,6,10,9,9,9,8,11,8,13,12,10,6,12,10,3,3,2,2,3,1,2,2,3,3,3,9,13,5,5,8,8,10,11,11,14,- -  -,
95076404,Guy Mizrahi,D/WB/M (R),71%,13,13,11,10,12,13,14,10,11,10,12,12,9,9,19,13,12,10,12,11,12,10,8,11,12,4,10,8,10,9,10,9,10,3,10,11,3,3,3,3,2,1,3,1,4,2,3,12,14,3,15,8,7,10,11,15,14,- -  -,
42075785,Noam Cohen,"D (RLC), WB (RL)",69%,12,13,10,9,15,12,12,10,9,10,11,10,10,11,12,12,5,11,8,12,11,12,8,12,11,6,8,6,11,10,10,8,12,9,11,10,2,3,1,1,1,1,3,2,3,3,2,13,12,5,14,6,10,12,12,13,12,- -  -,
91165988,Eric Veiga,"D/WB (L), DM, M (C)",75%,12,12,10,11,10,12,13,10,12,12,11,12,12,10,12,7,10,8,12,11,10,12,14,13,11,5,11,15,10,9,5,11,10,4,12,11,1,2,1,2,2,3,4,1,3,2,2,12,12,9,8,7,5,15,11,13,11,- -  -,
24013240,Toni Gorupec,D/WB (R),79%,13,12,12,6,15,14,14,10,15,10,15,9,10,8,15,10,3,11,12,13,10,14,5,13,10,7,10,2,8,10,11,12,10,7,13,13,1,2,3,3,1,2,1,2,3,3,3,12,13,5,8,12,10,10,8,11,9,- -  -,
2000174708,Mitja Ilenič,D/WB (R),71%,13,11,9,11,12,13,11,9,11,13,11,12,11,11,11,13,11,12,11,12,11,13,12,13,11,9,13,10,11,9,10,10,11,4,12,12,3,2,3,2,1,3,2,2,2,3,3,12,10,2,10,11,13,12,12,7,12,- -  -,
2000192180,Simon Micuda,D (R),92%,15,13,9,9,17,15,9,10,8,12,10,8,11,15,16,6,2,8,11,9,11,10,5,11,6,4,12,4,8,5,3,10,10,7,13,10,2,3,3,1,1,1,1,1,2,1,3,11,9,8,10,4,7,9,11,12,13,- -  -,
62109039,Nikola Stanković,"D/WB (RL), M (L)",68%,12,11,10,10,11,13,12,10,11,11,11,10,9,9,13,10,10,11,12,13,11,12,11,12,9,7,12,7,10,8,12,11,11,9,12,10,2,3,1,1,3,1,1,2,1,1,3,12,13,9,8,11,9,11,11,15,12,- -  -,
98041602,Raoul Giger,D/WB (R),61%,13,10,12,10,14,14,12,12,10,11,11,10,12,11,13,8,9,12,10,12,8,13,8,10,11,5,11,6,9,7,11,10,10,9,12,12,1,2,1,4,3,1,3,3,3,1,3,14,14,6,8,10,8,14,13,11,14,- -  -,
98041062,Cédric Gasser,"D (RLC), WB (R)",78%,12,12,11,7,18,12,12,10,10,12,11,11,12,12,13,5,12,10,11,11,5,11,6,11,8,8,10,1,14,10,10,12,10,6,13,9,2,1,3,3,3,2,1,2,1,2,1,12,13,2,6,10,6,12,10,14,11,- -  -,
29140755,Hayden Coulson,D/WB/M (L),72%,14,13,9,7,8,14,13,7,12,10,11,10,8,9,12,11,6,12,8,13,9,11,9,11,13,12,10,12,9,12,12,11,11,5,11,13,2,3,2,2,2,3,1,3,1,1,2,12,10,3,9,9,12,13,10,13,10,- -  -,
18060064,Sérgio Conceição,D/WB/M (R),76%,12,12,12,11,14,12,13,9,15,12,10,11,11,11,15,9,13,12,11,12,11,12,9,12,11,9,10,7,9,7,9,12,8,6,12,11,1,1,2,1,3,2,3,2,2,3,3,15,13,5,7,11,10,11,12,13,13,- -  -,
58092194,Vasily Cherov,"D (RC), WB (R)",74%,10,10,13,11,14,12,14,13,9,12,12,11,10,7,16,5,11,9,10,12,12,14,11,11,11,10,11,10,13,8,13,10,9,8,13,8,3,3,2,1,3,3,2,3,3,3,3,9,14,4,13,8,7,10,12,17,15,- -  -,Lst
2114925,Victor Ferraz,D/WB (R),64%,12,9,11,7,12,11,11,7,12,14,13,13,11,12,11,11,15,14,9,11,11,11,12,13,11,6,12,13,7,8,12,11,13,6,13,12,3,2,2,3,3,4,2,1,1,3,2,11,12,8,9,11,6,12,8,15,12,- -  -,
22058725,Aleksandar Georgiev,"D/WB/M (L), AM (RL)",86%,13,13,10,8,12,13,13,8,12,9,11,9,11,8,12,8,8,9,11,12,9,14,10,10,11,8,10,9,6,10,12,9,10,8,11,10,1,2,3,4,1,2,2,1,3,1,3,13,12,5,9,11,7,13,10,14,10,- -  -,Wnt
53098758,Jeppe Arctander Moe,D/WB (L),61%,11,13,11,12,15,11,12,13,14,12,11,13,14,10,12,7,13,10,11,13,9,12,12,13,5,6,10,13,12,6,13,12,12,5,13,8,3,2,1,1,4,1,2,2,3,1,2,8,13,5,8,13,12,14,11,14,12,- -  -,
37071042,Christopher Mamengi,D (LC),83%,11,12,12,13,12,11,14,11,9,12,11,12,11,7,10,9,11,12,14,12,12,12,6,11,5,8,10,4,12,11,10,12,16,6,12,9,2,2,2,4,1,2,2,2,2,3,1,11,10,3,15,16,13,14,14,16,10,- -  -,
18084331,Iebe Swers,D/WB (R),74%,15,12,7,7,14,16,5,8,9,11,14,11,13,11,12,12,7,14,9,14,10,14,11,12,11,8,13,9,8,9,10,11,10,7,12,12,1,1,3,1,2,1,2,3,2,3,3,14,13,7,11,3,6,12,11,14,15,- -  -,
93061271,Gustav Granath,"D (RC), WB (R)",95%,12,9,10,13,11,14,14,12,11,12,12,10,12,11,12,9,9,11,11,11,9,12,12,10,9,7,10,6,11,8,13,11,10,6,12,10,2,2,4,2,1,2,1,4,2,3,1,12,12,7,9,11,9,12,14,17,14,- -  -,
19173447,Jean Felipe,D/WB/M/AM (R),76%,14,12,12,8,12,13,12,12,9,11,10,11,11,11,12,14,8,12,9,11,10,12,9,13,13,6,11,13,8,10,7,7,11,7,8,12,3,1,2,3,3,2,1,2,1,3,1,15,12,5,8,9,9,11,6,16,12,- -  -,Trn
96017865,Paweł Olkowski,D/WB (R),80%,12,10,13,11,17,14,15,10,11,11,13,10,10,9,13,10,8,11,10,13,11,13,7,11,7,8,10,6,9,11,15,10,10,9,10,10,3,1,4,2,2,2,3,2,3,2,3,14,10,8,8,12,10,15,11,13,11,- -  -,
24053047,Luka Marin,D/WB/M (L),73%,13,10,10,10,14,13,14,10,12,13,10,10,11,11,12,7,6,11,11,12,12,13,6,13,11,6,13,11,9,10,12,11,10,7,11,11,3,1,3,2,2,3,1,1,2,2,2,11,11,10,6,10,8,10,12,11,13,- -  -,Wnt
29156101,Ben Williams,D/WB (L),73%,13,13,12,13,13,13,13,11,13,12,13,10,11,9,12,5,8,12,12,13,8,15,7,10,10,6,8,7,11,6,10,11,8,6,13,8,3,2,1,2,1,3,2,1,1,3,2,11,13,5,14,12,5,12,12,12,9,- -  -,
36078069,Giorgos Mygas,D/WB/M (R),75%,13,12,13,13,13,14,14,13,15,10,12,9,8,8,15,8,9,11,8,10,9,15,9,12,10,9,10,9,10,12,14,10,11,8,10,12,2,3,1,3,3,2,1,2,1,2,2,15,11,8,13,15,8,12,8,14,9,- -  -,
37075180,Dean James,D/WB (L),81%,14,12,12,8,13,13,12,9,7,8,10,12,8,14,7,7,5,11,9,11,7,7,8,11,7,4,11,12,10,9,10,12,11,6,11,12,3,2,1,1,2,1,2,2,3,1,3,11,10,4,11,13,6,13,11,13,17,- -  -,
17035284,Gleb Shevchenko,"D (RL), WB (R)",65%,12,12,12,6,13,12,14,12,10,10,14,10,12,11,11,13,12,12,10,14,6,14,6,12,6,4,12,6,6,10,12,10,10,10,12,10,1,3,4,2,1,1,3,2,3,3,3,8,13,4,8,10,6,10,8,14,15,- -  -,
67293607,Guillem,D/WB/M/AM (R),87%,14,11,8,7,10,15,12,7,13,12,14,10,10,9,11,8,9,12,11,14,7,14,11,12,11,5,9,8,7,8,9,12,9,3,13,10,2,1,3,3,2,1,1,3,1,1,2,12,11,7,11,8,6,11,9,9,16,- -  -,
2000026135,Mirko Mutavčić,"D/WB (R), M (C)",74%,12,10,10,8,17,12,11,11,12,12,10,12,11,11,12,13,10,10,12,11,11,12,11,12,10,10,11,11,10,13,10,10,16,6,11,12,3,2,1,1,2,3,3,3,3,1,2,12,16,4,12,13,8,12,13,15,11,- -  -,
2000046606,Bruno Brajković,D/WB (R),75%,14,11,8,9,11,14,14,7,13,10,11,8,10,12,13,7,8,11,9,12,11,15,9,13,11,7,10,5,7,7,12,7,9,9,11,11,3,1,1,4,2,2,2,1,1,3,3,10,13,6,10,9,10,10,9,15,14,- -  -,Wnt
36034927,Michalis Bakakis,"D (RL), WB (R)",76%,12,13,12,8,12,13,13,9,13,12,14,10,10,10,13,8,11,11,11,13,9,14,4,8,9,7,9,4,11,7,12,12,9,7,12,10,2,2,2,2,2,2,1,3,1,1,1,12,11,6,5,12,9,13,12,16,14,- -  -,
43252237,Lirim Kastrati,D (RC),84%,13,13,10,11,11,13,13,10,14,13,13,9,11,9,13,5,4,12,12,12,7,13,6,10,11,10,9,4,11,10,7,10,9,9,13,11,1,1,1,2,1,1,3,1,2,1,1,12,11,2,12,11,11,12,9,17,17,- -  -,
27051777,Kasper Enghardt,"D (RC), DM, M (C)",84%,7,10,10,13,15,9,13,14,13,11,11,13,12,14,10,3,14,4,12,14,3,12,3,3,3,7,10,3,12,7,5,14,11,12,14,7,2,3,2,2,2,2,2,1,3,3,2,10,12,5,3,14,3,12,10,16,10,- -  -,
14134833,Nicolás Fernández,D/WB/M (L),80%,13,11,11,10,12,13,12,10,12,11,11,10,10,12,4,7,10,10,10,11,11,13,10,13,11,7,11,12,13,8,13,11,10,8,12,11,1,1,3,1,3,3,3,2,3,1,3,10,20,3,6,15,12,11,11,14,14,- -  -,
37059771,Hennos Asmelash,"D (RC), WB (R), DM, M (C)",65%,12,12,12,9,13,13,12,8,15,11,11,10,9,11,16,5,9,12,11,13,11,11,10,8,9,7,9,10,10,10,7,12,11,5,10,10,3,1,2,3,1,2,2,1,2,2,2,11,10,3,11,7,11,13,13,18,11,- -  -,
28116056,Lewis Gordon,D/WB (L),80%,14,12,9,8,12,14,12,9,11,11,11,10,13,10,16,11,7,9,12,11,11,13,7,11,10,6,10,5,9,10,10,11,11,6,11,11,1,2,3,2,1,2,3,3,2,3,2,12,12,4,5,10,4,11,12,9,12,- -  -,
62233027,Ognjen Mitrović,"D (RL), WB/M (L)",78%,11,12,11,12,9,12,15,12,13,12,12,10,14,11,13,9,6,10,11,10,6,12,11,11,9,6,11,8,10,7,9,11,11,9,12,11,3,2,2,1,3,4,1,2,2,3,1,11,12,2,5,2,11,12,11,14,11,- -  -,Inj
29087568,Sam Long,"D (RC), WB (R)",73%,12,10,10,12,17,12,14,12,10,9,13,10,15,11,12,9,14,10,10,17,9,15,5,11,11,5,9,5,12,10,12,11,10,3,12,10,1,3,2,3,2,3,1,3,3,3,2,7,13,1,2,15,5,17,17,17,15,- -  -,
28030328,Kieron Freeman,"D (RC), WB (R)",83%,12,11,12,10,13,11,11,12,10,12,12,11,10,11,12,7,10,11,11,10,9,12,8,11,12,7,12,10,12,12,10,12,12,4,11,12,3,3,2,3,2,2,1,3,1,2,3,13,12,12,4,10,6,9,6,13,8,- -  -,
14021442,Guillermo Cosaro,D (LC),70%,10,8,11,11,11,8,13,12,12,12,13,14,14,12,13,10,10,13,13,13,11,15,3,5,6,5,9,10,14,10,10,13,9,9,13,10,2,3,3,1,2,3,2,3,2,2,3,12,14,9,10,11,7,12,10,10,5,- -  -,
19216901,Pacheco,D/WB (R),80%,12,13,10,9,13,12,13,13,7,11,13,9,12,11,12,11,7,11,10,13,12,13,11,13,11,10,11,9,8,10,9,10,13,4,11,10,3,3,2,3,2,3,1,1,1,2,1,13,13,1,9,12,11,12,11,14,17,- -  -,Wnt
43302299,Matteo Anzolin,"D (LC), WB (L)",79%,12,11,10,10,12,12,13,11,11,11,12,10,11,12,12,8,10,12,13,10,11,10,11,11,11,5,11,7,10,8,7,11,12,4,12,13,2,2,2,1,3,1,1,1,1,1,2,9,9,4,7,10,5,11,7,15,17,- -  -,
69004838,Anthony Sauthier,D/WB/M (R),68%,10,9,11,10,11,9,11,6,11,13,14,13,12,12,13,12,15,8,11,14,11,12,9,13,7,8,12,7,11,13,12,11,12,9,13,11,3,3,2,1,1,1,4,2,4,1,2,7,14,7,3,13,8,14,10,13,12,- -  -,Inj
83169433,Tiago Manso,"D (RL), WB (R)",69%,13,12,12,8,13,13,12,9,11,13,11,9,10,10,12,13,8,13,11,13,8,13,9,13,12,5,12,7,8,7,9,10,13,7,12,13,1,2,2,2,3,1,4,1,2,3,3,8,11,3,10,9,4,14,11,12,19,- -  -,
53063432,Øyvind Alseth,D/WB (R),65%,11,9,10,12,15,12,13,13,12,12,14,13,9,10,6,8,7,9,11,12,14,14,7,12,11,8,10,6,11,9,8,11,12,8,12,9,3,3,2,2,1,1,1,2,3,2,2,11,12,5,11,12,3,11,13,15,12,- -  -,
19355315,Igor Formiga,D/WB/M/AM (R),92%,14,14,7,9,14,14,13,7,12,12,11,11,12,10,12,13,4,14,10,11,8,13,7,11,12,8,11,6,6,9,12,10,11,10,10,12,3,3,2,3,2,2,3,3,2,3,1,11,12,6,6,13,11,10,12,12,17,- -  -,
92092219,Giannis Kiakos,"D/WB (L), DM, M (LC)",68%,12,12,9,11,12,12,12,10,11,12,8,10,10,12,12,10,8,12,10,11,12,12,13,13,11,10,12,12,9,11,10,9,12,6,9,13,2,3,2,2,2,2,1,2,1,1,1,12,13,7,3,10,13,10,13,14,14,- -  -,
61068554,Daniel Harvie,D/WB/M (L),66%,13,12,10,8,12,13,13,10,15,10,12,7,12,10,13,8,9,10,11,13,10,14,8,12,10,6,13,8,11,6,12,10,11,5,12,12,2,2,3,3,1,1,3,1,2,3,3,12,14,5,14,9,8,13,10,13,11,- -  -,
62078819,Matej Palčič,D/WB (R),77%,12,10,10,10,11,12,12,12,5,11,9,13,12,10,15,13,10,12,12,10,11,13,11,12,12,10,12,6,12,8,10,12,12,6,11,12,2,4,3,3,1,2,3,2,1,2,2,15,14,9,5,13,17,16,15,15,10,- -  -,
28066142,Matthew Pennington,D (RC),81%,11,11,11,13,13,12,11,12,12,13,14,12,10,11,15,5,11,11,12,13,8,13,5,8,9,7,11,6,12,5,10,12,11,6,12,13,2,1,1,3,1,2,1,1,1,2,2,9,13,2,5,10,5,16,14,12,15,- -  -,Wnt
19167512,Matheus Leoni,D/WB (L),83%,12,12,13,11,11,12,13,10,12,10,13,12,10,9,14,8,9,12,12,14,11,13,11,11,9,7,9,11,10,11,10,12,11,9,11,11,1,2,4,1,1,2,3,2,1,4,3,11,12,7,7,11,6,13,11,12,11,- -  -,
67214327,Zé Ricardo,D/WB/M (L),68%,13,13,9,10,13,13,12,9,15,13,13,11,11,10,14,14,8,12,9,10,12,13,12,12,12,10,13,12,8,10,10,8,12,11,11,13,3,1,2,3,3,2,2,2,1,1,3,11,12,9,13,9,7,11,9,12,9,- -  -,
48036256,Kévin Van Den Kerkhof,D/WB/M (R),84%,13,10,12,15,13,14,13,12,10,11,12,10,11,11,14,11,10,10,10,11,8,12,8,11,10,7,10,8,12,9,8,7,11,5,12,10,3,1,3,3,1,1,2,1,3,2,2,9,13,2,7,15,7,13,11,13,12,- -  -,
85045421,Emeric Dudouit,"D (RC), WB (R), DM",74%,13,11,14,10,13,11,13,11,11,12,13,12,11,12,12,10,7,10,10,13,12,14,7,9,10,7,12,8,10,11,7,8,12,6,9,11,2,1,1,2,3,1,3,3,2,1,2,12,12,3,12,13,9,14,12,12,12,- -  -,
62074111,Lazar Đorđević,D (LC),87%,12,13,10,14,9,11,10,9,7,11,11,11,12,12,12,9,11,8,12,11,11,10,13,14,11,9,10,7,12,6,7,11,12,6,12,11,4,2,1,2,3,4,3,3,1,4,2,10,14,2,5,15,5,11,11,10,12,- -  -,
28098436,Harvey Rodgers,"D (RLC), WB (R)",83%,11,10,9,13,14,11,14,12,13,10,14,9,10,10,13,7,11,10,10,12,10,12,10,10,9,6,10,12,12,7,8,12,12,6,14,9,2,3,1,1,1,4,3,3,1,2,1,12,12,6,12,12,5,8,10,11,7,- -  -,Wnt
84150278,Bastien Conus,"D/WB (L), DM",78%,13,12,11,5,13,13,11,7,14,12,13,12,12,10,12,10,8,9,11,13,9,13,9,11,9,7,12,6,6,6,11,10,9,12,13,12,3,2,1,2,2,3,3,2,3,3,2,15,10,6,14,9,10,9,8,12,14,- -  -,
84155814,Dylan Tavares,D/WB/M (L),70%,14,14,7,5,14,13,13,6,12,12,9,11,9,12,12,9,8,12,10,12,8,13,8,11,12,8,12,7,6,8,12,10,11,6,12,12,3,2,3,2,2,2,3,3,3,1,2,12,13,7,7,11,13,13,10,13,13,- -  -,Inj
96080076,Hubert Matynia,D/WB/M (L),67%,13,12,11,10,12,13,9,9,7,12,11,12,10,10,10,11,8,14,11,15,10,14,10,12,12,5,10,9,9,6,13,9,13,10,9,11,2,1,2,1,1,2,1,2,1,1,1,11,12,1,8,13,13,18,13,9,2,- -  -,Wnt
55082916,José Gomes,D/WB (L),65%,13,11,12,13,10,13,12,11,10,10,9,12,11,12,14,14,8,13,10,12,10,12,11,13,11,6,12,7,10,7,12,11,13,10,12,13,3,3,2,2,3,1,2,1,1,1,1,12,13,6,7,11,17,11,12,9,12,- -  -,
83261913,Rodrigo Rego,D (LC),77%,13,12,11,12,13,13,11,12,12,11,13,11,11,11,14,14,9,10,11,12,12,10,6,9,8,6,12,5,12,7,9,12,13,7,12,12,2,3,2,1,2,3,2,2,2,1,1,14,12,8,5,12,6,16,16,12,12,- -  -,Wnt
14198076,Alan Lorenzo,D (RLC),71%,12,11,6,10,9,12,12,11,11,10,13,14,12,16,13,5,14,8,11,10,9,10,6,8,4,5,10,3,11,7,14,12,10,7,12,9,3,1,2,1,2,1,2,3,1,3,1,9,13,2,8,12,5,11,13,14,16,- -  -,
22078633,Patrick-Gabriel Galchev,D/WB (RL),74%,14,13,11,7,13,13,13,7,13,10,17,9,10,8,16,8,8,9,10,16,9,16,10,9,11,7,11,11,6,8,13,9,9,9,12,10,3,1,1,3,1,2,2,2,1,3,1,12,11,7,8,12,9,13,12,16,11,- -  -,
62093796,Miloš Milović,D (RC),81%,10,9,13,14,11,10,12,13,10,12,11,11,10,11,12,5,9,10,14,12,11,11,8,8,6,6,9,5,13,4,3,13,10,4,11,7,3,1,3,1,2,1,3,3,2,2,1,9,15,5,12,13,5,10,7,13,10,- -  -,
36078760,Giorgos Saramantas,D/WB (L),81%,13,14,9,7,14,13,14,7,14,13,13,10,12,12,14,8,9,8,12,14,10,14,11,11,10,6,10,11,7,7,12,12,10,8,12,11,1,2,2,1,1,3,1,2,4,3,1,15,13,4,6,11,4,13,12,9,13,- -  -,Wnt
19352684,Diego Matos,D/WB/M (L),78%,15,13,13,2,16,14,13,8,12,12,8,11,12,9,10,9,6,11,10,10,10,11,10,9,12,7,10,11,6,10,9,10,10,2,9,10,2,2,2,1,4,3,3,2,3,1,4,12,13,3,13,12,12,10,10,15,18,- -  -,
62070346,Dušan Mijić,D (RL),69%,11,11,12,12,9,11,12,13,9,12,8,11,12,12,10,9,15,10,14,10,8,14,8,11,7,6,12,4,10,11,9,13,12,10,12,8,3,3,2,1,3,1,3,3,2,3,1,10,13,9,8,12,12,10,10,10,10,- -  -,
63029161,Martin Šulek,"D (RC), WB (R)",81%,10,8,12,9,15,12,12,10,7,15,11,11,11,12,17,8,2,10,14,11,11,9,7,12,6,6,15,3,12,9,10,12,13,5,12,10,3,2,1,2,3,1,3,2,2,1,1,10,13,2,9,8,8,9,11,15,18,- -  -,Wnt
62069285,Nemanja Petrović,"D (LC), WB (L)",81%,12,12,9,8,8,13,12,8,9,11,10,9,10,11,11,10,6,11,12,12,10,13,9,12,10,9,12,8,9,10,9,10,13,8,11,11,3,3,4,2,3,2,3,2,2,1,3,12,11,10,8,11,11,9,13,17,11,- -  -,Inj
2000009606,Junior Tchamadeu,D/WB (R),77%,14,11,10,13,12,13,12,11,7,10,9,10,11,10,13,5,4,10,10,11,9,12,5,11,12,8,11,3,8,8,10,10,10,6,9,10,3,3,3,1,2,1,2,2,2,1,4,12,9,7,14,20,4,11,12,13,16,- -  -,Wnt
2000019989,Adrian Gantenbein,D/WB (R),70%,12,12,11,11,11,12,13,12,11,10,14,11,10,11,14,8,7,10,12,13,7,13,7,9,11,4,12,6,11,6,12,11,10,2,13,12,1,1,3,2,3,3,4,3,1,3,3,13,12,6,10,17,8,15,13,11,19,- -  -,
21020483,Stipo Marković,D/M (L),74%,14,13,13,8,14,14,15,9,13,9,13,9,10,9,7,9,6,13,10,13,10,14,6,12,10,8,13,7,9,11,13,9,10,7,12,11,2,1,1,1,2,1,1,2,1,2,2,12,12,5,10,10,11,11,10,16,12,- -  -,
14043366,Brian Mieres,D (R),84%,13,12,11,9,16,12,15,14,14,10,12,8,9,11,8,11,10,11,6,8,10,11,9,13,11,6,11,10,8,13,9,9,12,10,15,10,3,2,1,2,1,3,2,3,3,3,3,9,11,7,5,5,7,10,9,15,17,- -  -,
91173317,Seo Young-Jae,D/WB (L),78%,13,11,11,10,10,14,10,10,11,12,9,11,11,10,13,10,7,11,13,13,12,12,6,7,8,9,11,7,9,7,9,11,9,7,12,12,3,2,3,1,2,3,3,2,3,3,2,14,11,6,7,11,8,16,14,12,16,- -  -,
91151054,Jozo Stanic,"D (RC), WB (R)",82%,11,10,11,12,12,12,13,11,13,13,12,10,11,11,13,9,9,11,12,11,9,13,7,12,11,8,11,9,12,8,10,12,10,6,13,10,2,1,2,2,2,1,1,1,3,1,4,10,11,2,10,11,6,10,9,11,7,- -  -,
55082395,Miguel Bandarra,D (R),58%,13,11,11,6,10,12,12,11,10,11,10,13,12,13,11,13,11,11,10,11,12,13,12,13,13,11,13,14,7,12,7,9,12,12,9,13,1,3,2,3,3,1,2,1,3,2,1,12,12,8,8,13,10,12,11,14,10,- -  -,
2000026118,Matthew Anderson,D/WB (L),79%,14,12,10,8,12,15,13,8,15,7,10,8,10,15,16,6,8,7,11,10,8,9,6,12,8,5,13,4,9,5,8,11,7,4,14,10,2,1,3,3,4,1,3,2,2,1,1,11,10,7,5,12,4,9,11,10,10,- -  -,
,,,,,,,,,,,,,,,,,,,,,,,,,,,,,,,,,,,,,,,,,,,,,,,,,,,,,,,,,,,,,,
2000104915,Saël Kumbedi,D/WB (R),76%,13,14,12,8,15,14,13,7,6,11,10,8,14,14,13,9,11,5,10,9,10,10,6,14,9,7,9,3,7,3,5,11,10,9,11,10,3,2,2,1,3,2,2,3,3,3,1,10,11,7,11,9,12,12,9,10,15,- -  -,
61074351,Harry Milne,D/WB (L),83%,13,10,12,12,14,14,15,8,12,9,12,12,9,10,14,7,9,13,10,14,10,15,5,13,11,10,11,6,7,7,9,12,10,3,11,12,1,3,3,3,3,2,2,4,1,3,1,10,14,7,8,13,6,11,13,11,20,- -  -,
62248895,Uroš Blagojević,D/WB (L),82%,12,12,13,12,15,13,14,12,10,10,11,9,10,11,3,11,14,12,11,11,12,11,10,12,11,3,9,9,11,8,11,10,9,6,11,10,1,2,2,4,3,3,1,1,1,1,1,11,10,7,11,10,13,12,11,11,12,- -  -,
71090986,Taras Sakiv,D/WB (L),81%,13,12,12,13,14,10,14,11,7,9,11,9,10,14,10,7,12,6,12,12,11,12,13,13,11,6,9,11,7,9,11,11,10,8,12,8,3,2,3,1,2,3,3,3,2,3,1,13,9,8,4,10,11,12,9,11,20,- -  -,
96018179,Jakub Bartkowski,D/WB (R),74%,12,12,11,12,13,13,13,11,11,13,12,12,11,12,12,10,7,10,12,14,10,14,7,10,7,5,9,5,11,6,12,12,10,3,12,9,1,3,2,3,1,3,3,2,2,2,3,11,12,9,8,11,6,12,14,14,13,- -  -,Wnt
61069535,Jamie Robson,D/WB/M (L),91%,13,12,11,7,11,13,13,11,7,11,11,10,12,11,8,9,9,13,10,12,10,13,11,13,11,8,11,11,9,8,12,8,9,8,11,10,2,2,1,1,1,3,1,2,2,3,1,10,11,6,6,10,6,12,12,12,12,- -  -,
14207316,Aarón Barquett,D/WB (R),83%,14,14,12,10,17,14,12,11,9,11,11,11,12,8,6,5,10,10,13,13,8,11,8,13,11,5,11,3,9,8,12,12,10,4,12,10,2,4,3,2,1,1,2,1,3,1,3,12,12,12,13,7,5,11,9,17,16,- -  -,
14028019,Ignacio Sanabria,D/WB (L),85%,13,10,7,8,10,12,12,7,10,13,13,11,11,12,8,9,10,11,14,14,10,13,9,13,10,4,9,3,8,10,18,13,11,8,14,11,1,3,1,2,1,2,2,3,3,1,2,9,11,6,8,8,8,8,11,12,15,- -  -,
62160057,Nenad Sević,D/WB (L),79%,12,10,11,13,10,13,10,10,12,11,11,11,12,10,12,5,13,11,13,11,11,11,12,12,9,9,11,10,10,6,5,11,8,8,13,11,2,1,3,2,2,3,2,1,3,2,3,12,14,6,9,4,10,12,12,17,11,- -  -,Trn
85101528,Maxime Etuin,"D/WB (L), M (C)",74%,12,13,12,8,13,12,13,7,5,12,9,11,12,11,13,12,11,11,10,13,12,12,10,11,10,8,11,10,7,11,7,8,13,12,10,13,1,2,1,1,2,3,2,3,4,3,2,10,13,6,5,11,7,13,9,15,15,- -  -,
28086156,MacAulay Gillesphey,D (LC),71%,12,13,13,13,11,12,13,12,12,10,11,12,9,9,10,6,11,7,12,12,10,13,9,10,9,5,9,12,13,7,6,11,10,5,12,10,3,4,1,1,2,2,2,4,1,1,2,10,11,7,7,12,6,13,13,13,18,- -  -,Wnt
52089693,Barry Cotter,D/WB/AM (R),90%,15,13,11,13,15,14,14,13,14,9,12,10,9,8,11,14,4,10,9,11,9,11,5,10,12,6,10,4,13,8,8,10,8,9,10,10,3,2,2,1,3,3,2,1,1,3,3,12,10,11,10,8,7,9,12,16,11,- -  -,
93054537,Jonathan Tamimi,D/WB (RL),85%,12,12,10,8,11,12,13,9,9,12,12,12,12,11,11,7,8,12,12,11,11,11,7,11,8,5,11,6,7,8,9,13,11,7,11,11,1,3,2,1,2,2,1,2,4,4,2,10,15,8,7,10,5,12,10,10,10,- -  -,
83136858,Diga,D/WB (R),91%,13,12,11,8,13,14,14,9,13,12,11,11,12,11,14,11,9,11,11,13,9,13,5,10,10,4,10,4,7,6,13,9,10,6,12,11,2,3,2,3,3,3,3,1,2,3,2,13,15,6,7,12,5,15,12,15,15,- -  -,Wnt
19252410,Thiago Ennes,D/WB (R),83%,13,12,11,9,13,13,13,9,14,12,13,12,11,12,13,10,8,13,11,13,11,13,8,12,12,9,12,7,9,7,14,13,12,10,12,12,2,1,2,3,3,4,3,3,1,3,2,13,13,7,5,9,8,14,14,11,10,- -  -,Wnt
37070611,Simon Janssen,"D/WB (L), DM, M (LC)",79%,10,9,12,8,12,10,11,9,8,12,8,9,9,11,10,6,11,11,12,16,12,13,10,8,9,8,13,8,10,10,6,10,13,7,8,11,2,1,2,2,4,1,2,3,1,4,3,9,14,4,5,16,14,12,13,12,19,- -  -,
29234736,Luca Hoole,"D (RC), WB (R)",92%,14,12,10,12,12,13,13,10,13,11,14,12,10,10,15,6,9,6,12,12,10,12,6,11,8,5,10,6,11,7,12,10,10,6,9,9,2,1,3,2,1,1,3,1,1,1,3,12,12,5,8,12,5,15,16,13,16,- -  -,Wnt
84112370,Gonçalo Pimenta,D/WB/M (R),64%,13,12,11,6,13,13,14,8,12,10,11,10,10,12,13,11,11,13,12,11,9,13,11,13,11,5,9,12,6,5,15,8,11,7,12,10,2,3,3,1,3,1,4,1,2,1,2,13,12,6,12,11,13,13,16,11,17,- -  -,
28100355,Liam Gibson,"D (LC), WB (L), DM, M (C)",77%,11,11,10,13,11,11,12,13,12,11,13,9,13,11,14,12,7,10,15,11,11,11,8,8,9,7,8,5,9,7,9,11,10,4,13,10,1,3,1,1,1,1,3,3,4,2,3,12,15,2,9,11,6,8,9,6,19,- -  -,
62082815,Stefan Milošević,D/WB/M/AM (L),92%,11,12,11,10,11,13,11,13,15,12,12,10,11,10,10,11,10,11,12,12,10,12,12,12,10,8,11,13,10,9,11,12,11,11,12,12,2,2,2,2,3,2,2,3,2,2,3,14,12,12,15,13,8,8,9,15,7,- -  -,
19411288,Cleuber,D/WB (R),82%,13,12,7,10,14,13,16,8,8,10,11,9,11,15,10,12,12,8,12,10,7,10,11,10,12,5,11,7,8,8,7,6,11,2,11,12,3,1,3,2,3,3,3,3,2,1,3,12,20,3,6,18,9,11,10,14,10,- -  -,
37041416,Collin Seedorf,"D (RC), WB (R), DM",81%,13,13,12,13,13,14,13,12,11,11,12,12,8,10,12,12,7,12,10,11,9,12,6,10,10,7,9,7,13,8,9,11,11,4,11,11,1,3,3,1,3,2,2,3,1,1,3,14,11,3,10,10,8,12,13,12,13,- -  -,Opt
29125547,Kyle Knoyle,"D (RC), WB (R)",82%,11,11,11,8,13,12,14,12,8,12,11,11,13,10,12,5,5,12,12,11,11,12,7,11,12,7,10,6,10,7,5,11,11,5,9,11,1,1,3,2,2,1,1,3,2,3,2,11,12,3,12,8,8,11,13,10,10,- -  -,
71042776,Yevhen Pasich,"D/WB (RL), M (R), AM (RL)",56%,13,11,12,9,14,12,13,11,7,12,13,8,9,7,13,8,7,11,10,12,8,13,8,9,11,6,9,5,11,11,7,10,9,5,10,11,2,3,2,1,1,3,3,3,3,1,4,13,20,6,10,12,12,11,9,16,18,- -  -,
96124432,Patryk Janasik,"D/WB (RL), M (R)",63%,12,13,12,10,12,12,12,10,9,12,9,12,8,11,12,12,2,11,10,12,13,12,10,11,11,8,8,10,6,9,9,11,8,6,11,9,1,3,4,1,1,1,3,2,3,3,3,13,14,7,8,13,5,8,10,14,8,- -  -,Wnt
28100271,Tyler Reid,"D (RC), WB/M (R)",65%,13,11,14,11,10,14,11,16,9,9,12,9,9,10,13,12,4,10,10,12,9,14,6,12,11,4,9,4,12,6,12,12,11,7,13,10,1,2,4,3,1,1,3,3,2,1,2,13,14,3,7,10,9,12,10,13,20,- -  -,
14022110,Exequiel Narese,D/WB/M (R),83%,13,11,11,7,12,12,12,10,11,12,14,13,13,11,14,9,9,9,11,11,9,14,5,11,12,7,11,7,6,8,8,11,12,7,11,12,3,2,2,2,2,1,1,3,1,3,3,14,11,1,10,8,8,15,10,12,18,- -  -,
19291517,Alyson,D/WB (L),83%,13,14,13,13,14,14,13,13,14,11,12,13,10,11,15,5,9,14,9,12,9,12,11,13,12,6,12,9,9,8,15,11,12,8,9,13,2,1,1,1,1,1,2,1,2,2,1,11,13,5,9,10,9,7,8,12,17,- -  -,
27133067,Adam Sørensen,D/WB/M/AM (L),70%,15,13,12,5,13,14,10,7,13,10,11,11,11,11,10,9,6,10,10,14,11,14,5,11,10,8,13,5,6,5,6,10,12,5,11,13,3,4,2,3,2,3,2,1,1,2,2,8,11,3,5,11,10,12,10,12,15,- -  -,
61078093,Lewis Strapp,D/WB (L),75%,12,9,9,11,16,13,12,11,7,10,8,11,10,10,12,8,12,9,12,13,9,12,13,15,10,5,10,12,13,12,18,13,11,4,14,12,3,1,1,2,3,3,2,3,3,3,3,11,15,3,3,11,5,14,10,13,10,- -  -,Wnt
14085057,Lucas Pruzzo,D/WB (L),85%,13,13,12,8,11,13,14,11,13,12,10,10,11,11,14,7,6,11,12,12,9,13,6,13,11,5,9,5,9,6,15,12,10,7,13,11,2,2,2,3,1,3,3,3,3,1,1,12,12,4,10,8,6,10,9,10,19,- -  -,
16093518,Markus Pavic,D/WB/M (L),84%,12,12,12,11,13,12,14,13,13,10,13,11,12,11,13,7,8,9,12,13,9,15,6,11,8,5,10,6,11,8,12,11,11,7,12,10,1,3,3,2,1,2,1,2,1,1,3,11,11,10,8,12,6,12,12,9,10,- -  -,
14227301,Lucas Medina,D/WB (L),75%,12,12,8,7,14,13,13,10,13,11,11,12,12,11,15,8,6,13,12,13,11,12,11,12,12,6,8,6,8,5,13,12,9,7,13,11,1,2,1,2,3,1,3,2,2,3,1,14,20,6,6,11,6,14,10,9,17,- -  -,
38041695,Ákos Kinyik,"D (RC), WB (R)",80%,13,13,12,13,11,13,13,11,13,13,13,9,9,11,12,8,8,9,8,11,11,13,7,9,9,6,10,6,12,5,10,12,10,9,11,11,2,2,2,1,4,1,3,1,2,3,1,10,14,10,10,10,9,12,10,14,8,- -  -,
62159593,Uroš Stojanović,D/WB (L),75%,11,11,12,11,11,11,11,12,12,12,12,13,13,13,11,8,13,9,11,12,8,13,8,9,9,5,10,7,11,8,10,12,10,7,12,10,4,1,3,2,3,1,2,1,2,1,3,10,15,7,11,11,10,12,14,16,12,- -  -,
48036076,Nathan Dekoke,"D (LC), WB (L)",64%,12,12,13,11,12,11,12,10,6,12,11,12,11,11,10,8,8,13,12,13,12,12,5,11,10,8,12,6,12,7,10,12,12,7,12,12,2,1,2,1,1,1,1,1,3,3,4,9,13,4,5,10,8,9,12,11,20,- -  -,
51010517,Omar Mendoza,D (R),79%,11,11,11,7,11,13,13,9,14,13,12,13,12,13,4,12,10,11,12,12,8,11,8,14,7,10,12,4,12,6,11,11,12,7,11,9,3,2,2,3,1,3,1,1,2,4,2,10,15,4,9,11,11,12,11,13,17,- -  -,
62197623,Matija Kavčič,D/WB (L),74%,12,11,11,8,8,12,12,8,10,12,11,10,13,10,12,10,9,9,12,11,10,10,12,14,11,8,11,7,9,7,9,12,12,5,12,12,1,1,3,1,1,3,2,3,3,2,2,9,13,3,4,11,4,14,11,9,6,- -  -,Inj
14116164,José Villegas,"D (RC), WB (R)",86%,14,13,9,13,9,13,10,9,14,12,10,9,11,12,12,5,6,7,14,6,7,9,6,10,5,5,10,1,11,4,7,13,9,5,13,9,1,2,1,3,1,3,3,3,3,3,2,12,9,3,15,7,5,10,13,17,18,- -  -,
95078188,Joshua Rawlins,D (RC),74%,14,14,11,10,16,12,12,10,15,11,12,10,11,11,13,12,8,11,14,12,9,12,7,8,10,6,10,6,6,5,10,13,10,4,9,9,3,1,2,3,3,1,1,1,3,3,2,15,11,13,12,9,5,12,7,12,7,- -  -,
66044473,Park Dae-Won,"D (RLC), WB (L)",86%,14,12,9,6,12,12,11,12,8,12,10,8,11,11,16,5,14,8,12,10,6,16,7,11,8,2,11,8,8,8,9,12,11,2,10,11,1,3,3,3,3,2,3,1,3,3,1,12,11,6,10,10,10,12,9,19,14,- -  -,
13193896,Najeeb Yakubu,"D/WB (RL), M (R)",75%,14,13,10,13,13,15,13,14,9,9,10,11,9,9,4,10,10,9,9,11,11,11,6,11,9,11,10,9,7,9,8,10,12,4,11,12,4,3,2,1,3,3,1,2,2,2,1,11,10,3,9,8,5,12,12,3,20,- -  -,Opt
13183095,Clinton Antwi,"D/WB (L), DM, M (LC), AM (L)",61%,13,13,6,4,12,13,10,6,12,12,12,9,11,9,15,13,12,11,10,11,7,11,10,10,13,4,12,10,5,6,9,12,7,8,13,8,2,2,1,3,3,3,1,3,3,2,1,12,5,5,11,17,13,10,12,11,12,- -  -,Inj
14035958,Emiliano Carrasco,"D/WB (R), M (RL), AM (R)",92%,12,12,8,8,13,13,11,8,6,12,14,9,12,11,19,10,9,12,8,14,12,13,11,12,12,8,7,11,6,12,9,9,13,6,8,11,1,1,1,2,3,3,4,2,3,3,2,11,13,2,8,9,6,11,10,17,18,- -  -,
18097161,Michiel De Looze,D/WB (R),80%,16,12,5,5,16,16,9,5,5,12,11,12,11,9,10,12,12,7,8,12,8,12,11,12,10,9,12,6,8,6,10,10,10,6,11,10,1,1,1,3,3,2,4,1,3,1,2,11,11,2,7,6,14,12,11,12,13,- -  -,Trn
62155919,Milan Jezdimirović,D/WB (RL),77%,12,14,8,11,12,12,13,8,12,11,11,10,11,14,6,9,14,9,8,8,7,8,5,12,11,8,12,3,9,10,9,11,11,3,15,12,3,1,2,1,3,3,2,3,1,3,2,11,12,6,5,5,11,10,2,15,13,- -  -,Inj
2000146149,Gastón Vega,D/WB (L),79%,12,14,11,9,15,13,11,6,9,12,11,12,8,14,5,5,4,10,11,15,11,14,7,7,11,7,10,4,9,9,10,12,12,8,11,11,3,1,1,1,2,1,1,1,1,3,3,11,14,3,12,10,8,11,8,15,17,- -  -,
49040160,Yohan Bilingi,D/WB (R),75%,13,11,13,13,14,12,12,13,12,9,11,12,12,10,15,9,8,9,12,13,11,12,7,10,12,6,10,5,11,10,10,10,11,8,11,10,3,4,1,3,4,4,3,3,2,1,1,11,13,5,7,8,5,12,11,12,12,- -  -,
18060279,Alessio Staelens,"D/WB/M (R), AM (RLC), ST (C)",83%,12,8,6,7,12,12,8,7,7,11,11,11,10,11,11,12,11,9,6,12,9,12,9,10,10,12,10,9,9,9,8,8,11,8,8,9,3,3,3,2,2,3,1,4,1,3,1,12,14,14,7,5,5,14,12,15,10,- -  -,
19352286,Jean,"D (LC), WB (L)",55%,12,12,13,9,12,13,13,11,11,11,11,12,11,12,10,13,6,12,11,11,11,11,8,12,11,5,12,9,10,7,9,10,12,7,12,12,2,1,2,3,2,1,1,1,1,3,2,11,11,4,11,12,9,12,10,8,9,- -  -,
14194792,Peter Grance Martínez,D/WB/M (L),97%,13,13,10,9,13,13,13,9,12,12,10,12,12,12,10,5,6,11,12,12,9,13,10,11,12,6,10,8,7,7,13,12,11,5,11,11,2,3,2,3,3,2,3,3,3,3,2,11,11,4,9,10,11,12,13,13,12,- -  -,
28059808,Thomas Boakye,D/WB/M (RL),75%,14,12,8,8,11,13,13,11,11,9,10,9,10,10,12,4,8,8,9,7,9,11,4,8,10,7,10,4,8,12,9,9,9,5,9,10,3,3,2,3,1,1,2,2,2,1,3,12,12,8,9,8,4,13,8,17,5,- -  -,
58092155,Magomed Musalov,D (RL),75%,12,12,12,9,13,14,12,9,13,13,14,10,12,12,11,8,10,9,10,14,10,11,10,10,10,7,9,3,10,3,9,12,10,6,14,9,1,2,3,2,3,3,3,3,3,3,1,8,14,7,6,11,7,11,14,13,16,- -  -,
37079083,Jonathan Mulder,"D/WB (L), DM, M (LC)",81%,12,12,11,15,12,12,12,9,13,9,10,11,9,10,14,11,7,12,9,13,9,12,9,8,10,5,11,9,6,11,9,11,12,3,11,11,1,2,2,3,2,3,2,1,1,3,1,14,8,4,6,7,10,14,13,13,10,- -  -,
66032179,Woo Joo-Sung,D (RC),84%,10,11,14,14,13,12,14,12,13,11,10,10,11,9,11,10,8,10,13,13,10,12,5,10,10,7,10,4,10,11,9,13,11,5,13,10,3,1,1,2,3,2,4,1,3,1,1,13,12,3,3,8,7,13,13,12,12,- -  -,Rst
27144768,Thomas Gundelund,"D/WB (R), DM, M (C)",83%,12,11,10,8,11,12,13,8,12,12,12,11,12,12,12,5,8,12,13,12,11,13,6,11,11,9,12,5,8,4,5,11,11,5,10,11,1,3,3,4,2,1,3,3,4,2,4,13,12,6,5,9,12,12,10,13,12,- -  -,
96105408,Marcin Grabowski,"D (RL), WB/M (L)",75%,13,12,9,6,13,11,12,7,6,11,11,12,15,11,13,7,11,10,9,11,8,12,12,11,8,8,13,10,11,8,9,11,11,7,11,10,1,3,3,1,3,2,3,2,3,1,2,12,12,7,9,14,6,10,11,15,10,- -  -,Wnt
14042681,Juan Perotti,D/WB/M/AM (L),69%,13,12,12,10,11,12,13,7,7,9,8,9,10,11,12,8,6,11,9,12,12,11,10,12,11,11,11,9,12,12,9,11,11,7,8,12,2,2,1,3,3,1,1,3,1,2,1,12,14,4,7,12,6,12,13,15,9,- -  -,
96055197,Artur Bogusz,D/WB (RL),81%,11,10,12,9,10,12,13,12,12,11,11,10,10,10,12,9,6,14,11,13,9,13,7,11,11,8,10,6,10,7,7,10,9,13,11,10,3,3,1,2,1,3,1,3,1,2,1,11,12,8,11,10,7,11,12,17,12,- -  -,Wnt
96142662,Konrad Gruszkowski,D/WB (R),68%,14,12,13,11,16,13,16,13,13,11,14,8,7,10,13,9,10,11,11,10,11,13,5,11,10,7,9,6,12,10,7,10,10,6,11,9,1,1,1,1,2,2,1,3,3,3,2,12,9,5,10,10,4,12,13,12,12,- -  -,Wnt
