,UID,Name,Position,Av Rat,Acc,Agi,Bal,Jum,Nat,Pac,Sta,Str,Agg,Ant,Bra,Cmp,Cnt,Dec,Det,Fla,Ldr,OtB,Pos,Tea,Vis,Wor,Cor,Cro,Dri,Fin,Fir,Fre,Hea,Lon,L Th,Mar,Pas,Pen,Tck,Tec,Aer,Cmd,Com,Ecc,Han,Kic,1v1,Pun,Ref,TRO,Thr,Amb,Cons,Cont,Dirt,Imp M,Inj Pr,Prof,Spor,Vers,Temp
0,37051305,Arnaut Danjuma,"M (L), AM (RL)",7.12,17,14,13,10,12,16,13,10,7,13,15,15,14,14,15,16,5,14,7,13,14,11,12,15,17,14,16,13,11,12,11,6,12,8,7,17,2,1,1,1,1,1,2,2,1,3,1,18,13,16,11,14,14,10,11,18,12
1,28094856,Daniel James,M/AM (RL),6.7,19,16,12,6,15,19,16,5,14,10,16,7,9,5,15,12,4,12,6,16,7,18,4,11,13,7,11,4,5,8,2,5,8,10,6,11,2,2,2,1,3,1,3,1,3,1,3,15,10,5,12,13,5,14,11,12,14
2,13156726,Trezeguet,M/AM (RL),7.2,14,13,14,11,15,15,14,11,15,12,11,11,12,12,13,16,12,14,8,13,13,14,13,14,13,14,14,11,8,14,4,6,14,13,7,14,2,2,2,3,1,1,2,1,3,1,1,17,11,16,10,13,10,13,10,13,10
3,93053619,Othman El Kabir,M/AM (L),6.82,14,13,12,8,11,14,12,9,11,12,10,12,11,10,10,15,7,13,6,9,10,12,13,13,14,12,13,12,8,13,5,5,11,9,7,13,1,2,1,1,3,3,1,2,2,2,3,10,13,7,11,10,11,10,10,15,10
4,85103980,Georges-Kévin Nkoudou,AM (L),6.86,17,15,13,7,13,17,13,11,9,12,12,12,10,11,8,15,5,14,5,12,11,12,5,10,15,12,12,6,7,9,4,4,12,12,4,14,2,3,2,3,3,3,3,1,3,2,2,10,11,5,7,12,14,9,10,13,13
5,14182883,Juan Bauzá,AM (LC),7.04,13,12,9,11,12,13,12,13,12,12,9,11,11,14,12,11,9,13,12,12,12,12,7,13,14,8,14,6,7,10,4,4,12,8,6,14,1,2,3,2,1,1,4,3,3,3,3,12,12,3,7,10,3,14,11,14,8
6,36058048,Dimitris Pelkas,"M (LC), AM (RLC)",6.86,14,16,10,8,12,13,11,8,10,13,5,15,9,11,17,16,9,14,6,14,15,12,13,12,15,10,15,12,4,14,5,6,15,10,5,15,1,2,3,2,2,4,2,1,1,1,2,14,10,8,8,10,5,15,13,11,14
7,93031731,Arber Zeneli,"M (L), AM (RLC)",6.88,16,16,11,9,12,15,12,9,10,10,10,12,12,11,11,14,5,14,9,12,12,11,11,13,15,11,13,8,7,7,5,5,14,8,5,14,2,2,1,2,3,1,3,3,3,3,2,14,13,5,7,8,11,12,12,8,12
8,70092187,Emircan Altıntaş,AM (RL),7.34,16,16,13,6,9,13,12,8,11,12,10,13,12,10,14,13,4,14,6,10,12,14,9,10,13,12,11,5,6,9,3,5,12,14,6,12,1,2,2,3,1,1,1,4,4,2,3,12,16,3,10,14,6,12,10,11,12
9,55026952,Bruma,M/AM (RL),6.9,16,15,11,7,12,16,12,8,12,11,8,9,7,8,13,17,5,13,7,12,13,14,11,11,16,12,13,10,7,13,4,6,12,11,6,14,2,2,1,1,3,1,1,3,1,3,3,17,9,14,6,12,12,12,14,14,10
10,64016388,Damjan Bohar,AM (RL),7.05,13,13,12,8,13,13,11,9,13,12,9,12,11,11,9,13,5,13,5,12,12,11,12,12,13,11,15,10,6,9,8,5,14,11,4,13,2,3,1,1,2,1,1,3,1,3,2,8,13,13,9,11,4,10,10,11,12
11,860985,Garry Rodrigues,M/AM (RL),,14,14,13,8,11,13,12,8,8,12,9,11,9,11,12,14,7,14,7,11,13,12,10,12,13,12,13,11,8,11,4,7,12,12,7,13,3,1,3,1,3,2,3,3,2,1,2,13,13,10,9,12,15,14,10,14,12
12,45111891,Kaoru Mitoma,WB/M/AM (L),6.9,17,14,12,9,14,15,12,7,15,9,13,12,11,11,13,15,6,14,7,12,12,12,10,10,14,11,14,9,8,9,7,8,11,7,8,14,2,1,4,1,1,1,1,2,1,2,3,12,13,1,1,7,8,12,11,17,17
13,95040947,Dapo Afolayan,M/AM (L),7.01,13,12,9,10,11,12,13,9,9,12,11,12,11,12,6,13,10,13,12,11,13,13,9,12,14,11,13,10,8,11,3,6,11,8,6,14,1,4,3,2,1,2,3,2,3,2,2,9,12,3,2,10,3,10,11,14,19
14,19284049,Matheusinho,"M (L), AM (RLC)",6.99,15,16,9,6,13,14,14,6,7,13,12,12,12,11,14,15,9,13,4,13,13,13,11,12,15,10,14,11,6,9,5,5,13,12,6,14,2,4,3,2,2,2,2,2,1,3,2,13,12,7,9,12,10,12,5,15,10
15,83243056,Henrique Pereira,AM (RL),7.06,14,13,11,7,14,14,11,9,11,10,10,12,12,13,15,14,9,13,7,11,12,10,7,13,14,12,12,7,6,9,4,6,12,9,5,12,2,2,3,3,2,1,1,1,2,2,1,14,14,6,6,10,6,15,15,12,16
16,67222233,Arturo Molina,"DM, M/AM (RLC)",6.79,11,12,11,11,15,11,14,12,8,11,10,11,10,12,13,12,7,11,15,12,11,11,10,10,12,10,12,9,10,13,6,7,13,10,8,13,3,2,2,2,2,1,2,3,2,1,2,10,13,8,7,12,8,12,12,16,18
17,49052213,Robert Navarro,"M (C), AM (RLC)",6.86,15,13,14,8,13,14,12,11,6,13,7,11,8,13,10,14,10,10,8,12,15,12,11,11,13,9,15,11,6,13,2,5,13,11,6,15,3,3,3,1,3,2,1,3,4,2,4,13,13,7,8,13,12,10,12,12,16
18,57147838,Alexandru Măţan,AM (LC),6.86,15,17,13,2,10,15,11,8,8,11,9,10,11,11,12,12,10,12,9,10,13,10,7,10,13,8,12,9,6,9,6,9,11,9,9,14,1,2,1,3,2,2,1,1,3,3,3,14,11,6,6,10,11,15,11,13,16
19,19191041,Walterson,AM (RL),6.88,14,14,10,10,13,13,12,11,10,10,12,8,10,11,14,13,7,13,8,11,12,14,10,13,13,9,13,12,8,12,10,8,12,13,11,14,4,2,2,2,1,1,2,2,3,2,1,13,13,5,5,13,2,13,12,11,11
20,48040712,Mathieu Cafaro,M/AM (LC),7.13,13,14,12,8,14,13,14,9,10,12,9,12,12,12,13,12,8,11,9,14,14,13,14,13,12,10,14,14,8,15,5,10,13,13,10,14,4,1,3,2,3,3,1,2,1,1,2,15,12,12,9,12,6,12,11,14,10
21,53089849,Moryké Fofana,AM (RL),6.99,13,15,14,9,13,13,11,11,13,12,8,11,10,10,11,17,7,12,7,10,12,13,7,12,17,13,13,8,7,12,6,5,12,7,6,16,1,2,3,1,3,2,3,3,1,1,3,11,9,7,7,10,12,12,13,12,13
22,62178786,Luka Adžić,"M (L), AM (RLC)",7.14,15,13,10,13,12,14,11,9,10,11,10,11,11,11,13,13,10,12,7,13,12,10,13,12,12,9,12,13,12,11,7,5,13,11,7,14,3,2,3,1,2,1,2,2,2,1,3,11,12,9,9,11,8,12,11,13,11
23,85044861,Adrien Regattin,"M (L), AM (RLC)",7.01,12,15,13,5,14,11,11,8,7,11,10,13,12,11,15,16,5,13,8,12,14,13,12,14,12,7,14,13,5,13,5,5,13,10,6,14,3,3,2,2,2,1,4,1,2,3,3,14,11,7,7,14,7,11,14,13,14
24,58071229,Reziuan Mirzov,"M (L), AM (LC)",6.88,14,16,11,10,8,13,13,10,12,15,14,13,11,9,15,14,10,14,8,9,7,12,10,9,13,11,14,11,5,13,8,7,12,11,10,14,3,2,3,2,3,2,1,1,3,2,2,12,11,13,9,13,7,10,14,11,6
25,37076864,Kaj de Rooij,"M (RL), AM (RLC)",6.88,14,13,12,9,11,12,11,7,5,10,10,12,12,9,14,13,6,13,5,12,12,11,8,10,13,12,13,7,9,10,6,5,11,12,5,14,1,1,3,1,1,1,4,4,1,1,1,14,10,8,4,9,12,13,13,13,7
26,37047789,Dabney dos Santos Souza,M/AM (RLC),6.62,14,14,10,7,14,14,11,9,10,10,8,11,10,10,14,12,8,13,7,10,10,11,6,9,13,8,12,9,5,9,10,5,10,8,4,13,1,1,3,1,2,1,3,3,3,3,3,12,9,5,4,6,11,12,10,14,20
27,85144028,Jean-Luc Dompé,AM (RL),6.54,16,13,11,7,13,15,12,10,12,13,8,10,9,10,14,15,5,12,10,14,12,13,10,14,15,9,13,13,6,12,6,3,11,9,4,14,2,2,1,1,2,3,1,3,2,3,2,12,11,13,9,6,9,7,8,12,7
28,49030848,Faïz Selemani,"M (L), AM (RL)",6.91,15,15,13,11,10,13,13,9,8,13,12,13,11,13,12,15,6,14,6,10,9,13,14,12,14,12,15,11,7,10,7,6,13,10,6,15,3,2,2,1,3,3,2,2,2,3,2,14,11,9,7,11,11,10,10,13,10
29,48037012,Quentin Boisgard,M/AM (RLC),6.81,14,14,13,7,13,12,12,12,5,12,7,11,12,12,14,15,9,11,11,13,13,12,13,12,14,10,15,12,4,11,3,6,12,14,6,15,2,3,3,3,2,2,2,3,3,3,3,12,12,4,5,10,5,13,15,14,14
30,76053940,Johan Carbonero,AM (L),7.18,16,15,9,8,14,16,13,9,13,14,10,12,9,12,14,14,8,13,7,9,9,8,8,11,14,11,13,8,8,9,10,8,10,5,7,14,3,2,1,2,2,3,3,2,3,3,3,12,13,16,14,11,8,10,9,14,12
31,98035163,Dereck Kutesa,M/AM (RL),6.88,16,14,12,7,12,14,12,10,8,10,5,12,11,11,12,15,8,12,5,11,10,11,10,12,16,10,14,7,8,9,4,5,11,8,5,14,2,1,3,1,3,3,3,2,2,1,2,12,12,8,7,6,10,12,8,15,9
32,43061090,Andrea D'Errico,M/AM (RLC),6.92,12,13,9,6,14,12,13,7,8,11,13,12,11,11,13,15,15,12,7,9,12,12,11,12,10,12,12,10,7,12,4,6,12,14,6,13,2,2,3,1,2,3,3,4,1,3,1,12,16,8,13,12,7,13,14,15,13
33,29175413,Callum Wright,M/AM (RLC),6.98,14,11,12,10,12,12,14,12,10,12,13,13,10,11,6,11,5,12,12,15,12,16,8,9,12,12,12,7,9,11,7,7,12,10,10,12,1,4,3,3,2,1,3,1,3,1,1,11,12,7,4,11,6,9,12,15,19
34,55082240,Madi Queta,"M (L), AM (RL)",6.98,14,12,11,10,13,15,12,9,11,12,10,12,9,8,13,14,5,10,6,9,9,13,9,11,13,12,11,5,7,9,3,4,11,8,4,13,3,1,2,2,2,1,3,3,2,1,2,10,14,5,6,11,5,13,7,10,12
35,18087917,Antoine Bernier,"M (L), AM (RL)",6.97,15,12,7,5,11,14,12,5,8,12,13,12,12,12,12,14,10,8,5,14,11,14,10,13,13,14,12,8,7,8,7,7,13,8,8,10,1,4,3,1,2,1,2,3,1,2,1,14,12,8,6,6,9,9,10,17,13
36,85080148,Thomas Touré,AM (RL),6.64,13,14,13,7,9,13,11,10,12,9,6,10,7,8,10,14,8,13,7,10,9,9,11,10,12,9,11,11,9,14,2,4,12,13,6,11,2,1,2,2,1,2,3,3,1,1,1,14,11,12,9,11,12,8,9,13,8
37,28100268,Tosin Kehinde,M/AM (RL),6.93,15,14,9,5,12,15,9,8,11,10,7,11,10,10,11,12,8,13,7,11,11,13,9,11,15,11,15,8,6,11,8,6,13,13,7,15,1,3,1,1,1,3,1,1,2,1,4,12,10,6,8,13,10,13,12,15,10
38,86056924,Ramiro Vaca,"M (C), AM (RLC)",7.18,11,12,13,11,14,13,14,11,11,9,9,11,11,11,13,14,6,11,9,13,14,11,15,13,12,11,14,13,8,11,7,8,14,11,9,13,3,3,1,4,2,4,2,3,2,1,1,11,12,1,10,11,7,12,10,14,12
39,19387681,Ferreira,"M (L), AM (RLC)",7.13,15,15,13,8,11,14,13,7,10,13,11,13,9,12,13,15,13,13,7,10,13,12,7,12,16,11,14,10,12,12,7,7,12,13,7,14,3,1,1,1,2,3,2,2,2,3,3,12,12,13,10,12,15,12,7,15,11
40,2000139779,Jacob Dicko Eng,AM (RL),7.08,14,13,12,13,13,14,10,12,8,11,7,12,11,9,13,12,6,12,7,9,10,12,6,8,13,9,12,7,8,7,6,5,8,11,6,13,3,1,3,2,1,3,2,1,2,1,2,12,12,4,5,9,7,14,16,13,17
41,61043739,Barrie McKay,"M (L), AM (RLC)",6.84,14,13,16,6,12,15,10,8,8,10,7,12,8,9,9,14,5,13,7,11,14,10,11,12,15,8,16,12,6,11,3,5,12,11,5,15,1,3,2,3,3,1,3,3,2,1,3,13,9,6,4,8,3,12,14,9,15
42,66040823,Go Jae-Hyeon,"M (L), AM (RL)",6.77,13,12,11,9,9,12,10,8,11,12,13,9,11,8,16,9,7,11,11,11,10,8,9,14,13,12,12,9,7,8,9,10,13,12,10,13,1,3,1,3,1,3,3,2,2,1,2,9,15,1,5,9,8,9,11,12,11
43,19262160,Talles,"M (L), AM (LC)",6.63,13,12,12,7,12,13,12,7,11,12,10,10,11,10,12,12,14,13,8,9,9,8,8,9,12,8,11,10,7,10,9,8,10,6,8,11,2,1,2,1,1,3,3,3,2,2,3,11,11,2,8,6,11,11,9,16,19
44,92082759,Keanu Staude,"M (L), AM (LC)",6.62,14,13,10,8,11,13,12,9,10,12,11,9,9,8,11,15,5,14,7,8,11,12,10,12,14,9,12,11,10,12,7,5,12,9,8,13,1,3,2,3,2,3,2,2,3,3,2,12,11,15,6,11,8,8,10,10,8
45,39035756,Gísli Eyjólfsson,M/AM (LC),6.82,14,14,9,11,12,14,10,6,15,11,9,11,10,14,10,12,2,12,10,9,10,13,8,10,12,11,11,8,3,8,6,9,7,5,8,11,3,3,3,2,1,2,2,2,1,2,3,9,11,8,8,3,7,13,12,18,20
46,356951,Jamie Murphy,"M (L), AM (LC)",6.85,11,11,10,10,12,11,10,9,8,12,9,12,9,10,10,11,7,13,8,12,12,13,8,11,11,12,13,7,9,11,6,6,12,14,8,12,2,1,3,1,2,3,2,1,4,2,3,12,10,4,9,11,5,17,13,14,12
47,14198676,Malcom Braida,"WB/M (L), AM (RL)",6.48,14,14,11,6,14,14,13,8,13,14,11,13,12,11,12,14,13,13,14,12,10,11,8,12,14,10,10,6,8,12,9,5,14,9,5,12,1,3,1,2,1,2,1,3,2,3,3,13,13,5,7,12,3,11,11,13,10
48,57080553,Claudiu Bumba,"M (L), AM (RLC)",7.15,11,12,13,9,14,12,12,11,9,13,11,11,10,13,14,13,11,14,10,12,15,9,13,13,14,12,14,11,6,13,3,5,14,9,6,15,1,1,1,1,1,1,1,1,1,1,1,11,12,7,7,12,5,15,13,12,10
49,25057972,Ondřej Štursa,AM (LC),6.83,12,11,9,11,10,11,8,13,13,9,8,8,9,8,15,10,11,12,8,9,10,13,8,11,15,10,13,6,8,8,7,8,10,3,9,11,3,3,2,3,2,1,1,4,1,3,1,10,20,8,7,13,9,11,12,11,12
50,14227040,Luciano Ferreyra,"M (C), AM (LC)",6.76,13,13,14,3,12,13,11,8,9,11,10,12,11,12,13,13,8,12,11,12,13,11,13,13,14,13,14,11,9,13,5,10,13,11,12,14,1,1,2,3,1,3,3,1,2,1,2,14,12,7,8,10,7,13,13,11,12
51,62218469,Dejan Zukić,AM (LC),7.22,13,14,11,13,12,12,11,13,12,12,11,11,11,11,12,13,14,13,11,10,12,10,11,11,13,11,13,11,8,10,3,10,13,9,11,14,3,4,3,2,1,1,2,2,1,1,2,12,12,6,7,12,10,12,12,15,11
52,57160669,Dragoş Gheorghe,"M (L), AM (RL)",7.24,12,12,11,8,10,12,11,12,10,10,12,11,10,11,16,11,8,10,10,12,11,12,12,12,11,10,11,10,8,10,8,11,11,10,7,12,1,2,4,2,1,1,2,3,3,1,3,11,11,8,10,11,7,10,5,11,15
53,37045891,Karim Loukili,"M (L), AM (LC)",6.79,11,12,11,7,15,11,9,7,10,13,15,12,12,13,13,14,11,13,5,11,13,11,9,11,12,10,11,10,7,9,6,6,12,14,8,13,2,3,1,2,1,2,2,2,2,1,2,13,11,11,7,10,6,10,8,14,11
54,37070385,Thijs van Leeuwen,AM (RLC),6.83,12,11,12,9,12,12,11,7,14,12,8,10,10,15,10,13,6,12,5,13,13,10,9,13,13,11,13,9,7,11,9,6,12,8,5,14,2,1,3,1,2,2,1,3,3,1,1,11,10,8,8,8,5,11,10,14,16
55,28116492,Phoenix Patterson,"M (L), AM (RL)",6.96,14,12,12,6,12,13,11,7,7,6,7,10,7,8,13,14,6,10,6,9,10,10,8,11,13,10,11,14,5,12,6,5,11,12,6,11,2,1,3,1,3,2,1,1,3,3,1,18,11,4,5,11,7,15,11,13,8
56,50037192,Yassine Bahassa,"M (L), AM (LC)",6.85,12,12,11,11,12,12,11,13,9,11,9,9,11,13,6,11,8,12,8,12,12,12,10,11,11,9,14,9,10,12,8,7,13,8,8,13,2,3,1,3,1,2,3,1,2,3,1,10,12,6,10,11,2,11,13,12,12
57,85043913,Lenny Nangis,M/AM (RL),7.14,15,13,12,7,13,16,12,11,8,11,9,10,9,9,8,12,5,13,7,8,8,10,7,11,13,8,12,8,9,11,5,4,10,13,4,12,2,3,1,1,1,3,3,2,1,3,3,12,13,13,8,13,8,8,12,9,9
58,33076565,Daniel Håkans,"M (RL), AM (RLC)",6.92,16,14,10,7,6,16,11,7,9,10,11,9,9,8,14,16,4,7,7,10,7,12,4,11,12,12,10,7,6,11,2,3,12,6,3,11,3,4,3,1,2,3,3,2,3,1,1,12,13,6,5,12,14,15,15,15,15
59,28062313,Jordan Graham,M/AM (L),6.95,13,14,11,10,12,14,12,9,7,11,5,11,7,9,10,14,7,11,6,9,12,10,12,15,12,10,13,12,5,9,4,4,11,10,4,13,1,2,1,3,2,3,3,2,3,3,4,14,12,8,6,12,7,11,10,12,11
60,84125473,Ença Fati,AM (RL),6.91,15,14,11,10,12,15,11,8,8,8,9,11,8,12,11,14,8,13,7,8,9,10,8,12,14,12,12,7,6,8,6,5,12,8,6,13,2,2,2,3,2,1,1,1,3,1,3,12,13,11,5,10,11,15,13,11,15
61,2000078468,Mehmet Büyüksayar,AM (L),6.62,12,10,11,5,13,12,10,5,10,10,6,9,10,15,15,12,11,13,10,10,11,11,7,11,12,13,16,8,9,7,5,5,11,4,5,15,3,3,3,1,2,2,1,3,1,3,2,11,13,3,6,12,7,14,11,13,14
62,62052371,Nenad Gavrić,M/AM (RL),6.75,13,12,12,7,10,12,11,11,12,10,12,11,11,12,13,12,12,13,8,12,11,13,10,11,11,11,11,8,8,11,8,5,10,9,7,12,1,2,1,3,4,1,4,3,4,1,2,10,12,9,10,11,10,9,10,10,9
63,50052951,David Gomis,M/AM (RL),6.81,15,13,12,8,13,12,12,11,10,11,13,11,11,10,11,10,7,12,6,10,9,11,10,11,14,10,11,10,6,10,8,6,10,12,5,13,4,2,1,2,1,3,2,3,3,4,2,12,12,11,12,11,7,10,10,11,12
64,67140945,Joel Valencia,"M (RL), AM (RLC)",6.77,15,13,10,4,15,15,11,7,8,10,10,10,10,10,9,14,5,12,3,8,11,10,10,11,11,10,11,10,3,11,7,4,12,11,7,11,2,1,2,2,1,4,2,3,1,3,1,6,10,9,8,12,8,11,13,17,12
65,62138484,Vasko Kalezić,"M (L), AM (RLC)",7.12,12,12,12,15,10,12,15,11,12,13,6,10,11,11,8,13,11,13,9,10,12,11,11,12,10,11,12,9,9,11,9,7,12,4,10,11,3,2,1,3,1,1,4,1,3,1,2,12,13,6,10,2,13,11,11,13,12
66,62245399,Viktor Živojinović,M/AM (L),6.92,14,14,9,7,11,12,9,8,9,12,10,12,8,9,12,14,5,11,4,7,10,8,7,11,15,11,13,7,7,13,8,3,11,10,3,12,1,1,3,2,2,1,3,2,3,3,3,11,10,11,8,10,8,8,12,11,11
67,62093056,Gregor Bajde,AM (RL),6.96,11,11,11,11,11,11,10,10,14,12,10,12,12,12,13,12,10,12,11,13,11,14,11,13,13,13,11,10,12,12,5,7,13,12,10,13,3,3,2,2,1,2,3,2,3,2,2,13,13,9,13,12,9,12,12,12,9
68,2000102722,Wilson Odobert,AM (L),6.93,15,12,12,11,12,14,12,8,9,12,10,13,12,11,13,12,8,12,7,10,11,12,8,9,13,12,12,9,10,11,5,6,12,6,6,13,1,1,1,3,3,3,3,1,2,3,1,12,11,2,8,11,6,14,14,9,13
69,22017461,Emanuil Manev,"M (L), AM (RL)",6.75,11,12,10,12,11,13,10,9,11,10,10,11,12,10,9,13,12,13,8,12,11,11,11,10,12,11,12,12,10,12,6,6,12,7,7,13,1,1,1,2,1,1,1,2,3,2,3,7,13,12,11,11,7,11,11,11,11
70,57054524,Valentin Coşereanu,"M (L), AM (RL)",6.7,12,11,10,14,10,12,11,14,8,9,10,11,11,11,12,10,15,10,9,13,13,13,9,14,12,9,12,7,6,11,8,6,8,8,3,12,1,3,2,3,1,2,3,2,1,3,3,12,11,6,7,8,9,13,10,11,11
71,62124988,David Milinković,M/AM (RL),7.08,13,12,12,11,13,12,10,12,15,10,9,10,7,8,12,13,9,10,6,12,10,10,11,12,12,10,12,10,7,10,7,6,12,12,8,13,2,3,3,3,2,2,3,2,3,3,4,12,10,10,13,13,9,10,8,12,9
72,85122489,Georges Gope-Fenepej,"M (L), AM (RL)",6.85,11,11,8,11,13,11,9,10,7,11,9,11,9,12,14,11,6,10,6,11,12,11,9,11,12,9,12,8,8,8,5,5,11,12,3,13,2,1,2,3,2,1,1,3,3,1,1,11,12,5,10,10,13,12,16,9,16
73,57140641,Marvin Schieb,AM (L),6.98,12,13,10,10,12,12,13,11,7,8,7,10,9,11,12,11,10,11,8,11,9,11,8,10,11,10,11,7,8,9,5,2,10,9,2,12,3,1,4,2,2,1,2,2,3,1,1,11,11,2,8,10,5,13,12,11,12
74,39049453,Valdimar Þór Ingimundarson,M/AM (LC),6.8,11,13,11,10,12,14,12,10,14,12,12,11,8,11,13,13,9,13,7,10,13,14,10,10,13,11,9,11,6,10,5,9,11,11,7,13,3,4,2,2,1,2,1,2,2,2,2,13,14,11,13,3,7,13,10,16,10
75,47045363,Martin Mircevski,"M (L), AM (RLC)",6.85,13,11,9,8,15,13,11,10,11,14,12,13,11,12,11,14,9,12,10,12,12,12,11,11,12,12,11,10,8,10,5,7,12,10,7,11,4,2,2,1,3,3,2,3,3,3,2,13,15,3,11,12,12,13,12,14,12
76,61084181,Ethan Ross,"M (L), AM (RL)",6.82,13,13,11,5,13,13,11,7,5,10,7,12,10,10,8,13,5,12,6,8,12,11,7,10,11,10,10,10,6,10,3,8,11,13,9,12,3,3,1,2,3,2,3,2,3,4,3,8,10,7,2,4,5,8,12,10,11
77,50080046,Damien Durand,"M (L), AM (RLC)",7.11,12,14,9,6,13,12,12,6,14,11,9,12,11,13,4,13,8,14,7,12,13,12,13,11,13,12,11,13,6,8,8,7,12,9,10,12,2,2,4,3,3,2,3,2,2,2,2,12,14,8,5,13,7,11,12,9,13
78,37069414,Yahya Boussakou,M/AM (RL),6.87,12,12,10,11,13,12,9,9,8,10,8,12,10,14,11,12,5,11,5,11,12,10,9,8,13,10,12,9,9,10,5,5,11,7,5,12,3,2,3,1,1,1,3,2,2,2,3,9,12,4,11,7,10,11,11,15,18
79,62056842,Siniša Babić,"M (L), AM (LC)",6.87,12,12,12,10,8,13,12,13,9,11,10,11,11,11,9,13,13,13,10,12,13,12,12,13,11,11,12,8,9,11,8,5,13,12,6,12,2,3,3,1,3,2,3,1,1,1,1,10,11,10,7,10,7,9,10,10,10
80,2000126874,Noah Sahsah,M/AM (RLC),7.81,14,14,14,9,15,14,12,5,11,12,4,10,9,11,14,12,9,10,6,13,14,13,4,13,13,10,14,5,4,12,1,8,12,13,4,14,2,3,2,2,2,1,2,1,3,1,1,11,17,2,7,11,6,11,11,16,18
81,19380234,Luis Phelipe,"M (L), AM (RLC)",7.49,13,13,9,13,12,13,12,11,5,10,1,9,10,12,2,12,6,12,7,10,12,12,10,9,12,10,11,10,9,10,10,7,12,7,7,12,1,2,3,2,2,1,1,1,2,3,1,13,10,3,7,4,12,11,11,15,17
82,62080472,Stefan Vukmirović,"M (C), AM (LC)",6.87,12,11,11,7,10,12,10,10,13,12,6,11,9,9,11,13,13,8,9,10,12,6,8,10,13,14,12,9,8,12,5,5,13,10,11,13,1,1,3,3,3,2,1,1,1,4,3,10,13,8,12,8,5,11,10,10,12
83,66014614,Kim Kyung-Jung,"M (L), AM (RL)",6.89,15,14,11,9,14,15,13,8,6,8,11,10,11,10,14,12,5,12,4,8,8,13,5,9,13,8,11,7,6,10,5,2,9,8,2,13,2,3,2,1,1,2,1,3,2,2,1,10,11,8,6,8,7,13,15,10,15
84,2000095031,Ryan Leijten,M/AM (RLC),6.68,10,12,12,9,7,10,11,8,6,13,11,12,13,11,13,7,10,11,5,13,11,14,10,11,11,10,11,10,7,12,7,9,12,8,5,12,2,3,3,1,1,3,2,2,1,1,2,10,8,4,13,4,9,11,12,14,20
85,2000181910,Skerdi Xhixho,"M (L), AM (RL)",6.86,14,11,8,13,6,13,9,5,12,9,2,6,7,9,12,12,10,9,6,8,11,13,9,12,11,11,14,7,7,8,7,3,12,4,3,12,1,3,3,2,2,2,3,1,2,2,3,9,8,8,13,7,13,12,7,8,13
86,70110781,Mirza Cihan,AM (L),6.58,9,8,12,10,13,13,12,11,5,11,9,9,9,14,18,13,9,9,8,10,8,10,9,7,12,9,9,8,9,7,9,8,8,3,11,10,3,2,2,1,1,2,2,1,1,1,3,12,10,2,8,7,7,11,11,13,20
87,36139649,Giorgos Vrakas,"M (C), AM (RLC)",6.63,12,11,9,10,12,12,10,8,9,12,9,8,9,16,11,13,6,15,6,9,10,9,12,13,12,13,11,11,10,12,6,6,11,6,7,13,3,2,1,2,3,3,3,2,1,3,2,15,12,7,8,8,12,10,13,15,13
88,70137943,Mert Altıntaş,M/AM (RL),6.7,14,14,8,5,13,13,10,5,10,7,6,8,7,7,10,12,4,11,5,9,10,10,11,12,13,10,12,10,3,6,4,3,10,2,5,12,2,3,3,1,1,2,2,3,4,1,1,9,12,6,12,11,11,12,11,11,10
89,36049337,Christos Eleftheriadis,M/AM (RL),6.82,12,14,6,6,13,12,12,5,12,12,10,13,11,12,14,10,9,14,8,11,13,13,9,9,11,12,12,10,9,10,7,6,13,15,5,12,3,3,1,2,3,1,2,4,3,4,3,13,16,9,4,15,7,12,7,12,13
90,57187910,Robert Mustacă,"M (L), AM (RL)",7.21,11,9,8,7,8,12,11,10,6,7,7,7,9,11,12,6,6,8,8,7,10,6,7,12,12,8,11,9,7,8,6,6,10,8,7,11,2,3,2,1,2,3,3,2,3,2,2,12,7,7,4,7,4,9,3,6,13
91,2000090204,Alin Boţogan,AM (RLC),6.92,10,10,12,13,9,11,11,10,7,10,9,11,11,11,10,9,8,10,11,10,11,10,9,12,13,10,11,9,8,11,10,8,11,10,7,11,2,2,3,4,1,3,2,3,1,2,2,13,9,7,6,7,9,11,4,8,15
92,18096734,Anisse Brrou,AM (RLC),6.66,15,12,3,5,12,14,4,4,11,10,14,16,12,8,5,14,11,14,5,8,12,8,7,10,14,8,14,7,2,7,7,4,8,5,2,13,3,3,2,2,2,1,4,1,1,2,1,10,12,5,6,6,6,8,6,14,16
93,37069146,Hicham Acheffay,AM (RLC),6.63,12,13,11,5,11,12,11,7,8,7,10,9,11,11,11,12,6,12,5,8,9,10,10,11,14,9,13,12,10,12,7,5,15,6,5,11,2,1,2,1,1,1,4,2,2,3,1,12,8,1,6,11,11,10,11,13,20
94,18089614,Charles Kwateng,M/AM (RL),6.9,14,15,8,5,10,13,10,6,10,9,9,9,9,9,11,12,7,8,6,8,10,11,8,10,12,9,11,8,7,9,5,6,9,11,4,12,3,4,1,2,1,2,3,1,3,4,2,12,11,6,6,7,9,10,10,11,13
95,57175965,Marius Matei,AM (L),6.61,11,12,9,9,12,12,14,6,10,11,10,8,9,11,11,5,5,10,6,9,9,9,4,8,8,5,9,4,5,6,8,7,10,4,7,8,4,1,2,2,2,3,2,1,3,3,2,9,6,4,4,6,4,7,8,13,7
96,52063253,Josh Daniels,"WB (R), M/AM (RL)",7.27,10,11,12,8,11,11,10,9,5,9,11,9,10,7,8,12,3,12,9,12,12,11,11,10,10,6,11,10,10,9,3,6,8,11,9,11,1,3,3,1,2,3,3,4,2,3,1,8,12,6,4,7,6,9,11,8,9
97,12082091,Amed Diomandé,AM (RLC),6.63,14,10,8,3,12,14,8,3,14,11,2,6,8,13,10,11,11,10,7,8,12,13,7,7,11,12,14,4,8,9,7,5,10,4,4,12,2,1,1,2,1,1,2,1,2,4,1,13,9,8,13,6,9,10,8,11,14
98,66047015,Kim In-Gyun,"WB/M (L), AM (LC)",7.03,12,12,11,10,12,13,11,10,12,10,11,11,12,11,19,9,9,12,11,12,10,11,8,8,12,11,10,10,10,11,8,8,10,5,7,11,1,3,2,1,3,3,2,3,3,3,2,8,12,4,6,12,8,11,11,10,10
99,57148636,Lucian Buzan,"M (L), AM (RL)",6.65,11,12,6,7,12,12,13,8,10,7,12,8,10,9,11,7,7,10,7,11,8,13,8,9,10,9,12,8,7,8,5,8,11,10,10,11,1,2,3,1,3,3,2,3,1,2,3,10,10,3,8,7,3,13,11,12,10
100,28018850,Roarie Deacon,"M (RL), AM (RLC)",7.0,12,11,9,5,12,13,11,9,12,10,8,10,8,9,11,14,5,9,6,11,9,10,9,8,11,9,11,5,4,10,2,5,9,8,8,12,3,2,2,2,2,1,1,2,3,1,3,8,12,6,11,11,6,10,10,14,10
101,22016677,Veselin Marchev,"M (L), AM (RL)",7.16,10,11,12,9,12,11,11,11,10,10,12,11,10,10,12,13,7,12,7,12,11,12,12,10,12,10,10,8,10,11,6,7,11,7,7,12,3,1,3,3,3,2,2,3,3,2,2,9,13,3,7,9,6,10,8,14,11
102,52008036,Keith Ward,AM (LC),7.15,11,10,12,6,10,11,9,9,6,9,7,12,8,11,11,14,8,11,4,10,14,8,14,12,11,9,13,12,6,11,3,6,13,13,5,13,1,1,2,3,3,1,1,1,3,1,3,17,13,5,6,15,7,14,11,14,12
103,2000206013,Simão Duarte,AM (RL),6.7,14,9,7,5,14,13,9,5,10,9,4,9,4,12,14,10,9,11,4,7,8,12,5,8,9,10,8,6,2,6,6,3,9,4,6,10,2,2,3,4,1,2,1,1,2,2,1,10,17,7,9,5,6,10,10,9,15
104,18087974,Emil Abaz,"M (LC), AM (RLC)",6.9,15,12,8,6,12,14,7,7,12,11,11,10,10,12,13,13,5,12,5,12,11,11,8,13,13,8,12,5,5,10,10,4,12,10,4,13,3,2,4,2,1,3,2,1,2,2,1,12,13,8,10,10,9,11,11,14,12
105,2000113332,Junior Gbamblé,M/AM (RL),7.13,13,11,4,3,9,13,11,4,6,9,7,7,8,11,9,11,5,11,8,10,10,10,5,9,14,11,14,7,5,8,6,5,12,7,5,12,1,2,3,2,3,1,3,2,1,2,3,12,12,8,13,14,6,12,11,13,12
106,57124135,Răzvan Greu,"M (C), AM (LC)",6.94,12,12,11,8,10,11,11,10,7,9,9,10,11,11,12,10,5,10,7,8,11,10,9,11,11,7,12,7,9,10,8,8,11,8,8,12,4,2,3,3,2,1,1,2,1,1,3,12,10,5,5,5,7,11,10,14,10
107,62056157,Srđan Dimitrov,M/AM (LC),6.72,12,12,10,6,9,12,11,8,9,11,8,10,11,11,10,10,15,10,9,9,12,10,11,12,12,12,13,10,7,10,8,7,14,14,10,13,3,1,1,1,2,2,3,1,3,3,4,11,11,9,8,10,8,10,10,10,11
108,71101170,Vitaliy Dakhnovskyi,M/AM (RL),6.71,13,11,9,8,11,13,12,10,13,12,12,10,7,10,7,8,8,12,8,12,9,14,8,9,14,8,10,7,9,9,8,7,9,7,8,10,2,3,3,4,3,3,3,1,3,2,3,11,12,5,14,2,3,12,13,8,11
109,27150883,Oliver Jensen,M/AM (LC),6.75,14,13,10,10,12,10,9,7,5,7,10,11,10,12,10,13,8,11,10,10,12,14,9,10,11,13,11,7,9,7,8,1,10,7,1,11,3,1,1,4,4,1,2,2,3,2,3,10,12,10,14,7,10,10,7,14,7
110,50072905,Mohamed Ouadah,M/AM (LC),7.08,13,12,10,6,13,12,13,11,7,12,11,12,10,8,15,11,6,10,9,11,12,12,6,12,13,10,12,12,6,11,10,8,11,7,8,13,3,2,1,1,1,1,3,2,1,3,3,10,12,1,9,8,6,15,11,14,14
111,2000186868,Joni,AM (L),6.6,12,10,11,11,10,14,5,6,10,9,9,13,8,10,4,16,10,10,7,9,8,9,8,9,15,9,11,7,7,14,5,7,9,5,7,14,1,2,2,1,3,2,1,2,2,2,1,11,12,1,14,5,5,10,12,15,19
112,22086793,Simeon Aleksandrov,AM (RL),7.19,14,13,12,5,11,14,9,6,5,10,6,11,8,9,12,14,7,11,4,10,11,13,9,9,12,9,10,11,7,9,7,6,11,7,6,12,2,3,2,1,1,3,2,3,2,2,1,12,12,6,5,13,5,11,15,15,18
113,14170681,Fabricio Conci,M/AM (RL),6.97,12,12,6,6,13,11,15,5,11,9,7,10,6,6,7,11,9,10,10,10,10,11,12,11,12,8,11,11,4,11,9,3,11,4,3,12,1,2,3,1,3,2,1,1,2,3,3,12,11,6,11,9,3,13,10,11,19
114,36137191,Christos Giousis,"M (L), AM (RLC)",7.14,12,12,10,10,14,13,9,9,9,12,9,10,11,8,13,12,10,11,8,11,11,13,12,11,11,10,10,10,7,10,5,7,11,14,5,11,3,1,4,1,2,4,2,2,1,3,2,14,12,5,4,11,5,13,12,12,12
115,2000161246,Andrej Đukić,AM (RL),6.75,13,12,5,7,15,13,9,7,12,10,10,11,10,10,13,13,1,10,8,10,11,10,12,12,10,10,10,9,5,9,8,4,12,4,8,10,2,1,2,1,3,1,2,2,1,3,1,12,13,1,12,1,14,1,12,10,13
116,2000193153,Klemen Justin,AM (RL),6.87,12,12,6,8,8,11,9,6,11,8,8,10,9,11,8,7,11,10,8,9,10,13,12,11,14,9,12,8,6,9,8,6,10,2,8,10,1,3,1,3,1,3,4,2,3,1,1,12,9,4,13,7,8,11,7,12,11
117,29219662,Donal Higgins,AM (RLC),6.93,13,11,13,7,12,12,12,8,11,8,9,8,7,11,13,12,4,11,7,11,11,10,9,9,12,5,12,4,6,9,3,3,11,4,3,12,3,2,1,1,2,3,1,2,2,3,2,13,9,4,10,9,4,12,8,15,9
118,57148624,Alexandru Gîrbiţă,WB/M/AM (L),6.82,11,10,8,12,7,12,12,12,7,8,9,12,9,10,14,7,6,9,6,9,7,11,8,8,11,13,7,7,12,10,6,6,8,7,6,10,3,3,2,3,1,2,3,3,1,1,1,10,7,6,3,9,3,9,10,8,20
119,50040801,Kapokyeng Sylva,M/AM (LC),6.99,12,11,10,8,14,12,10,9,10,9,2,8,8,14,12,12,12,12,8,8,8,12,6,10,11,9,13,7,8,8,7,7,9,4,9,12,2,3,3,2,3,2,1,3,3,1,1,14,12,6,10,4,11,10,12,12,12
120,18056186,Alessio Cascio,AM (RLC),6.95,14,15,2,5,12,15,5,5,13,11,14,8,11,14,7,12,4,8,6,10,12,10,11,10,11,10,14,9,4,9,10,4,11,6,6,13,1,1,3,1,1,1,1,2,2,1,3,10,13,6,5,5,9,10,11,13,18
121,58146142,Ilja Moseichuk,M/AM (RL),6.58,13,12,10,9,11,13,10,9,7,8,8,12,9,8,4,7,15,11,8,7,8,12,9,9,10,7,9,9,7,5,7,9,7,10,5,10,2,3,2,4,1,1,2,3,1,2,2,10,13,7,10,15,11,10,11,15,17
122,84128107,Vítor Barata,AM (RL),6.91,12,11,12,11,10,12,10,9,7,8,3,9,8,6,12,11,11,12,9,10,10,11,5,9,11,7,11,7,4,7,6,8,10,4,5,12,2,1,1,3,3,1,3,2,2,3,2,11,10,6,9,2,12,10,9,14,12
123,58146841,Andrey Mazurin,AM (RL),6.68,13,12,6,7,16,13,11,6,9,11,9,12,9,9,9,12,6,10,5,8,10,6,9,7,13,10,12,10,3,6,4,5,9,8,6,12,2,1,3,3,1,2,3,3,1,3,3,7,11,4,7,6,7,11,12,7,16
124,2000207717,Gideon Tetteh,AM (RL),6.75,14,12,11,8,14,13,12,9,7,9,8,9,10,9,12,12,6,12,8,10,10,10,8,9,10,7,11,6,7,7,4,5,9,7,5,11,2,3,2,1,4,1,3,2,1,3,3,16,9,6,5,9,4,13,9,10,8
125,18113637,Yanis Rucquois,"M (L), AM (LC)",6.62,14,14,4,8,6,14,9,4,9,6,4,10,5,10,14,12,11,11,6,6,9,4,6,10,6,10,11,6,6,5,4,4,11,4,3,10,1,2,2,1,3,1,3,1,2,3,3,11,8,2,8,12,7,11,10,11,18
126,57191207,Szabolcs Szilágyi,"M (L), AM (LC)",6.82,12,12,12,7,13,12,7,7,12,10,5,10,5,7,6,9,9,13,6,10,11,12,9,10,11,12,12,10,5,9,8,8,10,5,5,12,3,2,2,2,3,3,3,3,3,3,3,10,8,1,5,12,10,9,9,11,18
127,2000009903,Ryan O'Kane,AM (RL),6.79,13,12,12,7,13,12,11,8,10,9,10,10,10,10,13,13,4,10,6,10,10,12,10,11,12,7,10,8,8,8,3,3,10,11,4,12,2,2,3,1,2,1,1,3,3,2,1,13,11,5,7,11,7,14,12,11,10
128,52099636,Darragh McBrien,"M (RL), AM (L)",7.16,12,10,7,9,8,11,11,7,12,11,2,12,10,14,4,10,7,10,8,10,10,11,9,13,11,8,9,9,7,16,4,8,9,7,9,8,1,2,2,2,3,2,1,3,1,2,2,11,9,8,5,13,5,12,11,10,16
129,2000141774,Cristinel Dinu,AM (RL),6.9,13,9,4,7,13,13,10,5,8,8,5,6,3,11,5,10,1,8,5,7,9,12,7,10,11,12,10,6,6,6,6,2,8,4,4,11,3,3,1,2,2,3,1,2,2,3,1,11,15,2,10,9,12,12,5,9,10
130,52075507,Stephen Christopher,AM (RLC),7.23,11,10,10,5,14,11,12,7,10,6,6,11,6,9,12,13,6,8,8,11,11,13,12,12,11,7,12,12,5,11,5,7,11,11,6,12,3,1,1,2,2,2,2,2,3,3,2,12,13,4,5,12,10,18,14,15,15
131,57198991,Alexandru Mogoş,"DM, M (LC), AM (L)",6.53,11,12,6,8,10,10,13,8,11,11,11,7,10,9,10,8,7,10,8,11,9,12,7,7,9,7,10,6,8,9,6,7,10,8,7,9,2,1,2,2,1,3,2,1,2,1,1,8,10,5,5,8,5,10,10,6,9
132,33031069,Joni Remesaho,AM (RLC),6.89,13,16,9,5,10,12,10,7,7,6,7,8,11,8,12,12,5,11,11,6,10,10,8,7,12,8,10,6,5,5,2,5,11,10,4,9,1,2,2,3,1,3,3,1,3,2,1,11,9,5,3,10,12,10,5,14,5
133,62175168,Stefan Đurić,"M (L), AM (RLC)",6.71,13,12,10,6,15,13,10,10,7,9,7,11,11,10,12,12,10,10,7,9,11,10,11,12,12,9,11,8,5,6,5,7,11,8,9,13,3,3,3,1,2,2,2,2,4,3,3,12,12,7,9,6,12,11,11,12,11
134,28113420,Dan Hawkins,M/AM (RL),6.63,13,13,11,6,16,12,12,5,9,7,7,10,7,9,13,13,6,9,4,10,9,13,7,9,11,7,10,7,6,6,6,3,10,8,3,7,3,2,1,3,2,3,3,1,3,4,2,13,8,1,5,10,4,13,14,14,14
135,2000191986,Andraž Borovnik,AM (RL),6.75,12,14,4,14,12,12,11,7,6,10,8,8,10,9,4,7,3,12,8,8,10,13,8,11,12,10,10,8,5,7,4,8,13,4,9,10,1,1,1,3,2,1,3,2,3,3,3,12,8,3,7,8,5,11,12,11,11
136,2000170102,Daniel Bassi,M/AM (L),7.07,14,13,12,8,12,14,12,5,7,8,6,8,9,9,17,12,4,10,5,9,7,11,7,11,12,7,11,5,5,8,2,4,9,5,3,13,3,1,1,2,2,3,2,1,2,3,3,17,11,7,4,12,8,15,6,11,11
137,22041772,Stanislav Malamov,M/AM (RLC),6.62,12,10,8,9,13,12,7,8,9,7,12,10,8,7,11,12,9,11,4,10,8,10,10,11,12,8,11,9,8,10,6,4,9,10,5,12,1,3,1,1,3,3,1,4,2,2,1,13,11,7,7,10,9,11,4,9,12
138,31042062,Abraham Odoh,"M (RL), AM (RLC)",6.79,14,13,13,8,9,13,10,6,6,7,5,7,7,7,14,14,4,8,5,10,6,11,7,7,13,7,9,4,4,7,2,6,9,4,7,13,3,3,2,2,2,1,3,2,3,2,3,8,7,8,2,8,6,11,9,11,16
139,29139504,Kundai Benyu,"M (L), AM (LC)",6.9,11,9,10,5,13,11,13,7,9,13,7,12,8,11,4,7,6,12,5,11,12,11,11,8,10,7,12,10,8,9,6,8,10,7,9,12,1,1,2,1,2,2,1,3,3,1,3,12,7,11,12,7,5,11,10,9,8
140,66040826,Yim Jae-Hyuk,AM (RLC),6.88,11,13,10,8,10,9,10,9,8,10,11,9,9,10,10,11,7,11,9,9,11,9,10,11,12,11,11,8,9,11,7,10,9,9,8,12,3,2,2,3,2,2,2,2,1,2,1,8,12,7,4,8,8,12,9,11,9
141,27151031,Kasper Laage-Petersen,M/AM (L),6.64,11,11,3,10,15,13,6,5,9,9,4,10,6,6,14,11,11,8,4,7,6,9,5,5,10,8,8,5,4,10,5,4,8,4,4,11,3,3,2,2,2,3,2,2,2,2,3,10,17,8,8,8,5,12,12,12,11
142,27118000,Tobias Kjelfred,M/AM (RL),7.12,13,13,5,7,15,13,11,3,6,7,6,7,6,8,13,9,6,11,5,7,3,8,6,10,12,10,12,4,4,3,4,4,7,1,3,10,3,2,4,2,1,3,1,1,2,2,2,8,14,7,6,5,10,9,12,10,20
143,52088311,Ronan Manning,AM (RLC),6.75,12,12,13,5,12,12,10,6,8,7,5,10,9,10,10,13,3,11,3,8,11,8,11,10,13,9,12,11,7,9,3,4,11,14,5,12,1,3,2,4,4,1,3,3,2,3,1,15,10,11,11,10,9,11,5,13,7
144,43344085,João Ricciulli,AM (L),6.92,13,12,8,12,13,13,8,6,12,8,9,7,8,7,12,12,10,10,7,6,8,12,7,7,10,8,9,6,8,9,6,4,10,6,5,9,2,3,1,1,3,1,3,1,1,2,2,13,20,9,5,8,9,13,8,13,12
145,22073655,Kristiyan Parashkevov,"M (L), AM (RL)",6.83,11,11,10,8,8,11,10,7,10,11,13,11,11,8,12,7,9,11,9,10,8,15,7,9,9,7,9,9,10,10,9,9,8,5,10,12,1,1,1,2,4,2,3,2,2,3,1,11,9,7,15,8,6,10,10,15,14
146,57187350,Alex Mărieş,AM (RL),6.65,12,10,9,7,12,10,8,5,5,7,7,9,9,11,4,15,14,11,7,9,9,9,5,8,12,10,13,7,6,7,7,7,11,5,7,10,2,3,2,1,3,3,1,3,3,3,3,10,11,7,13,8,10,13,3,10,13
147,36086610,Apostolos Tsiolis,"M (RL), AM (RLC)",6.76,10,13,12,7,10,12,10,9,14,8,11,9,6,7,10,12,8,8,6,7,11,10,8,10,12,9,12,7,4,9,3,4,11,10,7,13,3,4,2,3,1,1,3,1,2,1,1,13,10,6,2,9,10,14,14,9,14
148,31042303,Seb Bowerman,M/AM (RL),6.83,11,11,9,6,11,12,10,7,7,9,7,9,7,8,2,11,12,9,7,11,9,11,8,9,10,8,10,7,6,9,5,5,9,7,5,10,1,1,2,3,3,3,2,2,3,2,1,9,9,6,14,15,5,13,10,12,18
149,27143535,Steffen Svenningsen,M/AM (L),7.15,10,11,8,10,9,11,13,5,5,10,3,8,3,9,11,9,4,12,5,8,9,13,5,6,10,9,7,5,5,7,5,6,9,5,7,11,1,3,2,3,1,1,4,3,2,1,1,11,17,3,14,1,5,13,11,15,14
150,27102050,Morten Bundgaard,"M (L), AM (RL)",6.9,12,13,9,8,13,11,8,6,10,9,6,4,9,7,7,11,10,9,8,9,10,13,5,10,12,5,10,5,3,7,14,2,12,2,5,11,3,1,4,4,3,1,2,2,3,2,4,14,10,5,8,11,5,10,11,14,20
151,25040487,Josef Bazal,M/AM (RLC),7.13,8,11,12,7,10,14,8,5,7,9,13,6,12,10,12,16,5,12,6,11,14,11,5,10,16,8,14,9,9,9,10,7,14,7,8,14,1,1,1,2,2,2,3,4,1,2,3,12,14,2,9,9,10,12,14,13,11
152,27150516,Giran Pyne-Cole,AM (L),6.9,14,11,8,7,15,12,6,10,6,9,4,7,8,7,14,5,5,12,7,11,6,12,8,12,15,10,5,7,7,6,7,4,7,6,4,6,3,3,3,4,1,3,2,1,3,2,1,11,10,5,5,7,8,11,9,10,15
153,2000100759,Victor Olsen,AM (RL),6.79,13,13,6,9,15,13,9,3,6,8,6,11,3,11,10,10,2,10,3,6,8,11,5,8,7,11,11,3,5,7,4,3,11,5,5,9,2,2,2,2,2,3,3,3,3,1,2,12,17,4,14,3,7,13,9,8,11
154,2000096118,Cosmin Bucuroiu,M/AM (L),6.4,10,11,9,11,12,10,8,9,5,8,5,8,9,9,2,9,6,8,8,8,9,8,8,7,9,9,9,6,9,9,7,6,9,6,6,9,3,3,3,1,2,1,2,2,3,2,3,12,9,2,4,8,4,11,6,10,20
155,57166076,Alin Văsălie,AM (RLC),6.75,13,13,8,8,14,10,8,5,5,5,3,8,9,11,6,11,2,5,6,8,5,13,6,8,7,10,10,6,2,8,4,6,11,6,6,10,1,1,2,2,3,1,3,3,2,2,2,12,9,3,8,10,7,10,5,8,17
156,2000139738,Sokratis Mylopoulos,"M (L), AM (RL)",6.59,12,8,9,10,6,11,8,6,13,7,7,7,8,9,9,8,14,9,5,8,9,9,7,8,8,6,12,4,2,8,7,4,10,4,7,9,1,1,1,3,3,2,1,1,3,2,3,10,10,2,7,9,9,10,12,15,19
157,28116468,Marc Walsh,"M (L), AM (LC)",7.07,12,10,12,3,11,12,11,7,10,7,9,9,6,9,8,12,5,11,3,8,10,10,6,10,11,7,11,3,8,7,3,5,8,5,5,8,3,2,3,1,2,3,3,1,1,2,3,15,8,8,5,9,6,11,5,10,9
158,52083968,Ryan Whiteside,M/AM (RL),6.94,12,11,4,9,11,11,7,2,7,5,1,6,4,11,5,9,9,8,3,4,4,7,4,8,8,9,11,3,1,2,3,2,3,1,3,5,3,1,2,1,2,3,2,1,3,3,4,10,9,4,9,1,5,10,13,9,18
159,36142247,Kostas Mougios,"M (L), AM (RLC)",6.82,10,12,7,5,7,11,10,6,8,9,7,7,8,12,7,12,14,10,4,7,6,10,7,10,10,6,10,7,4,6,5,4,10,1,5,10,2,1,2,2,2,3,4,2,1,2,3,8,19,7,15,4,11,10,12,9,16
160,2000115412,Andi Elezaj,"M (L), AM (RLC)",6.72,12,11,9,6,12,12,9,6,10,8,6,7,8,9,10,8,6,7,5,11,7,10,8,8,10,6,11,8,8,11,9,3,9,5,6,11,1,3,3,3,1,3,3,3,4,4,2,10,10,5,9,10,8,11,11,10,12
161,2000085134,Callum McNamara,"D/M (C), AM (RL)",6.91,11,11,11,10,13,11,11,10,11,8,10,9,7,9,12,10,4,11,7,11,9,12,5,10,10,7,10,5,11,7,6,9,9,6,9,8,1,1,3,4,1,3,1,1,2,2,2,10,10,3,5,10,5,12,14,16,12
162,36058055,Tasos Taousianis,"M (L), AM (RLC)",6.73,10,11,9,8,9,10,9,8,6,9,8,8,8,8,9,12,8,10,8,8,9,8,8,9,10,9,9,8,9,9,4,5,10,9,6,12,1,2,3,3,1,1,3,3,1,3,3,11,8,5,7,10,6,8,12,8,10
163,2000227784,Marek Vasil,AM (RLC),6.63,13,13,6,7,16,12,6,4,14,8,2,6,5,10,5,11,7,8,5,7,5,11,5,11,7,12,9,3,2,7,5,1,5,4,4,11,2,2,2,3,3,1,2,2,1,3,2,11,8,2,8,1,11,12,9,9,16
164,2000085149,Willie Armshaw,AM (RL),6.86,12,11,13,6,12,12,10,7,6,8,8,9,8,8,12,14,4,10,8,11,8,10,6,10,11,6,10,5,6,12,4,4,9,7,4,8,3,3,3,3,1,2,2,1,3,3,4,10,11,9,5,9,4,12,8,11,9
165,27143071,Willads Delvin,"M (L), AM (LC)",6.55,13,9,7,4,15,13,6,1,7,9,7,10,7,9,9,11,4,12,6,7,7,11,6,9,12,8,13,6,2,8,6,6,10,7,7,11,3,1,1,2,3,3,2,2,3,3,3,10,13,2,12,13,11,10,9,13,13
166,2000192007,Valerii Dolia,AM (RL),6.71,12,10,10,6,12,12,10,8,7,6,8,10,7,7,8,11,4,10,5,10,8,8,8,8,10,5,10,7,6,7,4,5,9,5,4,9,1,1,2,3,1,3,1,2,2,2,3,14,9,6,5,8,4,11,8,11,9
167,36081545,Ilia Gika,"M (L), AM (RLC)",6.41,11,13,6,7,10,12,9,6,6,10,7,10,7,10,11,12,6,12,4,7,12,8,12,8,13,9,12,7,4,8,3,4,12,11,4,12,1,3,4,2,4,3,2,1,3,1,2,14,9,10,4,7,6,12,10,9,15
168,36059410,Christos Xanthopoulos,"M (RL), AM (RLC)",6.99,13,11,5,6,8,12,10,4,10,11,14,8,10,9,12,8,10,11,9,11,6,13,6,7,10,9,7,9,6,7,4,6,11,12,4,11,2,4,3,2,2,3,1,2,3,3,2,15,10,6,6,9,8,7,7,10,8
169,36138179,Giorgos Stathatos,M/AM (RL),6.32,11,9,8,7,12,11,8,7,12,7,6,8,7,7,9,7,13,12,6,7,7,8,12,10,10,9,7,8,4,7,6,4,8,12,3,10,1,1,2,4,3,1,3,2,2,3,1,9,11,6,4,10,6,10,12,11,19
170,36122587,Giannis Tsiolis,"M (L), AM (LC)",6.71,12,10,9,8,12,10,11,6,10,11,6,10,10,12,8,6,11,8,7,12,8,11,6,7,12,6,8,6,5,8,8,8,9,10,7,10,1,3,2,3,2,1,2,4,1,1,4,12,8,3,4,12,7,9,14,16,17
171,2000125532,Kostas Koukoulis,M/AM (RL),6.52,12,12,5,7,15,12,10,2,15,2,5,7,4,8,7,13,10,4,4,6,2,10,5,10,12,10,12,3,4,5,1,4,7,4,5,12,2,3,1,1,1,2,2,3,1,3,1,10,12,2,13,15,10,9,14,15,12
172,2000140726,Armando Murati,"M (RC), AM (RLC)",6.65,11,11,4,10,6,10,9,3,14,5,6,8,5,9,3,11,11,12,4,7,8,10,5,8,7,8,13,5,4,4,4,3,9,4,5,10,2,2,1,2,3,1,2,1,3,1,3,12,13,2,12,14,7,11,10,14,13
173,36138889,Leonidas Kalomoiris,M/AM (RL),6.59,14,12,3,5,10,10,5,1,5,8,6,8,7,13,12,10,11,8,5,7,6,8,6,10,7,9,10,6,6,2,6,6,8,4,5,11,3,4,1,1,3,1,3,3,3,2,2,11,8,7,10,6,5,12,10,11,16
174,36077881,Stefanos Ntogos,M/AM (RL),6.77,12,13,8,8,10,12,9,6,13,8,7,6,7,8,12,12,10,11,7,4,8,7,7,8,9,9,9,10,6,8,4,3,9,8,4,10,2,2,3,2,1,1,4,1,1,2,3,13,11,10,4,6,7,14,6,10,7
175,36043421,Giannis Marinou,"M (L), AM (RLC)",6.9,10,11,8,8,12,10,9,9,10,11,8,9,6,9,10,12,12,9,6,9,12,9,13,9,9,9,11,13,6,10,5,6,11,10,4,12,2,1,1,2,2,3,3,1,1,3,3,13,13,6,4,13,8,14,9,12,10
176,2000031094,Konrad Guca,M/AM (LC),6.57,10,8,9,6,8,10,10,8,6,9,8,10,8,9,7,10,8,7,8,9,12,10,6,9,10,7,11,7,5,8,5,7,10,7,8,11,1,2,4,1,1,1,1,3,3,3,3,12,8,4,7,8,14,13,9,10,11
177,27151053,Rasmus Fugl,AM (RL),6.47,12,9,7,12,5,11,5,11,12,6,7,7,6,8,3,13,11,10,5,7,4,7,5,8,11,8,11,5,5,7,3,4,4,5,4,13,2,2,3,3,1,3,2,2,3,2,3,11,11,2,7,5,12,14,11,12,16
178,2000148454,Filip Temelkovski,"M (L), AM (LC)",6.59,12,9,6,7,9,10,12,4,12,7,6,9,2,9,16,11,11,9,3,6,5,11,4,3,10,7,8,4,2,2,1,1,8,4,2,11,1,2,1,1,1,4,3,2,1,1,1,10,8,3,9,8,11,9,10,7,13
179,14000219,Ángel Di María,M/AM (RLC),7.34,14,16,12,10,15,14,12,10,12,16,12,14,12,14,16,17,10,15,4,12,18,12,16,17,16,14,16,14,5,17,4,4,17,14,7,19,3,2,3,1,3,3,1,4,2,1,3,18,15,10,14,16,9,18,6,16,12
180,28106878,Marcus Edwards,AM (RLC),6.78,16,17,14,7,13,15,12,6,8,14,8,16,10,14,12,17,5,15,7,11,16,8,12,13,17,13,16,13,10,12,5,5,14,14,6,16,1,3,1,3,2,2,4,3,4,3,2,6,10,14,8,8,6,10,7,12,5
181,29233143,Harvey Elliott,"M (C), AM (RLC)",6.85,12,14,16,5,12,14,13,12,13,13,12,15,13,13,16,15,9,14,11,15,15,17,12,15,16,11,17,12,6,11,5,9,16,11,8,16,3,1,2,2,1,1,3,2,2,1,2,15,11,8,5,13,7,13,9,12,12
182,67215283,Carles Pérez,"M (RC), AM (RLC)",6.86,16,17,11,6,13,15,12,9,12,11,12,12,12,11,13,15,6,11,6,11,13,12,13,13,16,10,17,9,9,14,6,7,13,10,7,15,1,4,2,2,3,3,1,1,3,3,1,13,12,6,6,10,10,12,12,17,13
183,57149755,Andrei Cordea,M/AM (R),6.99,16,15,10,8,12,11,12,11,10,12,10,14,12,13,14,12,9,8,13,15,12,13,9,11,11,12,11,10,10,12,6,6,13,12,6,12,2,2,2,1,3,1,2,2,2,3,1,16,15,5,9,14,4,15,16,13,16
184,45109737,Kanya Fujimoto,"M (C), AM (RC)",6.94,12,14,14,7,12,13,13,8,8,11,10,15,12,15,12,14,13,9,12,14,16,14,14,15,14,12,15,12,6,13,5,4,15,9,6,16,3,3,1,2,2,1,1,3,2,1,2,11,15,1,5,12,6,14,11,11,14
185,86009323,Ángel Mena,"M (RC), AM (RL)",7.02,15,11,13,7,8,15,13,12,9,12,8,12,12,12,13,14,11,12,12,14,12,11,13,14,12,13,14,14,9,11,9,9,14,13,7,13,2,1,2,3,1,1,1,2,1,4,1,8,15,6,9,12,9,12,11,12,5
186,19028921,Everton Ribeiro,M/AM (RC),6.75,14,15,7,4,13,11,12,6,12,15,11,13,13,14,14,18,16,14,8,15,16,14,13,13,16,12,16,13,8,12,8,8,16,13,9,17,2,2,3,2,1,2,1,2,1,3,1,12,12,11,8,13,8,12,7,16,11
187,67173045,Isi Palazón,M/AM (RL),7.15,14,16,15,7,11,14,14,12,10,13,12,13,12,15,14,15,8,13,9,10,14,14,9,13,16,14,15,8,7,11,6,5,13,11,9,14,1,2,1,3,3,3,3,3,3,2,2,12,14,10,11,11,9,15,10,11,10
188,29090530,Solly March,WB/M/AM (RL),6.83,14,13,13,10,12,14,14,9,9,12,10,13,14,14,14,13,8,12,13,15,12,14,13,13,14,9,13,13,8,13,4,8,13,10,10,14,2,3,3,1,2,3,4,2,3,1,2,13,15,5,6,15,12,18,8,17,13
189,85059096,Anthony Knockaert,"M (R), AM (RLC)",7.34,13,13,12,6,16,13,12,9,13,11,12,13,9,9,15,17,8,14,8,7,14,14,13,12,14,12,13,14,8,14,6,7,13,10,8,15,1,1,1,3,2,3,3,1,1,3,2,16,10,12,14,14,5,14,6,14,5
190,47005271,Arvydas Novikovas,"M (R), AM (RL)",7.05,13,14,13,7,12,15,13,11,9,11,9,9,10,11,10,14,5,13,10,10,13,14,12,14,13,10,14,12,9,14,5,6,12,12,10,14,2,3,3,1,1,2,2,1,2,3,1,14,10,16,5,11,8,12,10,11,6
191,89046527,Joe Aribo,"M (C), AM (RLC)",6.76,11,14,15,14,14,13,14,15,7,16,6,15,10,12,11,15,5,14,9,11,14,15,10,11,16,14,19,8,8,12,6,6,13,9,10,16,1,3,2,2,4,1,1,2,3,3,1,11,10,3,4,10,4,13,10,13,13
192,53145323,Håkon Evjen,"M (RC), AM (RLC)",6.89,15,14,10,5,12,14,15,6,12,12,7,13,11,9,14,14,5,13,9,12,13,14,7,11,15,12,14,7,9,12,7,9,13,8,12,14,3,3,1,1,4,1,2,4,2,2,2,12,11,4,3,7,5,14,11,13,11
193,67246435,Álex Collado,M/AM (RLC),7.09,14,14,13,8,14,13,13,8,8,10,13,14,12,13,16,17,12,15,7,9,15,8,13,14,16,11,15,14,8,13,7,7,14,13,7,16,1,1,3,2,1,1,4,3,3,2,1,15,16,5,7,15,8,15,11,16,15
194,30024204,Jaime Romero,M/AM (RL),6.77,13,11,12,9,8,13,7,9,9,11,9,13,8,10,14,16,8,16,6,9,11,10,15,15,16,12,13,11,7,12,8,5,13,12,7,15,3,2,2,1,1,3,3,2,3,3,2,14,10,11,9,14,14,10,7,9,8
195,55030095,Hernâni,M/AM (RL),6.79,13,13,12,10,12,14,12,8,10,12,7,11,8,10,12,15,8,14,8,9,11,9,14,15,14,12,14,12,10,12,8,6,13,12,6,15,2,1,3,3,2,2,2,3,3,1,1,14,9,9,8,13,11,12,12,14,10
196,83261140,Francisco Conceição,AM (R),6.85,15,16,11,5,13,14,11,9,13,11,15,12,11,11,14,19,9,13,5,8,12,13,12,13,16,11,14,11,6,11,3,4,13,11,5,15,1,2,3,1,1,1,2,3,1,3,3,13,11,15,14,13,3,15,5,6,8
197,23260457,Ali Gholizadeh,AM (RL),7.07,14,12,12,8,12,15,13,14,12,12,15,14,12,14,14,16,7,14,8,12,11,14,12,12,15,10,14,12,9,8,5,6,10,14,9,14,1,1,1,2,3,1,3,3,2,3,2,11,14,8,7,11,12,12,11,15,11
198,20046630,Alex Méndez,"M (RC), AM (RLC)",6.89,12,14,14,9,12,12,12,10,8,10,9,15,9,12,12,14,12,12,8,9,14,10,13,13,13,9,14,14,6,13,11,5,13,12,9,16,1,2,3,3,2,1,1,1,2,2,3,12,10,6,6,10,5,13,11,13,12
199,24039616,Ivan Fiolić,"M (C), AM (RC)",6.89,15,15,13,8,12,12,10,8,11,10,8,12,7,8,10,14,10,12,4,11,12,11,16,17,14,11,15,13,9,13,5,4,12,13,6,13,1,2,1,2,2,2,2,2,1,2,3,11,13,5,8,11,8,10,8,12,10
200,96026641,Damian Kądzior,M/AM (R),7.2,12,13,10,7,12,12,14,10,10,11,8,12,14,12,14,11,9,14,9,13,15,14,14,17,12,12,13,12,7,12,4,7,12,12,8,12,1,3,2,3,2,2,1,3,2,1,1,13,16,6,9,7,6,12,9,13,8
201,14213008,Luca Orellano,"M (R), AM (RL)",7.12,15,15,13,7,14,14,14,9,12,13,11,13,11,12,12,16,9,15,11,13,13,13,12,11,14,12,14,13,6,16,6,6,11,13,6,16,2,3,3,2,1,1,2,1,1,3,2,13,12,5,7,12,5,12,12,12,12
202,17014866,Pavel Savitskiy,AM (RL),7.27,13,12,9,7,12,14,8,9,8,14,10,16,10,12,5,14,13,14,8,14,11,8,9,12,13,13,13,12,8,13,9,3,10,17,3,14,2,1,3,1,3,4,1,1,1,2,2,5,15,12,3,13,6,7,13,13,10
203,48037903,Yusuf Sarı,"M (R), AM (RL)",6.74,16,18,13,6,12,13,10,7,13,10,8,10,8,9,13,14,6,13,5,10,10,8,13,13,16,11,12,12,6,13,5,3,11,7,5,14,2,3,2,3,1,3,2,2,3,3,2,12,12,5,11,5,12,10,8,9,12
204,49048366,Isaac Lihadji,AM (RC),6.8,13,14,13,7,12,15,11,11,8,10,10,11,11,11,14,12,7,11,11,12,12,11,6,10,12,11,12,7,9,10,1,5,12,9,5,12,3,3,3,3,3,1,3,3,1,1,1,15,12,2,10,10,9,13,12,10,10
205,28087595,Patrick Roberts,"M (R), AM (RLC)",6.75,14,15,13,6,15,15,12,8,8,11,9,13,9,9,10,16,8,14,9,8,13,11,13,10,15,12,12,13,5,12,4,7,12,10,7,13,2,1,2,2,3,3,3,1,1,1,1,17,12,12,7,14,11,14,11,13,10
206,28128115,Jesurun Rak-Sakyi,AM (RL),6.98,16,13,13,9,11,15,12,9,7,10,8,9,9,11,10,12,8,11,9,9,12,11,10,12,14,12,12,12,9,11,5,9,10,11,8,14,1,3,2,2,2,3,3,2,2,2,2,12,11,6,8,10,6,14,12,12,11
207,55046008,Zé Tiago,"M (C), AM (RLC)",7.02,10,12,12,6,11,11,8,6,7,11,12,13,12,13,12,11,11,14,8,12,14,11,13,13,11,12,13,12,6,12,6,6,15,11,8,14,1,2,4,3,3,3,1,3,3,3,3,13,15,10,7,12,5,13,15,13,11
208,70088391,Mustafa Çeçenoğlu,"M (R), AM (RL)",6.87,12,11,14,11,13,14,11,13,12,10,14,10,13,8,12,12,8,13,7,11,10,13,13,12,11,11,11,10,9,12,3,5,8,9,4,13,3,1,3,1,2,2,2,1,1,1,1,10,11,8,12,10,3,10,5,10,5
209,8447585,Alexandre Bonnet,M/AM (RLC),7.11,10,13,10,7,16,10,12,6,8,12,10,13,11,13,11,14,14,13,10,13,14,13,12,13,12,10,14,11,5,9,5,5,14,14,5,14,3,4,3,2,1,3,1,2,3,1,3,15,13,19,6,14,5,14,18,9,18
210,18089899,William Baeten,"M (RC), AM (RL)",6.85,12,12,10,9,11,12,12,10,5,10,11,13,12,12,14,8,10,12,8,14,14,14,11,12,10,9,14,9,8,13,9,7,12,9,9,12,3,2,1,2,1,3,4,1,2,4,3,14,12,5,4,10,2,14,10,16,11
211,85138173,Gauthier Hein,"M (R), AM (RL)",7.09,14,16,12,7,13,13,13,7,10,10,14,14,10,12,16,13,9,14,6,12,12,13,9,11,13,11,13,9,7,14,6,7,13,11,7,14,3,1,1,3,2,4,3,3,3,2,3,9,14,1,7,13,7,10,12,9,20
212,48042314,Ilan Kebbal,"M (R), AM (RC)",6.8,14,12,12,6,13,13,12,7,8,14,16,14,13,12,14,10,10,13,9,11,12,14,8,10,14,11,13,13,9,12,5,9,11,13,8,14,1,1,1,3,2,3,2,1,2,3,2,13,11,2,6,10,5,13,5,16,10
213,57140789,Antonio Sefer,AM (R),6.83,15,13,9,10,11,13,11,12,14,12,11,12,9,10,14,11,8,13,10,11,12,11,12,11,9,11,12,12,9,14,4,7,12,10,9,12,1,3,3,3,3,1,1,2,3,1,2,11,8,5,7,12,4,12,9,9,12
214,2000077867,Amankwah Forson,"M (R), AM (RL)",6.92,16,14,10,9,12,15,11,8,9,9,10,9,10,11,13,9,7,10,10,12,10,9,11,11,12,9,10,11,7,10,8,8,12,2,8,12,3,3,2,3,3,2,2,2,3,3,2,10,12,8,5,9,12,12,10,15,18
215,98038309,Petar Pusic,"M (R), AM (RC)",7.0,14,16,12,4,17,14,13,6,13,12,12,11,9,12,13,14,11,11,6,12,12,12,15,13,13,8,14,12,4,12,4,5,13,9,6,14,3,3,3,2,2,2,2,1,2,1,1,13,13,7,7,11,7,11,10,16,11
216,83162506,Chico,"M (C), AM (RLC)",6.78,13,12,12,7,12,13,12,8,8,11,10,13,10,13,13,12,8,10,5,12,14,12,12,11,4,11,14,12,7,11,4,5,13,9,8,14,1,1,3,1,3,1,3,2,3,3,2,10,12,5,5,10,4,14,13,11,12
217,83228365,Úmaro Embaló,AM (RL),6.96,15,13,13,6,12,15,11,12,8,10,11,12,9,10,12,17,5,12,6,8,11,9,8,11,15,12,12,6,4,10,3,3,10,8,4,14,2,3,3,3,1,1,2,3,3,1,3,13,11,11,6,14,13,11,7,10,8
218,70046132,Emrah Başsan,M/AM (RL),6.73,14,12,11,8,12,11,11,9,10,10,9,10,11,9,7,14,9,9,7,12,12,13,14,14,13,11,14,13,8,15,8,6,14,9,5,14,1,2,2,3,1,1,3,2,2,2,1,13,12,6,9,12,4,11,8,14,11
219,2000038268,Emirhan Delibaş,AM (RLC),6.81,12,13,11,6,14,12,9,7,8,10,9,12,12,12,13,16,5,12,4,7,12,9,12,12,14,9,14,12,4,8,3,3,12,12,4,15,1,1,3,3,2,3,1,3,3,1,2,11,12,5,14,12,6,12,9,12,12
220,14236222,Julián Fernández,"M (RL), AM (RLC)",6.8,13,14,11,11,12,12,12,10,13,12,11,12,11,15,14,14,2,13,9,12,13,12,10,12,14,10,12,11,8,12,10,7,11,11,8,14,3,2,2,1,2,3,3,3,3,2,4,10,14,4,7,14,6,12,13,13,14
221,55060789,Adriano Castanheira,"M (L), AM (RL)",6.9,13,12,11,8,12,13,12,7,9,11,11,12,10,10,14,15,8,12,9,11,13,12,13,12,12,11,13,10,7,12,5,8,13,11,10,14,1,3,2,4,1,1,3,1,3,2,2,13,12,5,5,14,7,14,12,13,13
222,93070212,Daleho Irandust,"M (RC), AM (RLC)",6.97,13,14,12,12,12,12,12,9,9,12,8,13,12,12,11,16,8,14,11,11,14,10,12,13,14,10,14,11,7,9,6,7,14,10,8,14,4,3,1,3,2,1,1,2,2,1,3,12,10,10,7,10,10,12,10,11,7
223,70036305,Berk Yıldız,M/AM (RL),6.93,14,13,10,10,12,16,13,9,7,9,5,11,9,10,11,12,10,14,6,11,11,10,6,9,13,10,12,4,7,7,4,5,9,6,5,12,1,2,1,1,2,1,1,2,1,3,1,8,20,5,5,9,10,11,12,14,10
224,13224506,Akinkunmi Amoo,"M (R), AM (RL)",7.0,14,17,8,3,10,15,13,8,9,10,9,12,11,11,13,16,5,13,5,10,13,8,7,7,14,11,13,6,6,13,6,6,13,8,7,13,3,3,3,3,2,2,1,2,3,1,3,13,11,8,7,4,14,13,14,6,14
225,32006499,Kaj Leo í Bartalsstovu,M/AM (RL),7.1,11,11,10,7,15,11,10,6,6,12,3,10,8,11,10,13,4,14,6,12,12,14,13,13,13,8,13,14,7,13,6,5,9,9,5,14,3,2,2,2,3,3,2,3,2,2,3,12,7,6,2,6,4,13,13,10,12
226,13193996,Emmanuel Toku,AM (RLC),6.84,16,15,11,7,13,14,14,6,10,9,11,12,10,11,12,12,12,11,8,7,9,11,8,10,13,11,11,8,6,14,4,6,10,3,5,13,2,3,2,3,3,2,3,3,1,3,3,10,14,8,10,13,8,11,10,10,8
227,58113436,Roman Yezhov,"M (RL), AM (R)",6.97,13,14,11,9,10,14,13,9,15,8,12,10,10,13,15,14,11,10,6,11,10,16,11,10,12,10,13,11,9,8,5,6,11,6,11,14,1,3,1,3,1,2,2,3,4,1,2,10,14,3,11,14,8,11,10,17,13
228,67131429,Rubén Martínez,M/AM (RL),6.78,13,13,5,5,12,12,10,7,8,12,12,11,12,12,10,14,9,12,11,13,13,12,12,13,13,12,11,10,3,11,12,8,12,12,8,12,1,1,4,3,1,3,3,2,2,2,3,12,13,2,10,11,6,9,12,16,14
229,71022925,Vladyslav Kalitvintsev,M/AM (RL),6.9,12,14,13,9,13,13,11,10,8,11,12,14,11,12,15,12,9,11,8,13,13,11,12,12,14,10,13,14,7,16,3,8,14,13,7,14,1,1,3,1,2,1,2,4,4,2,3,14,11,3,8,11,10,14,14,8,14
230,83297599,Pedro Santos,"M (C), AM (RLC)",6.82,12,13,11,6,14,13,10,8,8,10,7,12,11,12,13,15,7,10,7,9,13,10,12,12,13,10,13,14,7,10,5,6,14,12,7,14,2,2,3,3,3,3,3,2,3,2,4,13,12,6,4,10,5,16,17,12,18
231,2000023402,Alvyn Sanches,M/AM (RLC),7.0,12,14,10,8,14,13,12,7,8,11,7,13,10,12,14,14,7,11,7,12,11,11,10,9,12,8,13,8,6,9,3,4,12,8,5,13,3,3,3,3,4,3,3,2,3,1,3,14,18,5,11,9,12,13,10,14,14
232,64003800,Nik Omladič,"M (RL), AM (RLC)",7.15,11,12,11,9,12,12,9,7,9,8,10,12,11,8,12,15,7,13,7,8,12,9,15,13,13,11,13,15,6,14,8,7,13,12,7,14,1,3,3,3,3,4,3,2,1,1,3,14,13,8,6,12,9,15,8,16,10
233,19324930,Erick,"M (R), AM (RL)",6.79,14,15,10,5,11,15,11,7,10,12,7,12,9,11,13,16,6,12,5,6,12,12,8,11,15,11,13,10,5,12,6,5,10,11,6,13,3,1,2,2,1,3,3,3,1,3,2,12,13,6,4,7,4,9,5,11,10
234,28103231,Josh Bowler,M/AM (RL),6.94,16,15,13,9,13,15,11,8,10,11,11,13,10,10,16,15,8,13,6,8,13,12,12,11,16,12,13,11,5,10,3,6,11,11,6,14,3,3,3,2,2,1,1,3,2,1,1,15,11,6,4,10,6,12,7,8,14
235,57175904,Ştefan Pănoiu,"M (C), AM (RC)",6.81,12,13,8,8,8,12,13,10,8,13,12,12,11,9,15,9,6,11,7,12,12,12,9,9,11,10,11,9,9,9,6,7,12,9,10,13,3,3,4,2,1,3,2,2,1,3,3,13,10,2,5,9,11,14,14,7,15
236,91175828,Mete Kaan Demir,M/AM (RL),6.72,14,16,12,5,12,12,8,6,5,8,9,14,7,10,13,14,5,9,8,10,14,13,11,10,14,10,15,8,7,12,4,5,13,8,7,16,3,1,2,2,1,1,3,1,1,1,2,11,11,8,5,12,13,13,12,15,12
237,83169918,Bernardo Sousa,M/AM (RC),6.53,12,13,13,8,10,12,13,8,8,8,9,13,11,10,10,6,9,10,7,9,14,8,12,12,13,11,13,13,4,11,4,5,13,14,6,14,1,2,1,3,1,3,1,2,1,2,2,12,12,7,6,10,5,13,11,11,14
238,49059425,Bryan Soumaré,M/AM (RC),6.93,12,13,10,8,14,12,13,10,6,12,13,14,14,11,11,12,6,12,8,13,12,14,13,11,12,11,12,12,9,13,4,7,11,11,9,12,3,3,1,3,3,3,2,2,3,3,1,13,12,10,4,12,10,13,13,13,10
239,71049539,Andriy Bliznichenko,"M (R), AM (RL)",6.94,14,13,11,8,10,12,11,8,11,10,11,9,8,10,11,15,7,12,10,9,12,9,11,13,14,11,11,10,7,13,9,9,12,13,10,13,3,1,3,3,2,1,3,1,2,2,3,14,13,10,7,8,8,10,12,16,9
240,62082697,Miloš Deletić,M/AM (RL),6.96,15,14,9,9,14,14,13,9,12,9,7,9,9,8,12,13,7,13,7,6,12,12,12,12,13,10,12,13,7,10,7,6,13,10,6,13,2,2,3,1,3,1,2,1,1,1,2,15,10,6,12,14,6,14,10,11,13
241,83304309,Vasco Lopes,M/AM (RC),6.91,14,14,10,10,12,14,11,8,10,14,8,13,9,11,13,11,5,11,8,11,11,12,8,12,14,10,12,5,8,10,4,7,11,6,8,13,2,3,3,1,2,2,3,1,2,2,1,13,8,1,7,12,5,14,16,9,14
242,55082260,Tiago Dias,"M (R), AM (RL)",6.95,15,14,8,7,12,14,11,8,12,13,8,11,9,9,12,14,7,12,11,8,12,10,13,11,13,8,12,10,3,12,3,5,9,11,4,13,3,1,1,2,3,2,1,2,2,3,2,15,12,5,5,8,9,14,11,12,12
243,93078576,Samuel Kroon,M/AM (RL),7.28,12,11,7,12,12,13,13,9,11,11,7,11,11,11,12,12,5,13,10,12,12,12,12,12,12,10,12,12,5,12,5,7,11,6,8,12,3,3,3,2,1,3,2,3,3,1,3,13,13,2,6,5,8,15,14,9,15
244,93122987,Oscar Uddenäs,"M (R), AM (RL)",7.06,13,13,11,12,11,13,11,11,8,11,8,12,12,13,13,9,8,13,7,11,11,11,8,12,13,11,13,8,11,10,7,9,11,10,7,13,1,1,2,3,2,3,1,4,3,2,3,13,12,2,6,11,4,13,15,8,15
245,83139835,Diego Raposo,M/AM (RLC),6.66,12,12,10,4,8,13,10,5,8,11,6,8,10,12,15,14,4,12,6,11,14,12,11,11,13,11,12,11,6,9,5,6,13,9,6,15,4,3,1,1,1,3,2,3,3,3,3,14,12,3,3,12,2,16,15,15,17
246,19381794,Gustavinho,M/AM (RC),7.13,13,14,9,7,14,13,14,8,8,9,8,10,8,8,4,13,11,13,8,9,13,12,6,13,13,14,13,4,8,11,8,8,13,8,10,15,3,2,3,2,3,2,4,2,1,2,2,12,7,2,10,5,13,11,11,13,19
247,95059117,Geny,AM (RL),6.67,14,13,8,8,17,14,11,8,8,11,10,9,7,9,13,14,6,12,5,8,11,9,9,10,14,10,12,10,8,10,7,6,9,4,7,13,2,4,3,2,1,2,3,2,1,2,2,10,12,1,13,8,7,10,11,12,18
248,19302563,Régis Tosatti,M/AM (RL),6.86,13,12,13,10,15,13,12,10,8,11,9,12,10,9,8,9,5,13,9,12,11,13,11,10,11,11,13,10,10,13,9,8,11,11,10,12,4,1,2,3,2,3,1,2,2,2,1,10,11,3,10,12,8,13,12,12,13
249,62072358,Petar Đuričković,AM (RLC),7.14,11,9,10,8,12,11,11,10,11,10,10,11,9,10,11,13,13,12,8,12,12,11,13,11,12,10,12,12,8,12,7,6,13,13,7,14,1,2,1,1,1,4,1,1,2,1,2,10,13,10,14,11,6,10,9,10,6
250,19409769,Lucas Barbosa,"DM, AM (R)",7.1,13,13,10,15,12,11,14,13,9,12,9,12,11,12,12,11,10,13,11,11,14,11,7,10,11,11,12,7,9,11,8,11,13,8,11,13,3,3,3,2,2,2,3,4,3,1,2,9,12,7,8,10,14,12,13,12,16
251,2000051433,Antonio Borduşanu,"M (C), AM (RL)",6.77,10,12,10,6,11,12,10,9,7,8,7,11,8,10,12,14,7,9,6,9,13,8,11,10,11,10,11,9,6,11,2,6,10,10,6,11,4,3,4,3,2,3,3,4,2,3,3,11,10,7,6,10,5,12,10,14,10
252,29173569,Jack Lankester,"M (RL), AM (RLC)",6.87,11,12,14,9,7,13,12,9,11,9,10,11,9,10,14,12,8,10,6,9,12,13,11,12,13,11,13,10,8,13,7,8,14,13,8,13,4,1,1,1,1,3,1,2,3,3,3,12,10,3,9,8,11,15,11,9,12
253,2000160859,Bogdan Mirčetić,M/AM (R),7.22,13,13,12,10,12,13,10,11,13,10,11,7,10,12,14,9,2,12,9,11,12,11,11,11,13,11,10,8,6,11,11,9,10,7,10,13,1,3,2,2,3,1,2,1,3,3,2,13,20,5,6,17,11,12,2,10,12
254,29125942,Jonny Smith,M/AM (RL),6.93,15,13,10,6,12,14,12,8,10,11,11,11,9,8,13,14,8,12,5,11,11,12,10,12,12,11,10,8,5,11,5,5,12,8,5,10,2,1,3,2,2,1,1,3,3,2,3,11,8,1,6,12,10,12,10,11,11
255,61073511,Theo Archibald,M/AM (RL),7.02,14,8,11,10,10,13,14,8,13,10,13,8,10,9,14,13,7,12,8,10,9,14,8,14,13,10,9,8,7,13,7,7,10,9,8,12,2,1,2,3,1,3,1,3,2,2,3,11,10,12,7,11,4,13,9,17,7
256,48036499,Mehdi Zerkane,M/AM (RC),6.65,12,13,12,10,12,12,10,8,9,11,10,13,8,13,13,13,9,12,8,11,12,12,11,12,14,8,13,11,7,10,6,7,13,12,9,13,1,3,3,2,2,2,1,3,1,2,2,12,11,8,9,12,10,12,3,11,11
257,57178489,Mario Bratu,"M (C), AM (R)",6.82,11,13,9,8,9,11,10,11,11,11,8,7,11,12,7,10,6,10,10,10,11,10,7,12,12,9,10,12,8,12,6,9,11,8,8,12,4,2,1,2,1,2,1,2,2,1,2,9,10,5,6,8,7,12,5,8,13
258,2000100062,Badredine Bouanani,AM (RC),6.92,15,14,11,5,14,14,11,6,10,11,9,8,8,8,11,11,11,14,7,9,11,10,7,10,13,10,14,8,8,8,8,7,14,4,8,12,1,3,1,3,1,2,4,4,4,4,3,10,20,3,8,7,9,12,10,14,14
259,19333641,Madson,M/AM (RL),6.9,13,16,13,3,13,14,12,6,13,11,9,10,9,10,13,10,10,11,9,11,11,12,10,12,13,11,12,12,6,7,5,8,11,7,9,12,3,3,2,3,2,2,2,1,3,2,1,13,12,3,13,11,5,13,9,15,19
260,68012561,Jonathan Ring,M/AM (RL),6.67,13,12,11,10,12,14,11,9,11,11,9,12,12,12,12,14,7,14,9,14,14,13,12,12,12,11,12,11,10,11,3,7,14,8,8,13,1,1,2,2,2,1,2,1,3,1,3,12,14,8,10,8,11,12,13,11,14
261,93119080,Alexander Bernhardsson,M/AM (RL),6.84,13,11,11,13,11,13,12,11,13,12,12,11,12,11,13,10,7,13,12,13,12,12,9,12,12,11,12,8,9,11,11,10,12,8,9,12,3,3,2,1,2,1,1,3,2,4,2,12,13,6,12,10,15,15,17,16,15
262,27135664,Emil Frederiksen,M/AM (RC),6.71,12,12,11,9,14,12,10,10,10,12,10,12,10,11,11,11,7,12,6,12,12,11,6,11,12,12,13,13,10,10,7,8,10,8,7,13,1,3,1,3,1,1,1,1,2,1,1,9,13,2,14,8,14,13,12,16,11
263,62099225,Luka Cerar,"M (C), AM (RC)",6.86,10,12,10,11,13,10,14,10,9,13,8,12,8,13,16,8,15,12,12,12,12,12,6,9,10,11,12,7,10,11,9,9,13,5,8,11,2,1,1,3,4,1,2,3,2,3,1,11,14,7,8,10,6,11,10,17,12
264,37084998,Iggy Houben,AM (RL),6.89,13,13,11,12,15,14,14,12,11,8,3,9,9,14,12,12,10,11,5,12,8,12,9,12,12,8,12,9,9,10,9,5,11,6,4,12,2,3,1,3,3,3,1,3,2,1,3,13,9,5,10,16,5,13,12,13,12
265,61074081,Jake Hastie,"M (RL), AM (RLC)",6.71,12,12,12,11,12,13,10,11,10,10,4,11,9,7,6,9,5,10,3,9,9,8,6,12,10,9,11,9,5,10,5,8,12,9,8,9,2,3,2,4,1,3,1,2,4,4,2,8,10,5,10,6,7,10,7,10,10
266,71104584,Giorgi Tsitaishvili,"M (R), AM (RL)",6.86,15,15,10,6,12,14,11,9,14,8,14,10,6,6,16,16,5,10,8,11,13,15,13,13,16,10,13,10,6,7,5,6,12,9,7,14,3,1,2,3,2,2,1,2,3,1,4,12,5,1,12,16,14,8,8,11,7
267,62220092,Viktor Lukić,AM (RLC),6.9,13,12,9,9,11,13,9,8,12,13,10,13,11,12,12,11,8,12,10,13,13,13,11,12,14,12,14,10,5,12,7,7,13,10,9,13,2,2,2,3,3,1,2,1,3,2,1,12,12,8,12,12,6,11,13,13,12
268,85010384,Oumar Pouye,"M (RC), AM (RLC)",7.0,14,12,12,8,14,13,11,8,8,12,9,10,9,10,11,11,5,13,7,8,10,8,9,10,11,11,11,10,6,10,5,3,10,12,3,12,4,1,3,3,2,3,3,2,3,1,1,12,10,6,9,12,10,12,15,11,15
269,22058812,Aleksandar Aleksandrov,"M (R), AM (RL)",6.75,13,11,10,10,12,15,11,13,8,9,9,9,10,8,13,11,10,11,8,10,9,12,8,10,11,9,10,11,8,10,7,6,10,9,7,10,2,3,3,3,1,3,2,3,2,2,1,12,12,4,8,10,8,14,11,11,15
270,96158606,Koki Hinokio,M/AM (RLC),6.91,14,13,13,6,13,12,12,7,18,9,13,9,8,11,17,15,9,12,2,11,13,13,8,11,12,10,11,7,6,10,6,7,12,8,8,13,2,2,2,2,3,2,3,1,1,2,2,14,11,4,7,6,5,15,11,14,12
271,53092182,Youssef Chaib,M/AM (RL),6.7,13,15,9,11,12,14,13,8,11,7,7,10,14,7,17,15,6,14,4,8,8,8,10,12,14,11,10,12,5,15,2,3,8,8,3,17,2,2,2,3,4,4,1,4,2,1,1,14,10,11,13,8,11,11,13,13,12
272,49052374,Mamady Bangré,AM (RL),6.83,13,15,14,7,10,13,12,7,8,11,7,11,7,11,13,14,5,13,12,6,11,9,12,8,15,11,12,11,7,9,11,10,12,6,11,13,3,3,2,1,1,1,3,3,2,1,2,9,11,2,8,9,8,14,10,9,19
273,61080664,Luke McCowan,"M (RL), AM (RLC)",7.04,12,13,12,7,13,12,13,7,9,9,10,13,10,9,16,12,4,11,7,8,11,13,9,9,13,14,12,7,4,11,3,6,13,10,6,13,3,4,3,1,2,2,2,2,2,1,2,9,10,5,5,10,6,14,10,12,10
274,2000107386,Kyanno Lorenzo,AM (RL),7.0,14,13,10,6,14,13,9,9,11,10,10,10,10,9,13,18,7,10,7,9,12,8,9,13,14,10,13,7,6,10,6,5,11,8,5,14,2,2,2,2,3,1,2,2,3,2,3,15,10,10,6,10,7,15,15,12,16
275,22078636,Velislav Vasilev,M/AM (R),6.92,14,15,10,8,15,15,9,8,12,8,10,10,8,7,14,13,8,11,7,10,11,12,9,9,11,9,10,10,6,9,4,5,9,2,6,11,2,2,1,1,2,2,1,1,1,1,2,12,14,6,14,11,9,11,10,14,18
276,71113674,Vikentiy Voloshyn,M/AM (RC),6.75,14,13,12,8,7,12,10,10,12,12,6,9,7,11,16,15,7,11,6,11,13,12,13,8,12,9,11,12,5,12,7,5,13,10,7,14,3,2,4,3,2,1,4,1,1,1,2,11,14,3,11,8,13,11,11,14,20
277,57182818,Florin Bălan,AM (R),7.02,12,10,10,10,13,12,12,11,10,11,10,11,10,10,15,4,8,9,10,10,10,9,6,7,9,10,10,5,12,9,13,12,10,9,10,10,1,1,2,1,1,2,3,3,4,1,2,10,10,6,3,12,9,15,1,7,13
278,49045843,Issouf Macalou,M/AM (RL),7.04,12,12,12,12,13,13,12,13,8,12,11,11,11,9,10,10,10,10,7,11,11,12,8,10,12,10,11,7,11,11,7,5,11,7,6,12,3,3,1,2,1,3,1,3,2,1,2,12,14,8,10,10,8,10,12,13,10
279,43204335,Panos Armenakas,"M (R), AM (RLC)",6.75,13,14,10,8,12,13,9,7,9,8,8,8,9,9,12,14,6,11,4,10,11,10,6,10,13,8,12,9,6,11,5,4,12,8,4,13,2,1,2,1,1,2,2,3,1,3,3,14,10,5,3,12,4,12,13,12,12
280,15065924,Danny Choi,AM (RLC),7.01,11,13,6,7,9,11,10,6,7,11,8,10,8,9,11,14,5,12,3,8,12,8,12,11,12,9,12,11,5,13,3,4,11,14,6,13,1,1,3,3,3,1,1,1,2,3,3,10,11,2,15,19,12,13,10,15,15
281,83222416,Anderson Canhoto,"M (R), AM (RLC)",7.01,12,13,13,9,12,12,12,8,8,7,7,11,8,9,8,12,8,13,5,10,11,9,11,11,13,10,13,12,5,9,5,5,12,9,5,13,2,1,1,1,1,1,1,2,3,3,2,11,12,8,5,12,5,13,9,11,12
282,14122132,Favio Brizuela,"M (C), AM (RC)",6.7,12,11,11,8,7,12,15,4,12,8,12,11,9,11,9,13,8,14,11,10,12,15,8,11,12,11,11,12,5,11,8,6,13,8,5,13,3,3,3,1,2,1,2,2,2,1,2,5,11,14,5,15,7,6,7,15,7
283,52100980,Dylan Duffy,M/AM (R),6.92,12,12,13,7,12,13,12,8,7,9,7,10,8,9,11,13,6,12,8,9,10,11,11,12,11,9,10,12,7,8,5,6,12,9,5,13,2,3,4,1,3,2,2,3,1,4,1,13,10,5,4,8,5,14,12,8,12
284,2000170071,Amadou Doumbouya,"M (C), AM (RC)",6.98,15,15,12,7,11,13,9,7,9,11,10,10,11,10,10,15,5,11,7,10,10,10,7,7,14,8,13,7,6,8,5,5,12,8,6,13,3,2,3,3,1,1,1,3,3,2,2,15,11,19,7,16,14,9,14,12,12
285,2000030028,Edgar Sevikyan,AM (RC),6.92,13,12,10,8,11,11,10,9,8,11,9,12,9,10,14,14,7,11,7,10,12,10,10,10,13,9,12,11,8,9,5,6,11,11,6,12,1,1,1,3,2,3,4,2,3,1,1,12,12,5,7,12,8,11,13,8,18
286,50062605,Rayan Ghrieb,M/AM (RC),6.66,12,12,9,12,12,12,10,8,12,10,11,10,13,9,13,7,5,11,9,5,7,11,8,12,12,11,13,7,11,7,7,5,11,7,5,12,4,1,1,3,1,2,3,1,3,2,3,12,13,7,10,7,10,9,10,8,19
287,70118618,Hüseyin Ekici,M/AM (RLC),6.3,13,11,13,9,5,12,4,6,10,8,8,7,8,9,4,14,7,14,7,8,7,9,7,9,9,9,14,7,8,9,7,7,7,3,5,10,3,2,2,1,1,1,3,3,4,1,2,9,14,3,8,5,13,11,12,14,16
288,57191049,Romeo Niţă,AM (RL),6.75,13,12,9,5,11,12,10,6,10,8,11,5,8,11,13,11,6,11,4,10,10,10,7,8,9,9,10,5,7,8,3,4,9,5,8,10,3,2,1,1,2,3,3,3,3,3,1,10,11,5,9,6,4,11,8,6,9
289,52090501,Will Fitzgerald,M/AM (RL),6.84,13,12,12,8,13,13,12,9,4,7,8,10,9,10,13,13,2,11,7,9,10,9,7,11,13,8,12,8,8,9,15,4,11,6,5,12,2,1,3,1,1,1,3,1,3,2,1,10,11,6,4,9,10,13,14,7,14
290,93140606,Ahmed Qasem,"M (RLC), AM (RL)",6.74,12,11,9,10,11,12,11,10,9,10,7,11,10,11,14,8,7,11,10,11,11,11,7,11,12,7,12,6,8,6,7,9,9,9,6,12,1,1,2,2,1,2,2,4,2,2,2,12,10,5,7,12,6,10,10,7,10
291,67232679,Javi Moreno,"M (R), AM (RL)",6.79,13,14,10,8,12,12,12,6,6,11,8,10,7,10,10,12,10,10,5,9,12,11,14,11,12,11,13,12,4,7,5,3,11,10,5,12,2,2,1,1,3,2,3,3,3,2,1,9,9,2,7,10,13,12,10,14,15
292,12092875,Mor Talla Gaye,AM (RLC),7.01,13,15,5,4,11,13,12,7,12,11,13,11,12,13,11,14,11,11,6,13,14,13,8,8,14,10,13,7,5,8,4,7,11,11,7,15,2,3,2,1,4,1,3,3,1,2,1,11,13,4,7,12,7,12,11,9,16
293,43424898,Mattia Compagnon,"M (C), AM (RC)",6.8,12,12,10,6,9,12,12,8,8,12,8,10,9,13,12,13,8,11,7,12,13,9,13,12,12,11,13,12,7,16,4,4,12,11,7,14,3,2,2,2,1,3,2,3,3,2,1,11,11,3,4,9,5,11,7,11,16
294,21036461,Andrej Pavlović,AM (RL),6.96,11,7,10,16,12,11,7,9,7,12,7,13,8,11,10,11,5,14,6,10,11,12,9,9,16,11,12,9,8,8,5,9,14,8,9,13,1,1,3,1,2,1,2,3,2,2,2,9,12,5,13,7,8,12,9,12,14
295,2000171242,Tymur Korablin,"M (R), AM (RC)",6.91,14,13,8,7,14,12,9,7,8,7,6,7,6,8,7,15,5,11,7,8,9,13,11,14,12,11,12,11,1,11,7,5,9,4,4,11,1,4,3,3,1,1,2,4,1,1,1,18,16,8,9,16,9,9,10,12,14
296,2000133829,Murat Çalık,M/AM (RC),6.44,14,12,6,9,12,12,6,5,15,10,8,11,8,10,12,13,11,13,8,8,11,11,7,9,9,9,14,7,3,8,7,7,9,5,9,11,3,3,1,2,2,2,2,3,3,3,2,10,9,3,9,15,7,10,12,11,11
297,18073722,Lucas Walbrecq,M/AM (RL),6.65,15,12,4,3,11,15,6,4,12,10,6,12,11,11,12,12,6,12,6,10,8,10,9,10,15,6,14,7,3,7,5,5,13,8,5,15,3,3,1,1,1,3,1,3,3,3,2,18,12,3,10,8,11,9,10,13,15
298,2000119916,Mark Golob,AM (RL),6.91,11,10,5,9,10,12,10,9,11,7,4,12,10,14,5,10,1,8,7,9,8,10,7,9,12,10,15,9,7,10,7,9,14,9,6,11,3,3,3,3,3,2,1,3,3,1,2,11,18,4,10,12,6,12,6,10,14
299,29181908,Jack Nolan,AM (RL),6.72,13,11,10,12,5,12,12,10,10,11,13,10,10,5,9,10,10,11,9,10,10,10,11,11,10,12,10,10,11,10,9,5,9,11,6,10,3,3,3,4,2,1,1,2,1,2,1,11,11,5,7,17,12,12,12,12,10
300,57116944,Vlad Mihalcea,"M (R), AM (RC)",6.6,9,9,8,6,10,9,8,8,6,9,9,10,9,8,9,12,9,10,8,11,13,10,9,9,9,10,10,10,6,10,6,8,12,11,8,13,2,2,2,2,2,2,1,2,2,3,2,8,9,4,7,10,12,14,14,12,13
301,49038957,Bilel Hassaini,M/AM (RC),6.7,10,12,8,6,13,13,6,5,10,10,6,9,8,8,11,9,15,14,8,9,9,10,8,11,12,10,11,8,6,10,7,5,10,5,5,12,1,2,3,2,2,3,4,1,2,2,2,10,10,3,9,12,12,8,9,12,18
302,61042924,Chris Johnston,"M (RL), AM (RLC)",6.81,12,12,8,6,19,11,9,5,6,9,1,11,8,8,12,11,2,9,4,7,15,3,5,10,12,8,12,10,5,11,1,2,11,2,3,11,4,2,3,1,3,2,3,2,1,3,2,10,8,5,4,10,6,5,10,8,17
303,29083976,Adam Wixted,"M (R), AM (RL)",6.78,12,11,12,8,11,12,11,9,4,8,6,10,8,8,8,12,3,10,4,8,10,9,8,11,12,6,11,7,8,9,4,5,9,7,5,11,3,3,2,2,3,2,3,1,3,1,2,8,7,5,5,9,5,12,12,8,15
304,2000165275,Michalis Panagidis,M/AM (RL),6.2,12,11,9,8,10,11,11,6,5,9,1,10,7,9,11,12,6,9,5,8,8,9,9,14,11,7,7,7,4,7,7,7,13,3,6,11,1,1,2,1,2,1,4,2,2,1,1,11,7,5,7,12,15,11,15,11,14
305,62215562,Luka Stepančič,AM (RC),6.55,10,10,8,7,11,10,10,10,13,7,6,11,11,13,4,13,15,14,7,8,13,12,7,10,10,11,14,7,6,7,1,6,12,2,8,14,2,3,3,3,1,2,1,2,1,3,2,12,14,5,5,10,15,13,9,10,12
306,18077259,Jack Mmaee,M/AM (RL),6.74,13,10,7,13,12,13,8,5,5,6,7,8,7,13,13,12,4,13,6,7,8,12,6,9,10,10,12,6,4,3,5,6,8,5,5,12,1,2,1,2,2,2,3,3,1,2,1,12,10,2,9,13,12,12,11,14,16
307,2000164950,Ebbe Facius,M/AM (R),6.71,13,13,6,8,9,11,11,3,15,6,1,3,6,7,12,13,4,10,5,6,6,11,7,10,10,9,13,5,4,6,5,3,11,2,6,13,2,1,1,1,2,2,1,3,1,4,3,11,10,3,14,10,11,13,7,11,11
308,71111889,Kyrylo Senko,AM (RC),7.03,13,10,9,12,9,13,9,8,12,8,8,13,5,10,6,11,11,9,8,8,8,13,10,9,11,10,8,9,6,12,5,5,11,9,5,11,3,1,1,2,2,3,3,3,1,3,3,12,20,2,8,6,5,14,9,13,14
309,52086453,Johnny McCaw,M/AM (R),6.75,12,12,4,5,15,12,12,2,8,4,1,6,4,8,6,7,10,8,3,4,5,8,3,7,5,10,10,1,3,4,3,3,7,4,1,6,3,1,3,2,3,1,1,3,3,2,3,10,8,8,10,14,10,10,12,9,12
310,2000194784,Savvas Tzouanakis,M/AM (RL),6.59,9,10,7,8,13,12,7,3,12,3,7,7,6,13,11,10,4,12,5,6,6,8,7,10,9,10,13,5,5,5,1,5,10,3,3,10,3,1,2,2,3,2,4,1,2,3,1,13,6,1,10,13,12,13,12,11,19
311,2000183617,Nikolaj Hedegaard,AM (R),6.5,14,11,7,10,11,13,3,3,8,4,7,4,4,10,17,8,10,5,2,6,8,5,5,10,4,7,8,4,5,6,5,1,5,2,2,8,2,3,3,2,1,2,3,1,2,1,2,10,8,6,7,5,6,10,11,6,19
312,2000167550,David Eguaibor,AM (RLC),6.83,8,11,7,11,12,10,6,5,7,5,3,12,6,14,11,5,6,6,5,8,5,11,7,12,11,11,10,5,4,8,6,4,10,9,5,7,1,2,1,3,3,1,2,2,1,2,3,8,9,4,7,10,13,11,14,9,7
313,2000115107,Vasilis Christopoulos,M/AM (RL),6.62,12,13,6,5,13,12,11,3,15,7,5,13,4,8,8,9,5,8,3,6,4,11,6,10,4,5,12,4,4,2,1,4,9,1,1,8,3,3,1,1,1,1,2,3,2,3,2,13,12,6,10,9,12,11,13,15,15
314,36044819,Dimitris Kyrtegos,"M (C), AM (RC)",6.69,7,11,7,5,12,7,8,6,12,11,7,8,7,14,10,11,12,11,7,7,8,12,4,11,8,9,9,5,6,9,4,4,5,13,6,11,1,3,1,1,2,2,2,1,2,3,2,10,13,6,6,7,7,11,9,12,14
315,52042809,Gary Warwick,M/AM (RL),6.74,8,6,6,16,10,10,6,7,6,8,1,8,6,11,9,5,5,10,3,7,4,11,7,12,9,9,7,5,5,6,5,4,9,3,6,4,3,1,3,1,2,1,2,1,1,1,3,10,10,7,13,12,7,13,14,13,13
316,2000186800,Sakis Kyriakopoulos,M/AM (RL),6.79,10,10,6,6,12,9,11,5,10,8,6,11,6,8,5,10,14,9,5,7,3,12,6,12,5,6,8,4,2,5,6,3,7,5,4,9,1,3,1,3,3,1,1,1,1,2,2,11,11,7,5,12,5,12,10,12,19
