UID,Name,Position,Conv %,Acc,Agi,Bal,Jum,Nat,Pac,Sta,Str,Agg,Ant,Bra,Cmp,Cnt,Dec,Det,Fla,Ldr,OtB,Pos,Tea,Vis,Wor,Cor,Cro,Dri,Fin,Fir,Fre,Hea,Lon,L Th,Mar,Pas,Pen,Tck,Tec,Aer,Cmd,Com,Ecc,Han,Kic,1v1,Pun,Ref,TRO,Thr,Amb,Cons,Cont,Dirt,Imp M,Inj Pr,Prof,Spor,Vers,Temp,Rec,Inf
2000034525,Samuel Iling,"M/AM (L), ST (C)",39%,16,9,9,11,15,15,10,11,6,8,6,9,6,10,14,9,8,9,10,6,8,10,5,11,11,12,10,7,11,11,7,5,9,7,6,10,1,2,1,1,2,1,1,3,1,3,1,12,12,2,6,11,10,9,11,15,11,- -  -,nEU
2000174897,Daniel Gorden Raul,ST (C),32%,14,10,9,11,8,12,6,9,6,5,4,9,2,7,5,11,8,14,3,5,7,6,1,4,13,11,12,5,13,5,1,3,5,6,3,9,2,3,2,4,1,3,3,2,3,2,3,11,6,3,6,15,7,8,11,10,16,- -  -,
49053264,Marley Aké,AM (RL),32%,14,14,11,9,9,13,12,11,9,10,11,10,10,8,12,13,6,13,8,9,11,11,9,10,14,10,13,5,10,10,5,6,12,5,6,12,2,2,2,3,3,1,1,3,2,3,2,14,11,5,10,10,12,13,12,9,14,- -  -,
15085283,Lleyton Brooks,"AM (R), ST (C)",32%,14,12,4,11,16,12,5,8,5,10,6,6,9,9,16,12,10,13,8,9,7,5,8,11,11,9,11,8,9,6,7,6,10,6,8,10,2,3,3,3,3,2,2,3,1,2,2,9,20,4,13,7,12,9,14,12,10,- -  -,Loa
29191933,Stephen Wearne,"M (R), AM (RLC), ST (C)",30%,11,7,9,6,10,13,7,9,11,7,10,10,9,8,4,11,5,9,7,9,11,9,7,9,10,9,11,7,4,11,5,5,11,10,4,10,2,3,1,1,2,3,2,2,1,1,2,10,10,6,7,8,5,10,13,11,18,- -  -,
2000205366,Yoann Beaka,ST (C),30%,11,10,9,9,12,11,11,11,9,10,10,11,8,10,11,10,9,11,9,9,10,8,6,8,10,11,10,7,9,9,5,5,9,9,6,10,3,3,3,1,4,3,3,3,2,1,1,11,9,9,9,9,9,10,9,9,11,- -  -,
2000084984,Jackson Mbombo,ST (C),29%,13,12,3,9,8,13,5,6,9,6,5,9,7,13,5,11,11,10,4,2,7,7,6,4,13,13,13,6,12,7,2,6,6,5,3,11,2,3,2,3,2,3,1,2,1,3,3,12,9,3,5,6,13,14,12,14,20,- -  -,
2000134308,Ravil Shandyka,ST (C),29%,13,12,8,5,13,13,9,1,8,5,7,6,7,12,4,10,1,9,7,6,8,8,4,5,7,14,14,4,10,2,1,3,7,4,1,11,3,1,3,2,1,3,2,1,1,2,3,11,11,7,13,6,6,9,11,8,16,- -  -,
96137843,Piotr Samiec-Talar,"AM (RL), ST (C)",28%,12,11,9,12,7,12,10,8,7,8,9,10,11,10,12,12,3,12,5,5,11,11,8,8,13,9,12,9,11,11,10,3,11,7,3,12,1,1,1,2,3,3,2,2,4,1,3,13,7,6,11,4,13,15,14,13,20,- -  -,
28120040,Jayden Braaf,"M (L), AM (RL)",28%,15,13,15,6,13,14,11,7,7,8,10,11,8,10,3,14,8,9,4,5,9,12,11,11,14,12,7,12,7,11,4,5,11,6,12,13,1,3,1,4,1,2,3,1,1,3,1,13,10,14,10,8,7,10,11,12,19,- -  -,Loa
2000064133,Filip Vecheta,ST (C),28%,10,11,8,6,11,10,10,8,12,14,8,9,3,13,10,11,1,12,8,7,4,8,7,4,14,14,14,7,14,8,6,6,5,5,4,12,2,3,2,1,2,1,3,1,3,2,3,8,8,5,13,14,8,14,9,9,13,- -  -,
96143129,Szymon Włodarczyk,ST (C),28%,13,11,11,13,11,13,10,11,7,13,7,10,12,12,12,8,7,13,10,11,7,8,3,6,9,12,9,5,13,5,6,5,7,11,5,8,2,1,1,1,2,1,2,2,1,1,3,12,1,8,5,1,2,11,14,8,10,- -  -,
73201412,Jores Rahou,ST (C),27%,13,14,7,8,10,13,12,9,7,10,5,12,7,10,13,11,12,6,6,6,6,6,5,4,12,13,13,1,12,7,3,1,3,4,2,10,2,3,1,2,2,4,3,2,2,3,2,11,13,1,5,13,5,10,10,9,15,- -  -,
2000034884,Alemanji Mbunya,ST (C),27%,13,13,7,13,12,12,8,7,9,9,6,7,8,11,5,9,1,13,4,6,4,7,6,5,9,13,11,6,11,4,1,5,6,1,2,9,3,1,1,1,3,3,3,3,1,2,1,10,8,5,14,8,15,8,10,10,13,- -  -,
12088460,Kamory Doumbia,"M/AM (C), ST (C)",26%,12,14,11,10,13,12,12,11,11,12,13,11,11,9,13,12,8,12,7,11,12,11,9,9,11,12,13,7,10,10,6,6,12,10,5,12,1,3,2,1,3,1,3,2,3,2,2,13,10,6,8,10,5,12,14,11,12,- -  -,
2000013137,Siriné Doucouré,"AM (L), ST (C)",26%,12,8,9,16,8,10,8,13,13,12,12,11,8,12,11,13,13,14,7,8,10,10,8,11,14,14,11,8,12,8,2,8,6,6,7,14,3,3,1,1,1,1,3,3,3,2,1,13,12,8,12,6,6,14,12,10,16,- -  -,
28116339,Will Harris,"AM (RLC), ST (C)",25%,9,12,10,13,17,10,11,13,10,12,14,10,8,8,13,6,7,9,7,13,9,15,4,6,6,11,7,5,9,8,3,4,9,11,4,10,1,2,1,1,3,1,3,3,3,2,2,13,13,1,5,13,5,10,10,7,19,- -  -,
2000059435,Derrick Kakooza,ST (C),25%,14,12,8,5,10,10,9,8,15,12,8,7,7,6,14,10,4,11,6,7,5,8,3,6,14,14,13,3,14,6,5,5,8,5,5,11,1,2,1,2,3,2,2,3,2,1,1,11,18,4,7,12,5,12,9,10,12,- -  -,
300030,Charlie Brown,ST (C),24%,14,11,9,8,12,14,14,8,8,11,6,10,12,10,12,8,7,11,8,15,9,15,6,7,10,12,8,5,8,6,2,4,8,4,5,9,4,3,3,2,2,1,2,1,1,1,2,13,8,3,5,5,4,11,12,4,12,- -  -,
96159294,Daniel Orlikowski,"M/AM (C), ST (C)",24%,8,10,10,7,12,9,10,7,4,10,5,10,9,10,15,9,8,10,10,9,12,8,4,8,11,9,11,8,6,5,3,5,9,7,5,11,1,3,2,3,1,3,1,3,3,3,1,12,10,2,2,2,8,10,10,9,17,- -  -,
22083229,Martin Milushev,"M (C), AM (RC), ST (C)",24%,13,11,3,7,11,12,8,6,6,9,1,6,8,13,10,10,10,8,4,6,11,9,5,10,12,9,13,5,6,7,3,5,10,3,6,8,3,3,3,3,1,1,1,1,2,3,2,10,12,2,5,4,7,15,2,9,14,- -  -,
43486452,Roman Cerepkai,ST (C),24%,13,13,6,5,12,13,7,6,13,7,5,7,7,13,12,10,8,13,7,6,6,7,7,5,13,14,12,6,13,3,5,3,2,3,1,11,3,1,1,2,1,3,1,3,1,1,4,9,12,6,8,10,9,9,10,11,13,- -  -,
2000064819,Nando Toggenburger,ST (C),24%,11,12,9,10,13,12,10,10,9,8,10,9,8,9,13,13,6,11,5,11,8,11,6,8,12,12,12,6,9,8,4,5,10,11,7,12,1,2,2,3,2,3,4,2,2,1,4,10,17,2,7,11,6,10,8,9,20,- -  -,
2000114854,Neđeljko Kovinić,"AM (L), ST (C)",24%,10,9,9,13,10,10,9,13,9,10,5,13,8,13,4,10,5,6,8,8,8,9,8,10,13,10,13,6,14,9,6,7,13,7,4,11,3,1,1,2,3,3,1,2,3,3,3,9,20,2,11,10,12,11,11,13,13,- -  -,
95078951,Peter Olawale,"AM (RL), ST (C)",23%,11,12,10,12,10,11,8,12,8,10,10,11,8,9,6,14,9,9,8,10,10,11,10,10,11,11,10,8,14,10,9,6,12,10,7,11,1,2,2,3,2,3,2,4,3,1,1,11,10,4,15,15,13,9,12,9,14,- -  -,
95034174,Tom Crawford,"DM, M/AM (C)",23%,10,10,11,10,12,10,13,8,12,10,10,11,10,13,12,11,9,10,10,13,12,15,6,9,11,8,10,8,8,6,3,8,11,12,9,11,2,1,2,2,2,1,1,3,2,1,1,10,12,6,13,9,4,11,7,11,8,- -  -,
28122646,Matthew Dennis,"AM (RL), ST (C)",23%,15,10,8,11,16,14,11,10,8,11,12,12,6,7,12,9,5,8,10,12,6,12,7,8,12,13,12,6,7,12,3,7,9,8,8,13,2,2,1,3,2,3,1,3,1,1,2,13,9,6,6,11,4,12,12,14,12,- -  -,
12094016,Abdel Rachid Zagré,ST (C),23%,13,11,9,10,11,12,13,9,5,12,9,12,7,12,16,9,2,14,8,8,9,9,7,8,12,14,11,7,14,5,6,5,6,9,2,10,2,2,4,1,1,3,2,3,1,1,2,11,16,4,9,17,6,10,11,10,16,- -  -,
19393073,Leandro Lima,"AM (RLC), ST (C)",23%,12,12,8,3,14,11,8,1,10,8,4,9,7,14,2,14,10,14,7,8,7,9,4,8,11,13,10,4,8,9,7,6,9,8,2,10,3,1,1,1,2,2,3,1,1,3,2,7,9,1,7,4,12,10,12,11,10,- -  -,
38068931,György Komáromi,"M (R), AM (RL), ST (C)",22%,13,15,8,8,8,14,10,7,11,9,14,10,9,9,9,8,5,9,5,10,9,14,11,9,9,11,8,12,12,14,7,4,8,10,4,8,2,1,3,2,3,3,2,1,1,3,3,13,13,2,9,13,7,11,5,12,13,- -  -,
37080541,Fodé Fofana,"AM (RL), ST (C)",22%,12,15,11,16,14,12,11,8,5,10,7,14,7,11,11,15,12,9,5,11,12,8,11,12,14,12,14,11,13,10,8,6,13,9,5,15,3,2,3,1,1,2,1,1,3,2,2,13,9,1,7,10,17,11,13,10,17,- -  -,
29006437,John Akinde,ST (C),22%,11,8,8,14,10,10,10,15,15,11,18,11,9,10,7,7,7,11,9,13,7,11,5,8,9,11,11,5,12,7,6,4,11,15,5,9,3,2,1,4,2,2,2,1,2,1,2,10,10,4,6,10,9,13,15,8,11,- -  -,
49053169,Adil Ben Achour,ST (C),22%,11,9,8,6,11,10,14,7,7,11,8,13,6,10,10,11,11,12,6,6,6,7,7,6,12,13,12,4,13,7,3,5,4,9,1,8,3,3,4,2,3,2,1,2,2,2,3,12,12,5,7,8,7,10,12,11,14,- -  -,
29218376,Angelo Cappello,"M (C), AM (RLC), ST (C)",21%,13,10,8,5,12,12,10,5,6,9,4,8,10,15,5,10,6,11,10,11,12,10,9,10,10,8,7,5,4,4,6,6,8,7,7,7,1,3,1,2,2,2,3,3,2,3,2,8,20,8,10,6,11,9,1,10,10,- -  -,
96148402,Rafał Adamski,ST (C),21%,8,8,13,15,15,10,12,13,12,12,14,8,9,11,9,13,9,12,8,10,7,13,7,8,9,9,9,7,13,11,6,9,6,6,5,8,3,3,1,3,1,2,1,2,3,3,2,10,8,8,7,17,12,9,9,10,18,- -  -,
28109689,Rhian Brewster,"AM (RL), ST (C)",21%,14,15,15,10,12,14,13,9,15,14,15,13,10,12,16,14,6,13,7,10,13,9,7,10,12,16,12,14,10,12,7,8,11,13,8,15,3,2,3,1,3,2,3,3,3,2,4,16,9,15,15,13,12,14,6,10,8,- -  -,
95078003,Noah Botic,ST (C),21%,14,14,8,9,13,14,5,7,14,6,7,8,3,13,6,8,9,13,5,6,7,8,6,5,11,13,13,6,14,7,1,6,6,8,1,8,2,3,3,1,2,2,2,1,3,3,3,12,20,6,9,14,10,10,10,9,15,- -  -,
2000056532,Alexandru Despa,ST (C),21%,14,13,8,3,11,14,8,6,7,7,8,9,7,5,12,9,7,9,4,5,5,8,3,3,13,14,13,6,13,5,3,6,6,8,3,8,3,1,4,3,2,3,2,1,1,3,4,12,12,8,8,10,8,15,12,11,19,- -  -,
84159765,Francis Momoh,ST (C),21%,13,11,13,12,13,15,13,14,13,11,12,10,12,12,12,13,6,12,6,12,11,13,6,7,11,11,11,6,10,9,4,4,9,7,6,12,1,1,1,1,1,1,3,3,3,2,3,12,9,6,7,9,7,14,10,2,20,- -  -,
67086280,Rodrigo,"AM (RLC), ST (C)",21%,15,15,13,11,14,14,13,10,13,13,14,13,8,12,13,14,11,15,4,13,13,12,10,12,13,11,15,12,7,12,3,5,12,13,6,15,2,1,4,3,4,3,2,2,2,3,3,14,10,6,10,14,7,15,13,14,8,- -  -,Set
49063290,Moussa Suso,ST (C),21%,13,13,8,10,9,13,6,12,9,8,4,7,6,9,7,13,7,13,7,6,6,7,3,2,11,13,13,6,12,7,2,5,8,1,3,12,1,1,1,1,3,2,2,3,2,3,2,11,18,5,6,13,13,12,9,11,12,- -  -,
49062820,Enzo Baglieri,"AM (L), ST (C)",21%,11,12,8,10,14,12,7,7,5,10,8,12,7,9,7,12,4,11,5,8,10,10,9,13,10,12,11,8,14,9,4,6,15,13,6,11,1,3,3,4,1,2,2,1,2,2,3,8,12,1,13,10,11,12,7,9,19,- -  -,
2000065840,Lucas Copado,ST (C),20%,12,14,8,12,14,13,12,7,7,13,10,12,8,10,13,14,5,14,4,10,11,9,5,8,13,12,12,5,11,7,1,4,10,13,3,12,1,2,1,2,4,1,2,1,4,1,1,14,11,10,2,7,8,10,12,10,14,- -  -,Loa
29190795,Adam Idah,ST (C),20%,16,13,14,14,10,15,12,16,11,14,11,13,9,11,14,7,5,13,4,14,11,14,5,8,12,14,11,6,13,10,4,5,11,16,4,12,2,1,2,1,1,2,1,2,2,3,3,16,10,9,3,11,10,13,11,6,11,- -  -,
29146090,Carlton Ubaezuonu,M/AM (L),20%,13,10,10,11,10,13,9,10,9,6,10,8,4,7,14,13,2,5,5,8,7,7,3,8,11,6,8,2,9,6,4,5,7,4,5,9,2,1,1,3,4,2,2,1,2,1,3,12,8,11,7,8,12,16,14,7,15,- -  -,
2000052090,Petr Jaroň,M/AM (RL),20%,13,14,10,6,10,12,11,6,9,12,10,10,9,12,15,14,7,12,8,11,11,12,11,11,14,12,12,10,7,9,6,9,11,12,9,13,3,2,2,3,3,2,2,3,2,3,2,11,11,4,8,11,5,12,8,10,17,- -  -,
2000013497,Przemysław Kapek,"AM (C), ST (C)",20%,9,8,11,9,12,11,11,10,11,12,6,11,9,10,4,8,5,12,10,9,8,10,8,7,10,12,13,9,12,9,4,8,11,4,6,9,2,3,3,2,1,3,1,1,4,3,3,12,9,1,10,6,10,12,12,10,20,- -  -,Inj
19378278,Emerson Tucão,ST (C),20%,12,11,5,12,16,12,8,12,5,10,6,11,9,9,5,6,10,12,10,9,9,10,8,6,9,12,14,9,11,10,6,9,10,11,3,9,2,1,3,2,3,2,3,3,2,3,1,9,12,4,5,11,8,11,13,11,14,- -  -,Loa
23471216,Haroune Camara,"AM (RL), ST (C)",20%,14,14,9,8,11,14,11,9,8,7,8,9,11,12,9,8,9,11,8,12,10,11,10,10,12,10,12,9,9,8,9,11,12,10,9,11,2,1,2,3,2,3,3,2,4,1,1,9,12,8,9,9,10,10,9,8,9,- -  -,
2000147360,Libor Bobčík,ST (C),19%,8,10,7,5,15,11,6,9,5,10,4,10,6,13,5,8,12,14,5,6,7,7,7,4,12,12,12,7,14,9,5,4,8,3,3,8,2,2,4,3,3,2,4,3,2,2,3,11,11,5,5,10,5,11,11,11,16,- -  -,
2000064572,Sultan Adil,ST (C),19%,11,11,9,7,13,13,10,11,5,11,1,10,5,11,12,13,5,8,5,7,7,8,7,6,13,14,14,6,14,9,5,3,8,4,1,14,2,1,1,2,2,1,2,3,3,2,2,9,8,2,15,7,5,13,10,12,15,- -  -,Loa
29111430,Nicke Kabamba,ST (C),19%,12,13,13,10,5,12,12,10,8,8,8,10,8,10,10,8,3,12,5,7,8,7,5,5,9,12,8,5,10,8,7,5,7,12,3,10,2,1,3,1,2,3,1,2,4,2,3,8,10,5,5,8,5,13,10,7,10,- -  -,
29244939,Danu Kinsella-Bishop,ST (C),19%,11,11,12,9,12,11,12,11,5,8,11,9,10,8,13,11,5,11,7,12,8,11,5,9,11,7,10,5,9,7,5,5,9,5,5,8,3,3,1,2,1,3,3,2,2,3,1,8,7,5,5,8,6,12,15,11,11,- -  -,
2000053239,Yaser Asprilla,"AM (RLC), ST (C)",19%,13,12,10,12,13,13,13,11,13,11,12,12,11,12,10,13,6,13,5,11,13,13,11,12,14,11,12,11,8,11,4,5,13,8,6,13,1,2,1,4,1,1,1,3,3,1,3,10,11,3,10,10,8,12,9,11,15,- -  -,
2000056930,Vojtěch Stránský,ST (C),19%,13,13,7,11,10,12,13,6,14,10,9,11,9,7,12,7,6,13,7,7,6,9,7,6,13,14,9,8,14,7,2,7,6,7,4,8,3,2,1,3,1,3,2,1,2,1,3,10,14,3,6,12,12,12,8,11,14,- -  -,
2000161869,Pol Ortega,"AM (RLC), ST (C)",19%,8,8,10,9,12,9,15,7,11,11,7,15,8,8,12,12,4,8,8,9,11,13,9,10,8,14,15,8,8,9,7,7,8,12,5,13,4,2,3,2,1,1,1,1,2,2,1,12,8,4,8,3,9,13,12,11,19,- -  -,Inj
2000019874,José Bica,"AM (R), ST (C)",19%,11,12,9,14,13,11,8,8,5,9,8,12,8,8,8,9,2,13,8,7,8,9,7,9,14,14,13,7,14,8,2,3,12,6,7,9,3,1,1,1,4,4,4,2,4,2,2,12,20,1,11,6,9,12,10,10,18,- -  -,
23328628,Ahmed Abdoh Jaber,ST (C),19%,14,13,9,6,15,13,13,8,7,12,6,10,8,11,14,11,4,14,7,7,6,8,6,8,13,14,13,5,13,8,7,4,8,6,3,12,3,2,2,3,2,3,3,2,1,2,4,11,11,3,14,8,13,11,9,13,12,- -  -,
89054235,Mike Fondop,ST (C),19%,8,10,10,14,12,11,12,16,13,9,10,10,8,8,8,12,7,8,4,12,8,13,4,6,10,10,10,8,12,10,5,5,9,10,6,9,3,2,4,2,1,2,1,1,1,1,2,9,11,3,11,6,8,10,11,9,16,- -  -,
62014951,Aleksandar Prijović,ST (C),19%,8,12,16,14,15,9,13,15,11,13,12,14,11,13,13,13,9,14,10,13,11,9,4,7,12,15,14,6,13,12,2,4,11,12,5,13,4,2,3,1,1,3,3,1,2,1,2,15,13,16,12,14,8,15,10,5,13,- -  -,
28058544,Bobby Decordova-Reid,"AM (RC), ST (C)",19%,14,13,12,5,12,14,14,7,10,14,9,11,14,12,14,13,8,13,9,14,13,14,10,12,14,14,13,10,8,11,5,8,14,11,7,13,1,3,1,3,3,2,2,1,1,1,1,12,11,6,5,12,8,15,12,16,14,- -  -,
28116646,Jake Scrimshaw,ST (C),19%,12,10,10,8,12,12,16,11,14,12,10,10,10,10,13,5,7,10,9,10,9,16,3,5,10,10,10,3,9,9,3,4,10,12,4,11,2,3,1,1,3,2,2,3,2,2,2,12,12,5,4,10,5,10,12,10,13,- -  -,Wnt
67287667,Juan Carlos Arana,ST (C),19%,13,11,10,12,14,13,14,11,11,13,8,13,12,11,6,13,5,12,9,12,11,13,11,10,10,14,12,11,12,10,6,6,13,11,6,11,3,3,3,2,3,2,3,1,1,1,2,14,12,8,6,11,7,10,11,11,20,- -  -,Inj
2000167230,Frankline Tangiri,"M (R), AM (RL)",19%,12,14,7,3,7,13,8,5,11,9,8,9,5,12,18,11,10,6,4,6,8,7,8,11,13,8,9,5,6,6,3,4,11,6,7,10,3,2,3,1,3,3,1,1,3,1,2,12,16,5,6,14,11,13,11,11,11,- -  -,
2000094470,Nishan Velupillay,"AM (R), ST (C)",18%,14,10,6,10,12,10,6,6,10,10,1,12,6,9,10,12,3,11,6,7,8,8,7,4,14,13,12,6,7,8,6,5,9,10,1,7,1,2,1,2,3,3,3,3,2,2,1,11,12,1,7,3,5,9,11,12,11,- -  -,Loa
23464197,Yahya Al-Ghassani,"M (L), AM (RLC)",18%,12,10,10,12,11,12,12,8,11,11,12,11,12,13,16,13,7,11,9,13,11,11,10,12,12,10,12,7,8,8,8,10,12,8,10,12,3,2,1,1,2,3,3,2,2,1,1,15,13,3,13,12,14,7,7,15,7,- -  -,IPR
57109433,Anthony Carter,ST (C),18%,11,13,11,14,12,12,11,13,12,9,8,13,9,8,12,13,7,12,6,10,11,9,7,10,11,11,12,13,12,9,5,5,10,10,5,13,3,2,3,3,3,3,1,1,1,3,1,11,11,5,9,7,13,13,13,8,14,- -  -,
18110676,Omar Mussa,"M/AM (C), ST (C)",18%,10,9,8,5,12,12,12,8,5,8,8,10,8,11,9,12,5,9,9,11,11,11,11,8,10,8,11,11,6,9,4,6,11,5,6,13,2,3,1,1,3,2,1,1,3,1,3,10,10,4,3,7,4,12,14,8,13,- -  -,Set
89038587,Kieffer Moore,ST (C),18%,11,8,14,17,16,12,13,15,14,13,14,13,12,12,16,11,11,14,11,14,11,14,7,10,10,13,13,8,15,12,9,10,11,14,8,12,2,1,2,1,3,1,1,1,2,2,3,15,14,4,13,14,8,13,13,14,14,- -  -,
23414211,Ammar Al-Najjar,"M (R), AM (RL)",18%,14,12,14,4,12,13,6,6,7,9,10,13,7,10,12,13,10,6,7,13,12,14,13,12,11,12,14,11,5,11,10,3,13,5,4,12,2,1,3,2,3,4,3,4,3,2,3,12,20,4,14,2,8,10,11,13,13,- -  -,
29194059,George Alexander,ST (C),18%,12,10,10,10,14,13,13,7,15,10,12,10,10,10,12,7,9,12,5,11,10,15,5,9,11,10,9,7,8,5,3,3,7,12,5,11,1,2,3,1,3,2,2,1,2,3,3,13,12,4,10,6,5,12,11,5,9,- -  -,Wnt
91179557,Timo Bornemann,"AM (R), ST (C)",18%,13,12,13,13,13,14,13,12,11,11,11,10,12,11,13,12,8,14,6,12,11,12,7,9,12,10,13,8,10,8,9,5,9,11,5,11,2,2,3,2,3,1,3,3,3,1,1,13,13,6,13,13,5,13,13,11,13,- -  -,Loa
2000052649,Kevin Halabaku,"AM (L), ST (C)",18%,13,10,8,9,17,12,9,7,13,8,7,6,8,11,10,13,10,12,6,8,9,9,8,12,13,11,13,7,8,8,6,7,6,6,8,13,3,2,1,3,3,3,2,3,3,2,1,10,20,4,10,3,10,11,7,11,8,- -  -,
89071295,Jônatas,ST (C),18%,14,13,8,7,9,13,12,11,5,12,7,10,7,10,17,12,4,9,6,6,8,7,5,3,11,13,12,6,12,7,1,6,6,8,2,12,1,3,2,3,2,2,2,2,4,1,3,10,12,7,9,5,6,10,12,12,20,- -  -,Loa
2000035609,Alexandru Florescu,ST (C),18%,11,10,8,11,10,10,10,10,4,10,8,10,9,12,14,8,9,13,8,8,9,9,8,4,9,9,10,8,12,8,6,6,7,12,6,9,4,1,1,4,1,3,3,3,2,1,3,10,9,7,2,9,2,12,7,8,12,- -  -,
83261903,Luís Semedo,ST (C),18%,12,13,14,14,15,13,12,13,12,9,11,14,10,12,11,12,5,11,6,7,10,7,7,10,14,13,12,6,11,13,6,5,11,12,6,14,2,3,1,1,3,1,3,1,1,1,1,12,10,1,5,12,8,13,13,12,17,- -  -,Int
71100441,Mykhaylo Shestakov,ST (C),18%,13,11,13,12,13,12,10,11,12,11,15,12,11,9,15,10,14,11,8,12,8,14,6,7,9,14,7,5,12,6,6,4,8,13,5,8,2,3,1,1,2,3,1,2,1,1,2,9,13,3,9,6,7,12,9,15,11,- -  -,
29193934,Leon Maloney,"M (R), AM (RL), ST (C)",18%,13,10,11,7,14,13,12,11,8,10,9,9,8,9,7,10,8,11,8,9,10,10,8,11,12,10,9,5,8,7,5,4,10,7,4,9,2,2,2,3,1,3,3,2,3,1,2,12,11,4,5,8,10,11,13,10,10,- -  -,
29079002,Jack Marriott,ST (C),18%,13,13,12,8,9,13,9,10,15,13,12,13,7,9,14,12,9,13,6,10,11,13,9,12,13,15,11,11,12,12,5,5,10,14,7,13,1,2,1,3,3,1,3,2,2,2,2,15,13,5,6,10,17,14,14,12,10,- -  -,
2000105986,Arquimides Ordonez,"AM (RL), ST (C)",18%,10,11,10,13,5,9,11,7,7,11,10,15,9,9,4,5,13,10,7,8,9,7,6,10,9,11,13,8,7,8,3,5,8,3,8,9,1,4,3,2,3,1,1,3,1,2,2,11,18,7,6,3,8,10,11,9,12,- -  -,Loa
2000015041,Bismark Charles Kwarema,"AM (RL), ST (C)",18%,12,13,11,12,12,14,9,13,15,11,12,9,10,8,14,12,8,12,8,11,8,14,8,9,11,10,9,10,9,10,8,7,9,8,9,10,2,2,3,1,3,2,2,2,3,3,1,13,10,3,9,13,13,13,12,13,14,- -  -,
2000026687,Mohamed Touré,ST (C),18%,10,8,8,13,15,9,8,10,6,13,4,10,5,13,8,12,2,7,6,7,8,7,7,7,14,14,11,6,13,8,4,5,7,4,2,12,3,3,3,1,2,3,4,1,3,2,1,12,11,3,5,5,7,11,13,9,10,- -  -,
29160427,Callum Lang,"AM (RL), ST (C)",17%,13,11,13,10,9,14,12,11,14,11,11,13,11,10,15,14,9,13,7,10,8,15,5,9,13,13,12,8,12,9,2,6,11,7,9,12,3,2,2,3,2,3,3,1,1,1,2,12,12,6,9,13,11,12,10,14,11,- -  -,Wnt
96145652,Radosław Cielemęcki,"M (C), AM (RLC)",17%,12,12,7,6,10,11,10,8,11,11,10,10,10,8,14,15,8,13,9,10,12,10,10,8,13,7,11,9,7,9,5,7,9,7,7,12,3,1,2,2,2,3,3,2,2,3,3,13,11,6,10,12,3,15,12,12,11,- -  -,
2000130361,Daniel Smékal,"AM (C), ST (C)",17%,12,11,12,14,11,14,12,10,10,12,8,12,10,11,11,11,8,12,7,10,9,13,5,6,11,13,12,7,13,11,7,9,10,11,6,12,1,2,1,4,1,2,3,1,3,3,3,12,11,8,6,11,5,11,11,10,18,- -  -,
29060069,John Marquis,"AM (C), ST (C)",17%,11,11,13,13,13,11,15,12,14,10,14,11,11,10,15,10,10,12,8,14,8,15,4,8,8,10,10,9,12,10,5,6,10,13,11,11,1,2,3,3,1,2,3,2,2,2,1,13,11,8,10,15,7,15,9,11,6,- -  -,
49047810,Yanis Begraoui,ST (C),17%,12,12,14,12,14,12,12,14,5,12,13,11,11,11,13,12,5,12,10,11,12,11,10,11,12,11,12,10,10,11,4,10,12,10,9,13,3,3,3,2,1,1,3,4,3,1,1,14,11,8,6,7,11,12,10,11,10,- -  -,
49056366,Matthis Abline,ST (C),17%,13,14,11,8,12,14,12,13,10,12,12,12,10,10,13,13,10,8,7,10,11,11,9,8,12,12,13,9,8,10,6,6,12,10,6,13,1,3,1,2,2,2,2,3,2,1,2,14,11,3,10,10,5,14,12,8,12,- -  -,Wnt
96145475,Filip Szymczak,ST (C),17%,14,14,10,7,11,12,9,11,12,12,9,10,9,9,8,14,4,8,8,7,9,5,7,6,9,13,14,8,7,9,2,5,9,13,1,11,3,3,2,1,2,1,1,2,2,2,1,11,16,3,5,14,6,11,14,10,12,- -  -,
36531059,Dylan Borge,ST (C),17%,12,9,9,7,13,9,9,6,12,8,7,11,8,8,16,9,5,15,6,7,7,7,6,7,10,14,13,5,14,7,4,6,8,10,4,9,1,2,2,3,2,2,2,3,3,2,3,13,9,2,6,2,10,10,7,10,20,- -  -,
2000053798,Temi Babalola,ST (C),17%,14,7,5,15,11,11,6,7,5,7,7,7,6,6,3,14,12,10,6,5,6,5,4,7,9,10,8,6,13,7,5,5,6,2,1,6,1,3,1,4,1,2,3,2,2,1,1,11,5,5,5,13,8,12,12,9,12,- -  -,
13129752,Benjamin Tetteh,"AM (RL), ST (C)",17%,13,13,14,15,11,13,12,15,16,11,13,12,10,9,12,11,6,11,7,8,11,10,6,10,12,13,10,9,13,11,5,8,10,9,7,11,2,2,2,3,1,1,2,3,1,3,2,9,14,12,15,10,15,11,7,8,8,- -  -,Lst
2000136061,Felix Geisler,ST (C),17%,13,11,5,4,12,13,7,5,13,5,6,9,5,10,4,7,2,8,5,4,5,5,4,2,8,13,12,4,10,4,1,4,5,5,3,7,1,1,3,2,2,3,3,1,1,4,2,11,16,4,7,6,14,10,12,9,14,- -  -,
96142651,Hubert Turski,ST (C),17%,8,11,10,14,12,10,14,13,11,8,12,10,13,11,16,14,11,13,8,12,12,15,4,2,7,11,10,2,10,6,6,5,8,6,8,10,1,2,3,2,2,2,2,3,2,2,3,15,11,8,11,10,14,14,14,12,8,- -  -,
2000091572,Ilyes Housni,"AM (L), ST (C)",17%,11,11,9,10,14,11,10,9,10,12,7,10,9,13,7,11,11,10,6,7,11,10,8,14,11,12,11,8,15,10,3,7,11,4,4,12,2,1,2,2,1,3,3,2,2,3,1,10,18,7,9,6,13,10,9,9,10,- -  -,Loa
2000109847,Tomasz Mucha,M/AM (C),17%,13,13,6,6,14,13,13,5,15,7,5,4,4,10,8,10,9,7,6,7,13,8,6,6,8,10,13,6,3,6,1,5,6,3,5,10,3,2,1,2,1,3,1,3,2,1,3,12,19,1,9,7,13,12,8,11,19,- -  -,
2000014022,Rakan Al-Shamlan,AM (RLC),17%,12,12,9,9,15,10,11,13,10,8,11,11,8,14,10,9,11,13,7,8,9,13,7,7,13,7,12,11,5,10,4,6,15,11,4,11,1,1,3,3,4,3,2,3,2,2,3,12,10,4,5,9,16,14,11,14,20,- -  -,
2000205811,Jérémy Sebas,ST (C),17%,12,14,8,6,14,11,10,8,8,12,5,11,6,14,15,8,7,10,7,7,4,7,7,8,12,10,12,7,14,9,5,4,7,2,2,10,4,3,1,3,1,2,3,2,2,3,2,12,20,4,8,9,5,13,11,10,16,- -  -,
16282795,Thomas Geris,ST (C),16%,10,13,8,12,12,12,9,7,5,11,8,11,5,10,14,9,8,13,5,7,7,7,6,3,8,13,13,6,13,7,3,7,6,8,2,10,1,4,2,3,3,1,3,2,3,2,3,9,10,5,11,11,11,11,10,9,20,- -  -,Inj
29190781,Tyrese Shade,WB/AM (RL),16%,14,12,10,10,12,14,11,9,7,9,6,8,10,8,12,12,6,7,5,6,7,10,8,7,11,11,10,10,7,8,5,8,9,9,8,8,3,1,2,3,1,3,3,2,1,2,3,10,9,5,5,9,8,12,14,10,14,- -  -,
2002070232,Michael Francis,"AM (RC), ST (C)",16%,14,15,14,7,10,13,8,4,7,5,19,6,6,8,12,12,4,7,3,5,6,6,7,6,5,9,9,9,7,5,1,3,8,2,3,12,2,2,2,1,3,3,3,2,3,1,2,10,10,15,9,18,6,11,6,8,6,- -  -,Loa
2000044875,Alessio Besio,ST (C),16%,12,11,13,12,14,13,12,13,11,12,12,11,10,11,15,9,7,12,6,12,8,13,5,8,11,11,11,6,11,8,5,6,10,10,6,11,3,2,3,2,1,1,3,3,2,2,2,11,12,4,6,16,5,14,9,12,13,- -  -,Wnt
23340980,Nasser Ibrahim Al-Nasr,M/AM (C),16%,13,14,8,4,16,13,8,8,6,9,2,7,7,13,4,8,13,9,8,7,13,11,4,3,8,11,13,3,5,5,1,7,11,3,5,9,1,1,1,2,2,3,2,1,2,2,4,11,13,5,5,7,8,12,11,13,18,- -  -,
18110528,Charles De Ketelaere,"M/AM (C), ST (C)",16%,13,13,14,15,12,14,13,12,12,14,13,14,14,14,15,17,8,14,10,15,15,13,10,11,15,13,16,10,13,12,11,7,15,12,10,16,2,4,2,1,2,3,1,1,3,3,2,14,13,11,8,10,6,15,15,18,7,- -  -,
83261140,Francisco Conceição,AM (R),16%,15,16,11,6,13,14,11,8,13,12,15,12,11,11,14,19,8,14,5,8,12,13,13,12,16,11,14,12,6,11,3,4,13,11,5,15,1,2,2,2,2,2,1,1,1,2,3,13,11,16,14,13,3,15,5,6,7,- -  -,
49060571,Celyan Djattit,"AM (L), ST (C)",16%,12,11,9,9,13,12,10,10,8,11,7,8,8,8,9,7,8,8,7,10,6,8,6,10,11,10,8,6,8,9,5,5,9,9,6,11,2,1,1,3,1,1,2,1,2,2,2,10,8,11,8,7,9,8,10,8,9,- -  -,
37079090,Jaden Montnor,ST (C),16%,14,9,8,11,14,13,7,10,6,12,3,9,8,12,7,10,8,14,6,8,7,8,8,5,14,13,10,6,13,4,3,5,9,5,2,10,3,1,3,2,3,2,2,1,1,1,2,13,20,6,6,6,5,11,13,10,12,- -  -,
49058890,Leny Payraudeau,"AM (L), ST (C)",16%,13,10,4,11,9,9,8,8,8,10,5,10,8,14,4,9,10,9,6,8,7,10,8,10,14,13,13,7,14,7,5,7,12,6,4,11,2,1,3,2,2,2,1,3,3,2,1,15,15,2,5,12,7,9,10,12,18,- -  -,
96117682,Bartosz Bida,"AM (RL), ST (C)",16%,11,11,9,8,7,12,10,9,15,11,12,11,11,11,14,11,10,12,10,12,12,14,9,9,12,11,11,10,10,10,5,6,11,7,7,13,2,3,2,1,1,1,1,2,4,3,2,14,8,5,5,13,12,14,15,12,13,- -  -,
2000127533,Ben Speake,ST (C),16%,12,11,4,8,15,12,7,7,8,6,4,7,2,5,6,7,11,11,3,4,1,2,4,1,13,13,10,2,8,3,1,2,5,5,1,7,3,2,3,3,3,2,1,2,3,2,3,11,17,8,7,10,10,11,11,9,18,- -  -,
29141779,Victor Adeboyejo,"AM (RL), ST (C)",16%,12,13,13,14,14,13,12,14,13,12,14,10,13,10,15,8,5,13,9,13,11,14,6,8,10,11,11,8,11,11,3,8,8,11,6,10,4,3,1,1,2,1,1,1,2,3,1,13,10,2,7,10,4,16,15,12,16,- -  -,
49053833,Joe-Loïc Affamah,ST (C),16%,13,10,9,9,17,8,11,8,8,11,7,13,9,11,15,12,1,14,4,7,9,9,5,6,12,14,14,8,10,7,2,8,6,8,4,13,1,1,2,2,2,1,1,4,4,1,1,11,12,7,13,8,6,13,10,9,18,- -  -,
2000129734,Caio Henrique,ST (C),16%,12,9,6,5,9,13,7,6,10,13,3,7,1,8,14,15,9,11,6,5,6,7,4,6,13,13,13,5,13,6,3,2,5,6,2,10,1,3,3,3,1,1,2,3,1,2,2,12,20,5,9,17,8,12,9,10,15,- -  -,Loa
23208524,Saleh Al-Amri,M/AM (R),16%,16,16,13,8,12,15,13,6,6,9,8,11,11,6,7,11,11,12,4,10,6,13,11,10,14,14,8,11,6,10,11,1,11,7,2,7,2,2,3,2,3,3,1,1,3,2,2,11,14,1,9,8,6,11,14,13,10,- -  -,
83243056,Henrique Pereira,AM (RL),16%,14,14,12,8,14,14,11,9,11,11,10,13,12,12,15,15,9,13,7,11,12,11,8,12,14,12,12,7,7,10,5,6,12,10,5,12,1,2,2,1,2,1,2,1,3,2,2,13,14,6,6,10,5,15,15,12,16,- -  -,Opt
49060705,Salim Ben Seghir,"M (R), AM (RL), ST (C)",16%,13,15,8,4,12,13,11,6,5,11,7,6,7,10,11,11,9,11,6,8,9,6,7,10,10,11,10,11,9,7,3,5,12,6,7,11,2,1,3,3,3,1,3,2,3,1,2,13,10,8,10,7,9,10,11,9,11,- -  -,
49061718,Adel Mahamoud,"AM (L), ST (C)",16%,13,13,8,9,14,13,10,6,8,8,6,8,6,12,13,13,2,12,6,6,8,8,5,8,13,13,12,6,10,5,1,4,9,4,6,13,3,1,2,1,3,1,1,2,2,2,2,11,14,7,13,1,7,12,13,8,13,- -  -,
2000059092,Beni Makouana,"AM (RL), ST (C)",16%,15,11,11,10,12,17,11,10,8,11,10,10,8,11,14,13,8,12,5,13,8,13,4,10,12,11,12,6,7,8,4,6,9,7,5,12,2,3,1,1,3,1,2,1,1,2,2,13,12,8,7,12,9,14,14,9,12,- -  -,Inj
90077586,Ryan Edmondson,ST (C),16%,11,10,13,15,13,11,12,14,14,10,15,10,8,8,14,11,6,11,6,12,5,13,2,6,8,11,10,4,12,10,2,4,6,10,4,11,3,2,1,3,2,1,1,4,1,2,2,12,7,6,5,10,6,12,10,8,9,- -  -,
2000163491,Arion Sulemani,ST (C),15%,9,9,9,6,8,9,6,11,11,14,5,11,8,13,10,13,10,11,5,8,6,13,8,8,8,15,15,8,14,7,3,6,9,11,5,15,1,2,1,2,4,2,3,3,1,2,1,11,9,5,9,11,12,9,8,11,10,- -  -,Loa
96161496,Maciej Bortniczuk,"AM (C), ST (C)",15%,12,11,10,10,11,10,10,10,9,11,11,13,10,12,12,11,12,11,8,11,10,10,9,8,9,11,10,11,9,9,3,9,11,8,4,10,4,1,2,2,2,2,1,3,2,2,2,13,12,2,6,10,10,11,12,12,15,- -  -,
28127283,Jayden Smith,"AM (L), ST (C)",15%,14,10,7,5,7,13,12,7,7,10,5,5,7,12,11,12,10,10,6,8,7,9,6,7,9,14,9,6,11,4,3,5,9,5,5,12,3,1,3,1,2,3,1,3,2,2,3,10,17,7,9,14,10,13,10,9,12,- -  -,
84151682,Tician Tushi,"AM (L), ST (C)",15%,12,12,13,9,12,13,13,12,13,13,12,12,11,12,12,12,7,13,6,13,12,12,8,8,12,12,13,8,11,9,6,6,12,13,5,13,1,1,4,1,2,2,3,2,1,3,2,11,10,8,7,11,5,13,10,11,10,- -  -,
92023622,Elias Kachunga,AM (RL),15%,13,13,14,11,16,14,10,13,10,12,12,11,9,9,15,9,10,11,9,12,10,12,7,9,10,10,10,8,9,10,5,7,11,11,8,11,2,3,2,2,1,3,2,1,1,2,1,17,12,12,9,12,5,14,10,15,8,- -  -,Set
23416804,Tahnoon Al-Zaabi,"M (R), AM (RL)",15%,12,12,13,9,10,12,16,5,11,9,9,10,9,11,16,11,9,12,10,11,12,13,10,10,11,9,11,11,8,11,9,7,13,7,10,11,3,1,1,2,4,2,1,2,1,1,1,10,11,5,9,11,9,8,10,13,13,- -  -,IPR
2000048797,Gustavo Oliveira,M/AM (C),15%,13,13,11,8,12,13,11,9,12,11,10,12,11,12,14,13,7,12,8,12,13,12,9,10,12,10,12,8,9,11,8,9,12,10,8,12,2,3,1,3,3,2,2,2,3,1,2,13,10,8,8,14,7,13,10,12,11,- -  -,
2000069588,Cameron Arnold,ST (C),15%,10,13,9,12,12,14,11,11,6,7,8,14,9,12,15,14,8,8,6,7,6,8,5,8,9,4,11,7,12,8,5,5,8,8,6,10,2,4,1,2,2,3,1,1,3,1,4,9,8,8,8,7,11,13,12,10,12,- -  -,
2000043040,Josh Tollervey,ST (C),15%,13,10,7,12,13,10,10,7,11,10,7,13,5,8,9,14,10,10,5,7,5,8,7,4,10,9,8,6,10,7,1,5,8,4,1,12,3,2,3,1,1,2,2,2,1,4,3,11,8,7,8,7,9,11,12,7,12,- -  -,Loa
19388785,Saymon,AM (RL),15%,14,13,14,5,12,15,8,7,9,12,12,7,9,10,13,14,14,14,5,12,12,10,11,10,13,12,12,11,5,9,8,6,10,11,4,12,1,3,1,1,3,1,1,3,1,2,1,12,12,5,7,15,3,12,14,12,14,- -  -,
29056844,Tom Bradshaw,"AM (RLC), ST (C)",15%,11,13,12,10,14,12,14,11,14,14,11,12,12,12,14,10,7,15,8,14,12,16,6,10,10,14,12,6,12,8,4,6,12,13,6,10,2,1,3,1,1,2,1,3,3,2,1,12,12,6,5,13,8,14,14,11,15,- -  -,
2000037318,Matthew Reed,ST (C),15%,10,8,16,9,9,11,12,5,15,8,8,10,11,9,4,6,1,9,6,16,6,11,5,6,10,8,9,7,8,9,4,7,8,4,2,7,2,2,1,1,1,2,2,1,3,3,2,14,9,6,8,8,7,11,12,6,19,- -  -,
84156560,Bradley Fink,ST (C),15%,12,12,13,15,14,13,11,13,7,11,12,12,10,9,16,12,5,13,5,12,8,12,6,7,10,13,11,5,12,7,4,5,10,14,5,11,3,2,2,2,1,2,1,3,3,3,1,14,16,8,5,6,6,14,11,12,13,- -  -,
29174573,Tom Knowles,"M/AM (RLC), ST (C)",15%,12,10,9,11,12,12,14,8,11,10,10,8,10,9,14,9,8,9,7,9,8,12,6,9,10,10,8,8,7,9,12,5,8,6,9,9,1,1,2,3,4,3,3,2,2,2,4,13,8,2,11,12,3,13,8,10,10,- -  -,
37065620,Brian Brobbey,ST (C),15%,14,13,17,12,13,13,12,17,6,13,14,15,12,14,14,14,8,11,5,11,9,14,5,6,11,14,13,10,13,10,4,5,11,12,4,13,1,3,3,3,1,1,4,3,1,1,1,14,13,7,4,11,12,15,9,6,15,- -  -,
50071707,Jérémy Le Douaron,"M (R), AM (RL), ST (C)",15%,12,13,13,14,13,12,13,12,10,13,12,12,12,11,15,9,7,12,13,13,12,13,10,11,12,12,12,10,13,11,8,7,12,11,8,13,1,1,3,1,3,1,3,3,1,2,3,12,12,1,11,11,6,12,10,11,15,- -  -,
2000056924,Ladislav Krobot,ST (C),15%,13,14,3,11,14,14,7,7,10,10,8,11,8,11,13,11,7,11,8,7,5,8,6,3,12,10,13,5,14,8,4,5,6,8,1,12,2,3,1,4,1,2,1,2,3,3,3,9,10,3,6,4,10,11,13,11,16,- -  -,
16337587,Cem Üstündag,"M/AM (R), ST (C)",15%,13,11,9,11,12,11,9,7,8,11,5,13,4,12,16,8,8,14,8,9,10,10,5,8,14,14,11,6,10,7,5,5,9,10,8,10,3,2,1,3,4,1,2,4,2,3,2,13,14,4,11,9,7,11,11,12,18,- -  -,
2000212033,Abdulrahman Anwar,ST (C),15%,14,9,7,9,6,9,9,3,7,9,3,12,5,12,5,9,6,11,6,6,4,7,3,3,10,14,12,5,13,6,2,2,6,4,1,7,1,1,3,4,3,3,4,2,3,2,3,11,17,7,11,12,8,11,10,8,17,- -  -,Loa
2000015101,Adrian Żyła,M/AM (RC),14%,13,15,8,5,13,11,10,4,11,5,7,5,5,5,5,14,10,9,4,7,7,11,5,5,10,9,13,5,6,4,6,5,7,1,7,12,4,3,2,1,1,1,1,1,3,1,2,11,17,1,5,15,9,10,8,12,14,- -  -,
2000141205,Keegan Horan,"AM (C), ST (C)",14%,13,13,2,6,11,13,4,3,13,3,6,7,2,7,10,12,2,9,4,5,6,6,5,3,7,13,10,3,9,3,1,1,6,7,3,12,3,2,2,2,2,2,4,2,3,3,3,12,9,1,8,6,6,11,10,6,10,- -  -,
38047791,Dominik Cipf,"AM (RL), ST (C)",14%,12,12,11,9,16,12,10,8,10,12,6,8,8,7,7,13,7,12,6,8,8,8,13,9,13,11,13,12,8,8,8,4,11,1,4,13,3,2,3,3,4,2,2,3,1,3,3,12,11,4,5,8,10,11,4,10,13,- -  -,Inj
29194968,Dimitri Sea,ST (C),14%,11,12,9,8,13,13,11,11,9,11,9,10,5,8,16,13,5,10,6,9,7,9,6,4,10,12,11,8,10,11,5,6,7,7,5,14,3,1,3,2,2,2,3,2,2,2,3,11,7,6,9,11,7,10,14,8,13,- -  -,
49060116,Lucas Daclinat,ST (C),14%,11,10,11,11,13,10,9,6,12,12,5,10,7,8,15,9,11,10,8,9,11,13,7,6,15,11,12,7,16,8,2,6,13,7,4,11,1,3,1,2,2,2,1,3,3,1,3,12,8,5,9,7,12,13,10,8,12,- -  -,
22071728,Martin Minchev,"M (R), AM (RL), ST (C)",14%,14,14,10,9,11,14,11,10,11,9,12,12,10,11,14,16,7,12,4,10,12,11,9,11,14,11,12,10,6,11,2,3,11,13,5,12,1,3,3,1,1,2,1,1,3,3,1,15,12,7,8,13,8,15,13,13,11,- -  -,
91204663,Eren Dinkci,"AM (RL), ST (C)",14%,12,15,15,6,15,14,10,6,8,11,10,9,10,8,13,10,11,11,10,9,10,11,10,12,15,11,15,8,11,9,3,7,9,5,8,13,1,3,3,3,3,3,4,1,1,1,4,14,14,8,11,15,9,10,10,13,15,- -  -,
5130321,Lukas Jutkiewicz,ST (C),14%,9,7,15,16,13,9,12,15,17,12,14,11,12,12,15,7,13,11,9,15,10,15,7,10,9,11,11,7,17,10,9,5,12,15,7,10,1,1,1,2,1,3,1,1,4,4,3,15,13,6,11,10,5,16,13,11,10,- -  -,
29191224,Jack Vale,"AM (L), ST (C)",14%,14,12,12,12,12,12,13,12,11,10,11,12,10,11,12,9,8,13,8,11,12,14,7,8,12,13,12,7,10,12,7,7,13,12,7,12,3,3,3,1,1,2,3,3,3,3,2,11,10,4,4,12,9,14,9,12,12,- -  -,
2000083206,David Nekvasil,"AM (C), ST (C)",14%,11,9,7,4,17,13,9,6,10,10,8,9,7,12,6,9,8,12,5,7,7,8,6,7,11,12,14,5,11,8,1,4,8,8,3,10,2,1,2,3,3,2,2,2,3,2,1,12,9,2,14,7,11,14,11,10,19,- -  -,
37079095,Yusuf Barasi,"AM (L), ST (C)",14%,13,14,12,9,12,12,11,11,7,13,6,12,10,11,13,13,7,13,4,8,9,9,5,8,12,12,13,5,10,10,3,5,11,14,4,12,2,3,1,1,1,2,2,3,1,2,2,12,11,7,5,12,2,11,11,6,11,- -  -,Inj
2000026526,Kamil Chiliński,ST (C),14%,9,8,12,14,8,8,11,14,11,9,13,11,8,11,9,12,6,11,7,10,8,7,6,8,7,12,7,6,11,11,8,4,6,9,4,6,3,1,4,2,1,1,1,2,1,3,2,12,8,6,7,11,6,10,14,6,13,- -  -,
29012384,Daniel Powell,"M/AM (RL), ST (C)",14%,12,9,9,11,12,12,11,10,8,10,8,8,7,7,11,13,6,11,9,12,7,14,5,11,10,9,9,5,6,9,10,6,8,8,6,8,2,2,2,3,1,4,2,2,1,2,1,10,11,5,8,10,7,14,12,14,13,- -  -,
49038999,Ulrick Enémé Ella,"AM (C), ST (C)",14%,11,11,14,11,14,10,11,13,8,10,9,14,10,8,15,7,13,15,10,9,12,13,5,7,7,11,10,5,13,11,7,9,11,6,7,10,4,1,3,1,3,3,2,2,1,3,1,13,12,6,14,20,12,10,13,14,11,- -  -,
96162899,Mariusz Fornalczyk,AM (RL),14%,15,12,13,5,10,15,11,11,9,8,16,10,9,8,14,13,5,11,5,3,8,9,3,8,12,7,9,5,3,7,2,4,9,10,2,10,4,2,2,2,1,1,1,2,1,3,2,12,8,2,10,9,5,11,12,9,13,- -  -,
2000104850,Mathys Tel,"AM (RL), ST (C)",14%,15,12,12,12,15,15,11,13,8,11,10,12,10,9,16,16,12,12,7,11,12,11,11,8,14,12,12,12,12,11,3,5,12,14,6,14,3,3,4,3,1,2,4,3,2,1,3,17,13,7,6,14,5,11,15,17,16,- -  -,Int
96122116,Maciej Rosołek,"AM (RL), ST (C)",14%,13,12,12,9,12,13,13,9,10,13,15,11,10,10,15,10,12,12,7,12,9,14,6,9,10,13,9,8,13,7,6,7,11,12,6,12,3,4,2,2,1,3,1,3,2,2,3,13,12,8,8,13,2,12,12,10,7,- -  -,
29217405,Jack Holmes,"M (RL), AM (RLC)",14%,11,12,11,5,10,11,9,6,5,7,5,9,6,7,6,11,5,10,3,8,10,8,9,8,12,8,9,8,4,8,3,3,10,5,3,9,1,2,3,3,1,3,1,3,1,3,1,10,8,8,3,12,5,15,12,12,13,- -  -,
25062421,Pavel Osmančík,ST (C),14%,13,13,10,8,11,13,10,11,11,14,11,11,11,12,18,10,9,11,11,11,9,9,9,9,12,8,9,9,7,8,8,6,13,10,6,13,2,3,1,3,3,2,2,2,2,2,2,11,16,1,7,3,8,10,10,8,11,- -  -,
38067777,Dominik Kocsis,"AM (RL), ST (C)",14%,14,15,12,6,8,12,7,6,13,9,6,9,8,8,7,11,6,13,5,10,11,9,9,11,13,10,9,11,7,7,10,4,8,10,6,10,3,3,1,3,2,1,2,1,1,3,3,8,8,3,14,16,4,11,1,12,10,- -  -,Inj
49056282,Bradley Barcola,"AM (RL), ST (C)",13%,15,13,7,11,14,15,10,7,10,12,10,11,10,9,13,12,6,14,6,13,11,14,7,9,12,12,13,7,10,8,4,4,11,8,4,12,3,3,2,3,3,2,1,2,1,1,3,13,15,3,7,3,7,11,12,12,12,- -  -,
49057129,Sekou Lega,"AM (L), ST (C)",13%,12,13,11,14,14,12,9,12,5,11,8,12,8,14,7,15,8,11,4,11,10,8,9,13,11,11,12,9,9,9,9,3,15,10,3,11,2,1,1,1,1,2,3,2,1,3,1,13,11,4,8,11,8,9,11,12,17,- -  -,
95039162,Idris Kanu,"M (R), AM (RLC), ST (C)",13%,13,13,13,10,13,13,13,10,8,9,8,9,8,6,12,13,5,10,8,8,8,7,5,8,13,8,8,4,7,8,4,4,8,10,7,10,2,2,1,1,2,3,1,1,2,1,3,14,8,3,3,5,5,10,9,9,9,- -  -,
23181508,Saleh Al-Yazidi,"AM (R), ST (C)",13%,13,13,7,1,11,13,13,4,5,6,7,10,7,13,14,10,13,9,6,7,8,9,4,8,11,13,12,6,8,7,4,6,13,4,2,10,2,2,3,3,2,4,3,3,4,2,3,11,16,1,5,8,11,11,7,12,11,- -  -,
28122832,J'Neil Bennett,AM (RL),13%,15,14,13,10,14,13,11,8,7,7,10,8,10,9,8,14,12,10,6,9,11,11,10,8,12,8,8,10,9,13,10,9,6,5,7,10,3,1,1,1,2,3,1,2,2,1,2,9,13,5,8,16,5,9,11,13,18,- -  -,Wnt
64049018,Ali Olwan,ST (C),13%,13,13,9,8,14,13,9,10,9,14,9,13,4,12,1,11,13,14,3,7,6,9,4,4,13,13,13,6,11,4,1,6,8,9,3,11,2,3,2,2,2,1,3,3,1,2,2,12,16,7,14,13,12,9,12,13,18,- -  -,
8502440,Edin Džeko,ST (C),13%,11,8,17,16,19,11,11,16,8,16,14,13,14,15,17,12,14,13,6,17,14,13,4,11,9,17,16,8,17,12,4,5,15,13,7,15,3,1,2,2,1,2,3,2,4,1,3,17,15,8,10,14,4,20,13,7,10,- -  -,nEU
19377081,Igor Jesus,ST (C),13%,13,14,13,12,14,13,13,13,11,12,13,12,10,11,13,11,7,12,9,11,11,12,6,11,12,13,12,8,13,10,7,5,11,13,7,12,3,2,1,2,3,3,1,2,1,2,2,11,13,4,5,14,6,13,8,10,12,- -  -,
49061658,Ibrahim Karamoko,"AM (RL), ST (C)",13%,12,12,7,10,11,12,12,5,14,6,8,12,4,12,2,11,12,8,5,6,8,7,4,6,10,8,12,5,7,6,2,3,5,2,5,10,3,1,1,2,2,3,2,2,3,3,2,10,11,6,10,4,8,10,10,9,10,- -  -,
23087624,Ebrahim Habib,"AM (R), ST (C)",13%,11,10,7,10,15,12,12,5,7,9,12,11,7,8,3,9,13,12,8,7,5,9,4,7,11,12,14,3,10,7,1,3,11,5,6,11,1,1,3,4,3,2,2,1,1,1,1,9,11,6,9,5,5,12,14,10,14,- -  -,
89008104,Inih Effiong,ST (C),13%,13,10,12,11,14,13,14,15,6,8,10,7,6,7,11,8,2,9,5,12,4,14,2,4,11,12,7,8,12,6,6,3,7,6,3,9,1,1,2,2,2,3,1,1,3,3,2,7,7,9,6,9,5,11,14,6,11,- -  -,
19409389,Thiago,ST (C),13%,13,11,11,14,14,10,13,14,12,13,14,10,13,12,10,11,6,14,4,12,8,13,6,7,9,11,12,7,14,11,7,5,11,11,7,12,1,3,4,3,3,3,3,3,2,1,3,11,13,3,10,10,12,11,10,10,10,- -  -,
61093336,Karamoko Dembélé,"M (R), AM (RL)",13%,12,14,10,6,12,13,11,8,7,11,8,10,9,9,15,14,7,11,8,10,10,10,7,11,14,11,13,7,5,11,6,7,10,10,6,13,1,2,2,1,2,2,3,3,1,2,2,15,9,1,1,12,4,11,11,9,14,- -  -,
49060576,Alexis Lefebvre,ST (C),13%,13,12,9,9,13,13,10,10,10,12,11,9,9,9,11,10,9,9,6,11,10,11,8,11,12,12,10,8,7,9,5,5,10,11,5,11,2,2,3,1,1,2,3,2,3,2,2,11,10,9,10,10,8,11,9,11,7,- -  -,
2000015634,Adam Zimarino,"AM (L), ST (C)",13%,12,11,9,9,16,11,8,13,14,9,6,7,7,6,12,8,2,9,7,8,9,9,3,8,13,17,7,6,7,11,4,5,8,8,9,11,3,3,2,2,2,2,2,3,4,3,1,13,10,3,7,5,2,14,13,8,7,- -  -,Loa
2000025526,Hamza Abdallah,ST (C),13%,11,13,8,8,12,13,8,7,8,11,8,10,4,12,10,15,12,13,6,7,3,7,6,5,14,11,11,7,11,6,5,3,6,4,4,11,1,1,1,2,1,3,3,1,1,2,2,11,8,1,12,12,8,11,10,10,17,- -  -,
2000044333,Abdulrasheed Umaru,ST (C),13%,14,10,3,9,7,11,9,5,11,12,6,9,8,10,2,12,13,14,8,7,6,8,7,7,14,12,12,7,12,7,5,7,8,6,1,13,1,2,3,1,4,3,1,2,1,4,1,11,20,6,7,15,5,10,14,13,11,- -  -,
2000105956,Johan N'Ganzadi,"M (R), AM (RL), ST (C)",13%,12,14,11,6,15,12,10,14,15,11,8,8,8,10,18,13,12,11,7,11,9,11,10,11,13,11,14,8,10,10,10,5,13,7,9,15,1,2,3,2,2,2,1,3,1,2,1,12,12,8,12,7,5,11,12,9,13,- -  -,Inj
28044977,Omar Bogle,ST (C),13%,13,11,13,13,15,12,12,15,14,11,12,9,9,9,15,11,8,11,6,12,7,12,4,11,9,12,10,11,12,12,6,6,8,13,6,9,3,2,3,3,3,2,1,1,2,3,1,16,9,14,12,10,8,9,10,9,7,- -  -,
31042028,Josh Davison,"AM (RL), ST (C)",13%,13,11,14,12,9,12,14,11,12,12,13,9,8,10,10,8,5,11,7,12,10,16,6,7,10,9,10,6,10,7,3,5,9,8,7,10,3,1,1,1,3,3,1,2,1,2,3,11,11,5,3,4,15,10,11,13,13,- -  -,
96143927,Arkadiusz Pyrka,"M (R), AM (RL)",13%,16,13,8,8,13,15,10,6,9,8,8,8,7,9,14,10,12,9,5,9,7,10,9,8,9,4,9,6,4,2,8,5,8,5,5,10,3,2,1,1,3,1,2,2,1,1,3,12,15,1,10,7,5,10,12,7,10,- -  -,
57175904,Ştefan Pănoiu,"M (C), AM (RC)",13%,11,13,8,8,8,11,13,10,8,12,11,12,11,9,14,8,5,11,7,12,12,12,9,9,11,10,12,9,9,9,6,7,12,8,10,12,3,1,2,3,1,3,1,3,1,2,2,12,10,2,5,9,8,15,15,7,15,- -  -,
90037889,Conor Washington,"AM (RL), ST (C)",12%,14,12,14,10,14,13,13,12,12,12,12,11,9,12,14,11,7,13,6,13,11,16,7,9,10,12,11,8,10,11,6,5,10,13,6,11,2,3,1,1,4,1,3,1,3,2,3,12,11,10,9,8,7,13,10,11,14,- -  -,
96159204,Daniel Szelągowski,"M (L), AM (LC)",12%,12,13,11,10,15,13,13,11,11,10,13,10,7,10,15,11,7,8,6,9,8,10,5,8,12,10,12,6,7,10,4,6,11,6,6,11,1,3,1,3,3,3,2,1,3,2,3,15,11,5,7,17,6,13,13,10,14,- -  -,
13162056,Saliou Guindo,ST (C),12%,13,12,9,10,14,13,11,11,12,7,3,9,8,13,6,13,10,14,6,8,6,9,7,4,12,13,14,7,13,9,3,7,9,7,6,10,1,1,3,2,3,3,1,1,3,3,1,13,10,2,5,11,14,10,12,12,12,- -  -,
29063289,Scott Hogan,"AM (C), ST (C)",12%,13,14,14,10,12,13,14,10,13,13,13,9,10,9,17,12,8,13,6,12,11,14,7,10,12,13,12,8,13,11,4,5,12,13,6,12,1,3,1,2,2,2,4,3,2,2,3,16,9,5,7,11,12,15,12,12,12,- -  -,
2000093026,Asad Kasumovic,"AM (R), ST (C)",12%,15,11,9,11,11,11,10,9,11,7,3,10,2,7,10,13,10,10,5,6,9,9,8,7,11,12,13,6,11,6,4,5,11,7,4,8,1,2,1,3,3,1,2,2,1,1,1,11,13,3,8,4,8,11,10,10,10,- -  -,Loa
92092175,Josh Sargent,"AM (RL), ST (C)",12%,13,13,13,14,15,12,15,13,15,10,14,12,10,12,15,10,12,16,7,15,10,16,5,7,10,13,13,8,14,9,3,6,10,14,6,10,1,3,1,3,3,2,1,3,1,2,2,18,12,6,5,13,5,14,13,10,16,- -  -,
25061796,Oliver Velich,ST (C),12%,13,12,7,12,14,13,7,12,5,7,6,8,7,6,13,6,2,8,6,9,5,10,9,6,16,9,9,9,16,10,9,7,9,5,2,9,1,3,3,4,1,3,2,1,1,1,3,10,14,8,5,5,6,12,11,11,13,- -  -,
13221078,Jean Botué,ST (C),12%,11,12,6,12,12,11,9,12,11,12,5,12,7,14,12,12,7,13,8,9,11,11,8,9,16,11,10,4,12,7,5,6,10,5,2,13,2,3,1,3,4,1,3,2,1,2,1,12,11,5,13,17,4,11,11,8,10,- -  -,
61094101,Alex Lowry,M/AM (C),12%,16,14,12,12,12,16,14,4,4,9,5,13,9,6,11,11,3,11,5,7,14,6,10,10,13,12,12,14,10,12,6,6,11,8,7,14,2,1,2,2,2,1,1,2,1,3,1,10,11,3,5,5,9,13,9,7,20,- -  -,
2000051481,Adetayo Adedoja,ST (C),12%,7,6,6,5,14,9,11,7,11,11,2,12,2,12,11,10,9,6,3,5,5,6,4,5,7,11,7,5,7,5,1,3,7,5,4,7,3,2,4,1,2,2,2,3,1,3,1,13,14,1,12,10,9,12,11,9,11,- -  -,
23227499,Hazza Al-Hazza,ST (C),12%,13,13,12,10,9,12,12,7,11,12,7,12,11,9,5,10,14,14,3,5,4,8,5,3,13,15,9,8,10,5,5,2,6,12,2,12,3,3,2,1,2,1,2,2,2,4,1,10,14,3,13,3,12,10,12,13,17,- -  -,
37088406,Julian Rijkhoff,ST (C),12%,11,12,11,11,14,13,13,11,6,12,10,12,10,14,15,14,8,13,9,6,10,10,8,5,12,12,12,8,12,10,7,7,11,11,5,13,1,3,3,2,3,1,2,3,3,2,3,12,11,7,12,11,3,9,9,10,15,- -  -,Loa
49038940,Lucas Da Cunha,AM (RL),12%,12,13,13,7,12,13,13,8,9,11,7,11,11,12,15,15,7,13,5,13,13,10,10,13,14,8,14,10,7,11,6,6,12,11,6,16,3,2,1,3,3,1,3,3,3,2,3,13,11,7,7,12,12,11,10,16,18,- -  -,
12093134,Michael Owino,ST (C),12%,11,11,5,8,14,12,6,8,9,13,8,7,6,10,11,12,6,10,6,6,5,7,6,4,6,13,13,6,13,4,1,6,7,4,1,9,1,3,2,3,2,2,2,4,1,1,3,12,20,7,5,9,8,12,13,13,16,- -  -,
28105524,Jack Clarke,AM (RLC),12%,11,10,7,7,12,11,10,8,7,10,7,11,11,10,10,13,10,12,8,10,13,12,12,9,12,9,11,8,5,8,6,8,11,8,7,11,2,4,1,2,4,1,1,2,2,2,1,10,14,4,9,11,7,13,12,12,12,- -  -,Lst
49062236,Gaël Nsombi,"AM (RL), ST (C)",12%,13,13,9,5,12,13,8,9,5,13,9,9,9,10,13,13,11,12,6,12,11,11,7,12,13,9,12,9,5,9,3,3,11,11,3,12,2,3,3,2,2,1,3,3,1,1,3,12,18,2,8,2,10,10,11,14,20,- -  -,
2000061951,Vladimir Trabalik,ST (C),12%,12,8,7,8,12,11,8,7,8,9,4,13,4,7,6,14,2,13,7,6,7,7,6,2,13,13,13,1,13,6,4,3,3,7,1,9,2,1,3,1,2,1,3,2,3,1,2,10,10,3,7,2,15,11,9,11,19,- -  -,Inj
22072952,Georgi Babaliev,"AM (RL), ST (C)",12%,13,12,11,10,11,12,8,7,12,7,9,8,9,7,13,9,10,11,5,8,10,11,7,9,10,10,11,10,9,10,6,3,10,6,4,11,1,3,2,1,3,1,4,1,1,1,2,13,9,1,6,6,5,11,4,9,17,- -  -,Inj
37085284,Mees Rijks,"AM (C), ST (C)",12%,10,12,11,12,13,12,7,6,6,13,12,13,8,16,9,11,6,13,6,11,8,12,11,10,12,11,12,13,12,12,4,5,12,7,5,16,2,2,1,3,1,1,2,3,1,3,1,11,11,2,10,11,12,11,12,11,18,- -  -,
2000049711,Mateusz Kempski,ST (C),12%,13,10,3,13,12,11,6,7,11,9,4,8,6,9,9,12,2,13,6,5,5,6,5,4,10,13,10,4,14,6,3,1,1,2,2,9,2,3,3,1,2,3,3,1,1,2,2,9,8,7,13,6,11,12,9,10,20,- -  -,
37040604,Hakim Ziyech,M/AM (RLC),11%,14,16,12,10,15,13,15,9,13,17,13,13,10,10,14,17,11,14,6,12,17,12,14,14,14,10,16,16,10,14,7,6,15,13,6,16,2,2,4,3,1,3,2,3,4,2,2,14,12,12,10,14,6,15,15,16,12,- -  -,Set
2000062312,Marco Arambasic,"AM (C), ST (C)",11%,14,10,10,15,8,11,7,8,9,10,5,9,10,10,12,12,2,16,9,9,13,11,8,6,14,11,10,9,13,9,5,8,11,7,4,11,1,1,3,3,1,3,1,2,3,2,2,13,15,8,7,13,6,11,9,11,13,- -  -,
316563,Douglas,"AM (C), ST (C)",11%,9,10,10,10,11,9,9,9,10,10,12,10,11,9,16,13,12,11,6,14,12,13,5,7,8,10,10,7,11,9,4,3,8,14,6,10,1,1,1,1,2,3,2,3,2,3,2,11,14,10,11,14,5,12,12,9,13,- -  -,
5104411,Ian Henderson,"AM (LC), ST (C)",11%,7,8,10,8,19,6,10,8,13,14,11,12,10,11,15,12,13,15,6,10,13,14,7,10,9,12,13,8,9,11,2,5,11,12,6,13,1,3,3,2,1,1,2,1,3,1,1,9,11,11,10,8,7,19,10,12,6,- -  -,
2000098295,Silas Panshak,ST (C),11%,14,11,9,7,9,12,6,9,10,10,6,10,9,14,17,11,12,14,8,8,8,7,7,4,11,14,10,8,14,9,1,6,7,4,2,12,1,3,2,1,1,2,1,3,2,1,3,12,14,7,8,1,12,11,11,14,20,- -  -,
5112501,Jordan Bowery,"AM (RL), ST (C)",11%,13,9,12,12,10,12,13,12,9,9,8,12,11,8,12,11,5,10,6,15,8,15,4,7,11,10,11,6,8,8,7,5,11,11,6,11,3,3,1,1,2,3,3,1,1,3,2,9,10,8,5,14,5,13,8,10,8,- -  -,
2000185099,Luka Jovanovic,"AM (R), ST (C)",11%,13,14,7,6,14,14,7,6,8,8,3,11,6,10,3,8,6,7,5,5,7,7,5,7,10,13,13,5,6,6,2,5,12,8,3,8,2,1,1,3,1,2,1,3,4,1,1,12,6,1,9,11,9,12,11,8,13,- -  -,Loa
15089400,Kusini Yengi,"AM (R), ST (C)",11%,13,13,3,9,12,13,7,6,5,8,7,13,4,13,18,11,5,9,8,4,9,8,6,9,13,11,13,6,8,7,1,5,10,8,3,9,1,3,1,3,1,1,1,3,4,1,2,12,10,4,9,4,11,8,9,11,14,- -  -,
23442061,Ahmed Al-Sebaei,"M (C), AM (RLC)",11%,14,12,9,5,15,14,9,2,7,9,7,10,7,12,6,13,8,9,7,8,12,9,7,9,10,14,15,7,7,6,6,7,11,3,8,14,2,3,3,3,4,2,3,3,3,2,3,13,11,1,5,2,12,13,12,15,19,- -  -,
25062514,Lukáš Hrdlička,ST (C),11%,13,13,7,6,10,13,5,7,5,13,5,9,7,11,12,12,1,13,7,6,7,7,2,5,12,13,13,5,10,4,1,6,7,9,3,12,3,1,1,1,1,2,2,4,3,1,3,12,11,4,15,4,6,10,12,12,11,- -  -,
38066269,Barnabás Kovács,"DM, M/AM (C), ST (C)",11%,13,12,8,10,7,13,9,7,10,8,9,8,8,8,11,7,9,8,11,10,8,11,10,8,10,7,11,9,7,9,8,4,10,3,6,10,1,1,2,2,1,2,1,3,1,3,2,12,10,6,7,16,11,13,4,14,17,- -  -,
96150940,Dawid Kocyła,"AM (RL), ST (C)",11%,14,14,7,10,13,12,9,7,11,9,12,8,10,7,12,12,8,12,7,12,11,13,9,9,12,7,11,6,8,7,8,6,10,9,8,12,3,3,2,3,3,2,1,2,1,3,3,11,10,3,13,9,6,13,12,14,12,- -  -,
2000199031,Yousef Fawaz,AM (R),11%,13,15,8,5,11,14,6,5,6,11,8,5,6,6,9,11,4,9,5,7,8,9,7,12,14,12,12,7,7,4,2,5,7,6,5,11,3,1,3,3,1,2,3,3,1,3,2,12,17,1,5,10,11,14,11,14,11,- -  -,Loa
49060048,Alan Virginius,M/AM (RL),11%,14,14,6,7,13,14,12,6,10,11,10,11,12,12,12,13,6,12,6,11,12,11,7,11,13,11,12,7,7,10,6,5,12,8,5,14,1,3,1,3,2,3,3,1,2,3,1,13,12,10,7,12,7,13,13,12,10,- -  -,Wnt
2000045306,Rareş Ilie,"M (C), AM (LC)",11%,11,12,12,10,10,12,12,11,7,11,9,12,10,10,14,11,4,12,9,12,13,12,13,12,12,11,13,12,11,11,6,8,13,9,11,14,3,1,1,2,1,2,3,1,3,3,1,13,11,2,5,10,5,14,13,8,15,- -  -,Wnt
142173,Zlatan Ibrahimović,"AM (C), ST (C)",11%,7,8,17,18,20,7,7,17,16,16,18,15,16,15,20,20,20,15,4,13,14,6,3,11,9,17,19,14,15,14,5,3,14,13,3,18,4,2,2,2,1,2,2,2,1,3,2,20,18,20,16,18,15,20,5,6,5,- -  -,Lst
38058996,Alen Skribek,"AM (RC), ST (C)",11%,13,14,6,6,10,12,11,4,5,12,8,9,9,10,9,13,4,13,4,7,12,9,9,13,13,11,12,9,7,12,6,4,12,8,4,14,3,2,2,1,2,3,3,2,3,3,3,11,7,2,4,15,10,9,6,11,11,- -  -,
27148085,Christian Rasmussen,"M/AM (RC), ST (C)",10%,13,12,12,10,15,13,11,9,8,11,11,6,10,11,12,14,5,12,5,14,13,13,9,12,13,7,13,13,9,11,9,5,12,13,5,14,2,2,1,3,4,1,2,2,2,3,3,12,13,1,14,8,6,12,9,11,18,- -  -,
29146042,Colby Bishop,ST (C),10%,11,10,11,11,12,11,12,13,8,12,13,12,11,11,12,10,11,13,6,14,11,15,5,10,10,14,11,9,13,10,5,5,11,11,5,11,3,1,1,2,1,2,1,2,4,3,3,12,13,7,8,10,5,11,12,5,13,- -  -,
49048366,Isaac Lihadji,AM (RC),10%,13,14,13,7,12,15,10,11,8,10,10,11,10,11,13,12,7,11,11,12,11,10,6,10,12,11,13,7,9,10,1,5,11,8,5,13,3,2,3,1,2,3,1,1,3,2,2,15,12,5,10,10,9,12,11,10,10,- -  -,
52048002,Sean Maguire,"AM (L), ST (C)",10%,12,13,10,10,12,12,11,10,13,14,11,14,13,12,15,12,6,15,8,15,13,16,6,9,11,12,14,9,10,11,5,5,13,15,4,13,3,3,1,3,1,3,3,1,3,2,3,14,13,7,7,13,13,13,14,10,15,- -  -,
2000112651,Patrik Volter,"AM (C), ST (C)",10%,10,12,7,13,14,8,5,5,9,12,6,8,4,13,15,14,10,12,6,9,10,10,6,6,10,10,11,8,9,10,7,7,11,4,9,9,1,3,2,3,1,2,3,3,1,2,3,10,7,3,7,13,12,13,6,8,17,- -  -,
49039001,Noha Ndombasi,"AM (R), ST (C)",10%,14,14,9,5,11,14,10,7,7,12,6,8,9,9,12,10,2,6,9,8,6,10,8,8,14,8,14,8,13,8,4,7,6,5,8,9,1,3,2,3,3,2,3,3,3,1,3,14,13,1,7,9,12,10,12,14,16,- -  -,
92095068,Maximilian Breunig,"AM (RL), ST (C)",10%,11,9,15,17,12,11,12,15,9,9,12,11,12,11,4,9,9,14,7,11,9,12,4,9,9,9,9,7,13,8,4,6,8,7,9,8,2,3,3,2,3,3,3,3,2,3,3,11,9,3,5,8,11,12,11,4,12,- -  -,
67216151,Toni Martínez,ST (C),10%,13,13,15,14,16,14,14,13,16,14,15,13,11,12,16,13,10,15,7,13,10,13,7,9,11,15,14,9,16,12,8,6,11,10,7,12,1,1,1,1,1,1,3,2,3,2,4,14,13,9,14,14,4,16,13,9,10,- -  -,
16283774,Justin Forst,"AM (C), ST (C)",10%,15,13,10,8,15,13,10,8,8,10,8,8,9,7,3,9,8,10,7,9,12,11,9,10,13,14,15,9,15,9,7,8,11,5,6,11,2,2,1,1,2,2,3,2,2,1,4,10,8,3,8,5,8,8,13,9,11,- -  -,
15074791,Christian Theoharous,"M/AM (L), ST (C)",9%,12,12,11,8,7,11,10,2,9,10,6,15,10,15,10,11,10,12,9,10,5,10,9,11,9,7,11,9,10,10,5,7,16,4,10,12,3,4,3,1,2,2,1,2,1,2,2,11,16,5,15,11,8,11,8,11,20,- -  -,
15086032,Al Hassan Toure,ST (C),9%,13,12,13,11,14,13,8,13,9,14,5,9,9,13,15,14,1,14,10,9,8,14,9,5,14,14,6,8,15,10,5,8,10,8,6,8,4,3,3,3,1,3,4,1,4,2,2,12,18,6,10,14,10,10,12,14,19,- -  -,
52071817,Mark Sykes,"WB (R), M/AM (RC)",9%,12,13,14,11,14,13,13,8,14,10,7,14,11,11,18,14,4,10,11,10,12,12,2,11,13,12,12,5,8,11,3,10,12,6,9,12,3,2,2,1,2,3,3,1,3,1,3,16,13,6,8,12,2,14,13,15,11,- -  -,
2000148019,Dia Tchadjobo,"M (R), AM (RL), ST (C)",9%,14,13,7,8,13,14,5,4,8,8,8,7,6,10,16,11,6,8,4,8,9,5,6,7,12,10,10,6,7,8,6,4,10,1,6,11,3,1,3,1,1,2,2,4,2,1,2,12,9,7,10,1,13,11,10,8,18,- -  -,
28109945,Michael Obafemi,ST (C),9%,17,15,14,6,14,16,14,11,12,12,11,12,11,12,12,12,8,14,6,11,9,15,7,7,12,13,10,7,8,10,7,5,9,11,7,12,3,3,2,3,1,3,2,4,3,3,2,12,8,16,5,11,14,7,8,9,8,- -  -,
29120252,Josh Umerah,ST (C),8%,13,12,11,12,10,11,14,14,7,10,10,7,10,8,2,8,7,10,7,11,8,12,4,4,10,13,11,5,11,7,5,4,10,10,6,10,1,2,3,2,3,2,1,3,3,1,2,10,10,7,6,8,10,12,11,6,12,- -  -,Req
36161617,Bilal Mazhar,"AM (R), ST (C)",8%,10,13,11,9,14,11,9,11,9,13,4,10,8,13,3,11,12,12,4,8,11,11,5,8,9,11,10,8,12,9,4,8,15,3,5,10,1,3,2,3,3,3,3,3,1,2,1,15,10,4,5,11,5,11,6,11,19,- -  -,Int
2000055723,Oldřich Pragr,"AM (R), ST (C)",8%,14,13,6,4,13,13,4,6,12,10,7,9,6,10,3,13,9,10,6,5,6,6,5,5,11,6,9,4,13,5,5,4,9,3,3,7,2,3,1,3,1,3,3,1,1,2,3,11,9,4,12,6,9,13,14,11,16,- -  -,
