UID,Name,Position,Av Rat,Acc,Agi,Bal,Jum,Nat,Pac,Sta,Str,Agg,Ant,Bra,Cmp,Cnt,Dec,Det,Fla,Ldr,OtB,Pos,Tea,Vis,Wor,Cor,Cro,Dri,Fin,Fir,Fre,Hea,Lon,L Th,Mar,Pas,Pen,Tck,Tec,Aer,Cmd,Com,Ecc,Han,Kic,1v1,Pun,Ref,TRO,Thr,Amb,Cons,Cont,Dirt,Imp M,Inj Pr,Prof,Spor,Vers,Temp,Rec,Inf
98030084,Edimilson Fernandes,"D (C), WB (R), DM, M (LC)",6.71,12,12,14,13,12,13,14,13,13,13,12,12,12,12,13,13,4,12,12,12,13,11,13,12,12,8,13,12,11,12,7,12,13,6,12,15,1,1,2,1,3,1,3,3,2,3,2,12,14,14,11,13,11,10,11,19,13,- -  -,Wnt
5113149,Ashley Young,D/WB/M (RL),6.68,12,11,11,6,15,12,10,11,7,12,10,10,11,11,14,9,15,12,11,15,9,14,11,14,8,9,13,13,6,10,7,9,12,11,9,12,2,4,3,3,2,3,1,2,2,3,3,13,14,4,10,15,5,18,10,17,14,- -  -,Wnt
24026903,Alen Halilovic,M/AM (RC),6.73,13,16,14,6,10,11,10,6,6,11,5,13,9,11,11,16,6,14,6,8,13,7,13,12,13,9,15,11,5,13,4,5,13,12,5,16,3,3,2,3,3,3,1,3,3,2,2,16,8,14,8,10,12,10,8,13,10,- -  -,
67017094,Nolito,"M (L), AM (LC), ST (C)",6.92,11,9,11,8,11,9,10,7,14,13,13,14,14,14,10,16,14,15,9,11,13,12,14,11,13,13,14,11,8,12,5,3,14,14,9,14,1,1,3,2,2,1,1,2,1,1,2,14,13,12,14,14,7,10,7,13,10,- -  -,Opt
8169239,Mehdi Carcela-González,"M (C), AM (RLC)",6.71,10,14,9,6,12,11,4,6,8,9,14,10,9,13,4,18,6,13,7,6,14,10,12,15,14,11,16,12,7,12,2,4,14,12,6,16,3,1,2,3,2,2,3,2,1,1,3,2,10,11,4,12,8,7,10,14,8,- -  -,
43070623,Grégoire Defrel,"AM (RC), ST (C)",6.62,14,14,12,8,12,15,9,9,11,12,10,14,9,13,12,15,6,16,4,15,13,13,4,6,12,11,12,5,8,8,4,4,13,13,4,14,1,3,4,4,3,1,2,2,1,2,3,11,11,10,10,11,12,14,13,14,12,- -  -,Lst
39007034,Jóhann Berg Guðmundsson,"M (RL), AM (RLC)",6.74,13,11,13,13,15,12,13,11,12,13,10,14,11,11,14,13,5,12,11,15,14,15,12,13,13,11,12,14,10,13,5,7,13,14,7,12,3,2,1,3,1,3,1,3,2,3,3,16,13,4,4,14,13,16,14,11,13,- -  -,Wnt
43056489,Riccardo Saponara,"M (C), AM (LC), ST (C)",6.93,12,11,12,10,15,11,12,11,8,14,11,13,11,12,12,16,11,14,7,14,14,13,13,13,15,13,14,14,8,14,4,5,14,12,9,16,3,3,3,3,3,2,1,2,3,1,2,14,13,5,8,12,11,15,14,14,14,- -  -,Trn
2114395,Maicon Bolt,"M (L), AM (RL)",7.00,13,10,11,13,14,12,11,11,12,11,10,11,12,12,11,10,9,13,9,13,13,13,7,10,10,10,12,7,11,6,8,5,11,12,8,11,3,3,2,3,1,1,3,1,2,1,3,8,13,8,8,12,7,10,6,12,14,- -  -,
7509739,Spas Delev,"AM (RLC), ST (C)",6.91,13,14,14,5,13,12,9,5,14,10,8,12,12,8,17,14,11,13,5,11,12,15,12,12,11,11,10,13,8,10,2,3,12,12,6,12,3,1,1,2,1,2,4,3,1,1,1,14,15,15,9,14,10,9,7,16,5,- -  -,
85051005,Nasser Chamed,"M/AM (RLC), ST (C)",6.85,12,11,10,7,14,12,11,10,7,6,9,10,9,9,9,10,12,10,8,8,10,11,12,10,11,10,11,14,8,12,4,6,10,9,6,12,2,2,1,2,1,1,1,2,3,1,2,11,10,6,5,10,7,10,11,13,18,- -  -,Opt
53024940,Herolind Shala,"M (C), AM (RC)",6.91,12,11,10,7,12,11,12,7,14,12,11,11,12,11,17,10,8,13,10,13,12,16,12,12,13,10,13,12,7,11,2,9,14,12,11,14,2,4,2,3,1,1,3,4,2,2,2,15,14,12,8,11,10,13,6,14,6,- -  -,Wnt
1509231,Adrián,"AM (RL), ST (C)",6.87,9,11,10,10,7,10,9,9,12,11,8,14,10,13,12,14,7,14,6,9,13,6,10,10,13,13,15,7,11,10,5,5,12,14,5,15,1,1,1,1,2,1,2,2,3,1,1,13,13,9,6,14,15,13,11,8,12,- -  -,
43094535,Mattia Aramu,"M (R), AM (RLC), ST (C)",7.15,13,13,12,8,13,13,15,12,11,9,10,11,12,11,13,15,13,14,8,13,13,11,14,11,13,13,13,15,9,15,5,4,14,12,7,13,3,1,3,1,2,2,2,1,1,2,3,14,14,2,5,14,7,12,13,15,11,- -  -,Trn
28016965,Ji Dong-Won,"M (L), AM (LC), ST (C)",6.93,11,12,9,12,6,11,11,10,13,11,7,10,10,11,7,14,6,13,6,14,11,15,8,10,11,10,14,9,11,13,10,6,12,10,6,14,3,2,2,1,2,1,3,3,3,2,2,17,9,5,4,12,10,16,14,15,17,- -  -,
71000324,Yevhen Konoplianka,"M (L), AM (LC)",6.84,9,11,10,8,4,8,8,7,8,11,9,12,12,11,11,15,8,13,10,9,14,8,14,14,14,11,14,12,6,12,7,5,14,12,8,16,1,2,2,1,4,2,1,3,1,2,1,12,10,15,7,12,20,14,10,9,16,- -  -,Opt
43214539,Kristal Abazaj,M/AM (RL),6.78,15,14,13,10,10,16,10,9,5,8,10,7,8,6,10,10,5,11,5,8,10,10,5,11,13,10,12,11,5,7,3,4,12,7,4,12,3,2,2,1,3,1,3,2,3,3,1,12,13,3,5,1,14,9,10,12,11,- -  -,Lst
29000485,Miroslav Stoch,M/AM (RL),7.17,14,13,5,4,13,11,7,3,6,9,3,10,5,10,5,15,9,11,4,6,13,6,14,15,14,8,14,14,4,18,4,3,14,12,3,15,3,1,1,3,1,1,2,3,2,2,2,4,12,16,4,12,5,5,7,10,12,- -  -,Opt
65002504,Seydouba Soumah,"AM (RLC), ST (C)",6.88,13,13,8,6,12,13,8,7,14,12,9,11,8,7,13,16,5,12,7,10,14,10,12,12,14,12,15,11,5,12,3,4,13,13,6,15,1,2,3,4,4,2,3,2,2,2,2,14,14,15,8,12,7,7,11,14,11,- -  -,Opt
34002594,Ben,"M (R), AM (RLC), ST (C)",6.99,9,10,13,10,12,9,10,10,9,15,11,13,12,11,13,13,6,17,6,16,13,13,14,13,12,13,13,13,11,11,3,4,13,15,6,14,1,1,2,3,1,1,2,3,1,1,2,16,13,4,10,13,8,14,12,13,13,- -  -,
30024204,Jaime Romero,M/AM (RL),6.77,13,11,12,9,8,13,7,9,9,11,9,13,8,10,14,16,8,16,6,9,11,10,15,15,16,12,13,11,7,12,8,5,13,12,7,15,3,2,2,1,1,3,3,2,3,3,2,14,10,11,9,14,14,10,7,9,8,- -  -,Opt
21020551,Haris Duljević,"M (RL), AM (RLC)",6.97,12,13,14,11,12,14,10,13,10,9,14,10,11,10,13,14,8,11,6,8,13,11,11,14,15,10,13,12,7,15,8,5,12,9,7,14,3,1,4,2,1,1,2,2,2,1,3,12,11,9,9,11,10,12,9,12,11,- -  -,Inj
67175184,Burgui,M/AM (RL),6.96,13,14,10,12,9,13,10,10,9,12,8,12,10,10,10,17,9,13,10,11,12,9,11,13,14,11,14,11,8,10,8,9,13,12,9,14,2,4,1,4,2,1,3,1,3,2,3,12,8,6,8,12,10,11,12,14,20,- -  -,Opt
24003748,Duje Čop,"M/AM (RL), ST (C)",6.85,9,11,8,11,12,8,10,12,11,10,11,10,12,11,13,14,3,14,4,13,13,14,13,11,11,12,13,15,12,14,3,3,10,14,8,14,1,1,1,3,3,2,3,2,2,2,2,16,12,11,11,10,9,9,8,10,9,- -  -,
85092624,Kylian Hazard,AM (RLC),6.94,15,12,1,6,8,14,9,8,12,12,15,11,9,12,6,13,11,11,5,11,10,12,11,11,13,10,13,10,7,10,9,6,9,12,8,14,1,3,1,1,2,3,2,1,2,2,1,6,12,10,5,13,12,7,14,12,14,- -  -,
2000129249,Moustapha Camara,AM (RL),6.72,13,12,10,10,10,13,10,8,5,8,7,7,9,7,9,13,5,12,6,9,9,10,4,11,12,10,11,6,8,8,3,5,9,11,6,12,1,1,3,1,3,3,1,1,3,3,2,11,11,5,15,19,5,11,12,12,20,- -  -,Ask
45101371,Keita Endô,AM (RL),6.70,15,17,8,9,10,15,13,8,10,9,8,10,9,10,10,12,8,12,8,13,13,12,8,11,15,10,13,7,6,7,4,6,12,8,4,13,2,1,2,1,1,1,2,1,3,1,3,15,9,3,5,8,6,14,14,11,10,- -  -,
37024062,Yanic Wildschut,M/AM (RL),6.70,14,11,12,11,15,15,8,13,7,10,12,8,8,8,12,12,8,11,6,11,10,10,10,12,11,8,12,11,8,9,7,5,11,10,5,13,1,2,2,1,2,3,1,1,1,1,2,12,9,6,8,8,5,11,11,10,10,- -  -,Wnt
83000374,Yannick Bolasie,M/AM (RL),6.87,12,10,6,13,13,11,9,11,11,10,12,9,11,10,16,16,9,13,7,7,11,11,8,12,14,8,12,7,11,11,5,5,11,10,5,14,2,2,1,2,3,3,3,3,2,1,1,16,10,5,2,12,13,9,10,13,12,- -  -,
34001871,Floyd Ayité,"M (L), AM (RLC), ST (C)",6.82,10,12,11,7,13,12,12,8,9,11,11,11,12,9,11,11,6,13,8,10,11,11,10,11,10,12,11,11,7,10,6,4,11,10,7,14,2,1,2,3,3,2,3,3,3,2,2,11,12,8,9,11,12,12,14,13,14,- -  -,Opt
67129926,Borja Valle,AM (RLC),6.88,13,13,12,9,13,12,10,11,7,12,7,12,12,11,12,14,8,14,10,11,14,11,12,12,13,13,14,9,10,12,2,4,13,13,7,14,3,3,2,2,1,2,1,3,3,1,1,9,13,10,8,11,6,14,11,16,14,- -  -,Lst
1705606,Søren Rieks,M/AM (LC),7.05,11,10,12,12,14,11,11,11,14,13,13,12,13,13,14,12,14,13,13,14,13,14,12,12,11,10,13,12,10,13,10,10,13,12,11,13,3,3,3,1,4,1,2,2,2,1,1,11,15,10,12,14,16,16,11,14,7,- -  -,
18093596,Eric Ocansey,AM (RL),-,15,14,7,6,16,15,9,8,12,11,14,11,8,11,13,14,7,8,8,10,7,10,10,13,16,12,13,10,7,11,5,5,11,5,5,14,2,1,1,1,1,3,3,1,1,1,1,12,13,2,8,11,5,10,14,15,15,- -  -,Lst
24012011,Ante Erceg,"AM (LC), ST (C)",6.82,13,11,6,10,15,11,9,7,15,10,11,8,8,7,16,16,9,13,5,7,9,16,11,9,12,14,10,12,6,12,3,5,10,13,7,10,2,3,3,3,3,1,3,1,2,3,4,9,9,12,14,13,18,9,8,13,7,- -  -,Inj
11024555,Realdo Fili,"AM (RL), ST (C)",6.93,12,12,11,9,11,12,12,11,11,12,10,11,11,11,11,11,10,12,10,11,12,10,11,12,13,11,12,9,9,12,8,7,12,11,7,12,3,1,3,1,3,1,3,2,1,3,1,10,11,8,11,10,10,10,11,11,8,- -  -,Inj
43093393,Federico Ricci,"M (R), AM (RLC), ST (C)",6.70,12,14,9,7,13,12,14,9,11,10,12,12,10,11,12,16,7,13,6,11,10,12,10,12,12,10,13,9,7,12,3,3,10,11,6,14,3,1,2,2,3,3,3,1,1,3,1,14,12,3,8,9,5,13,13,15,11,- -  -,Ask
43252466,Christian Capone,"M (L), AM (LC)",6.98,15,14,10,9,13,14,13,13,10,10,11,10,12,10,15,14,11,12,6,11,11,12,11,12,12,13,12,8,7,11,7,4,12,11,6,12,3,4,3,1,2,4,1,3,2,3,1,14,15,4,4,15,5,15,13,16,11,- -  -,Trn
18045248,Alessandro Cerigioni,"AM (R), ST (C)",6.80,14,13,7,10,11,14,12,8,14,6,13,12,8,8,14,10,4,13,6,14,8,15,10,14,13,7,11,6,5,6,4,4,12,6,3,11,2,1,3,2,3,2,1,1,1,2,2,12,12,8,5,12,15,14,11,12,7,- -  -,
43044115,Cristian Galano,"M (R), AM (RC), ST (C)",6.71,12,12,12,5,16,11,11,12,10,10,10,12,10,12,13,14,6,15,5,10,12,13,13,11,12,13,13,13,5,14,5,4,14,12,5,13,2,2,3,3,3,1,2,2,2,1,1,13,13,5,7,12,7,13,14,13,13,- -  -,Opt
92065520,Choi Kyoung-Rok,M/AM (RLC),6.73,13,13,8,8,12,13,13,10,11,10,9,10,11,11,12,12,5,12,8,12,12,11,8,11,13,10,12,12,7,12,9,8,12,10,7,13,2,1,4,2,4,3,1,1,3,2,3,15,10,5,6,10,9,14,14,16,16,- -  -,Wnt
45061590,Fernando Andrade,"M (L), AM (RL), ST (C)",6.90,14,13,11,11,14,14,11,12,13,13,13,13,11,11,16,13,7,14,6,11,11,14,8,11,13,13,12,8,11,12,6,6,11,10,9,13,2,4,3,1,3,3,1,3,1,1,2,13,12,11,13,12,9,15,10,13,9,- -  -,Trn
43093542,Mattia Sprocati,"M (R), AM (RLC)",-,12,12,11,11,11,12,11,11,8,12,11,10,11,11,14,13,8,13,10,10,12,10,6,11,12,11,11,8,9,12,8,7,12,9,9,13,2,1,3,1,3,3,3,1,2,1,2,14,12,9,8,13,8,14,13,14,12,- -  -,
19028920,Dentinho,"AM (RLC), ST (C)",6.74,12,10,9,7,15,11,12,10,9,13,5,12,10,12,9,16,9,13,4,14,11,10,10,13,12,13,14,10,9,10,5,6,12,15,3,16,3,1,3,1,4,2,3,3,3,2,2,12,11,8,13,15,11,13,14,15,15,- -  -,
76010970,Avilés Hurtado,"AM (RLC), ST (C)",6.91,12,13,11,8,10,12,13,12,10,9,11,11,11,11,12,12,12,14,11,12,12,11,7,6,13,11,10,6,10,12,9,5,11,8,6,14,2,1,3,3,2,3,2,3,1,3,2,12,13,5,12,13,13,12,11,14,8,- -  -,Inj
91003881,Marc Rzatkowski,"DM, M/AM (RC)",6.66,12,13,8,7,11,11,14,6,13,12,10,11,9,10,12,10,8,12,12,12,13,12,11,12,11,8,12,12,5,13,6,8,15,9,10,11,4,2,2,3,3,3,1,4,2,3,2,13,10,6,5,7,11,14,12,14,11,- -  -,Lst
8169379,Steve De Ridder,"DM, M (RC), AM (RLC)",6.83,11,11,9,8,11,10,11,9,16,11,14,11,12,7,12,13,14,14,7,14,12,15,10,10,10,9,13,6,9,7,7,6,12,7,7,13,4,2,2,1,2,2,1,3,2,3,2,14,9,5,7,12,6,14,14,12,7,- -  -,
35007962,Yasin Öztekin,"M (L), AM (RL)",7.16,11,11,8,9,11,11,9,9,10,13,8,11,13,10,13,16,10,15,8,12,12,13,13,12,13,12,12,13,8,12,5,4,12,10,6,13,2,4,2,3,1,1,3,2,2,2,3,16,15,17,6,15,13,13,4,17,12,- -  -,Opt
211510,Saïf-Eddine Khaoui,AM (RC),6.83,14,14,12,10,13,14,13,12,8,11,10,13,11,11,11,13,6,12,9,12,13,13,12,12,13,8,13,9,8,10,6,8,13,10,9,14,3,1,4,2,1,1,1,3,1,1,1,14,11,10,10,12,10,12,11,13,11,- -  -,Trn
86005931,Del Valle,"M (L), AM (RL)",6.72,13,14,13,9,13,13,11,11,8,10,11,10,5,9,10,15,5,13,4,7,11,10,5,9,15,11,12,8,9,12,5,2,12,12,5,12,2,1,4,2,1,1,3,3,3,2,2,13,10,6,8,10,8,9,15,11,15,- -  -,Opt
43041139,Nicola Bellomo,M/AM (LC),6.60,11,11,12,9,11,11,11,9,13,10,11,11,10,10,12,15,8,13,7,13,15,13,14,14,12,11,14,13,7,12,4,5,14,9,8,14,3,4,1,1,2,3,1,2,2,2,1,12,12,7,15,11,6,11,7,15,7,- -  -,Lst
29084507,Gboly Ariyibi,"M/AM (RL), ST (C)",6.80,14,13,12,7,13,13,10,8,4,10,8,7,8,8,12,14,4,12,4,7,8,11,10,10,14,10,12,11,6,8,3,5,10,7,5,13,2,2,3,2,3,3,2,1,3,2,3,7,11,6,6,11,7,13,11,14,13,- -  -,
58058535,Serder Serderov,"M/AM (RL), ST (C)",6.89,15,13,9,8,11,16,14,8,13,12,7,12,10,7,12,12,8,13,4,7,11,12,8,8,12,11,11,9,7,10,3,3,9,7,4,12,2,1,1,3,3,2,1,2,3,3,2,12,10,7,7,12,7,12,10,12,7,- -  -,
37064613,Gaétan Bosiers,"M (LC), AM (RLC)",7.17,13,11,7,11,14,12,10,6,6,11,12,12,13,12,15,8,7,12,7,12,12,10,10,10,11,8,13,10,8,10,8,7,13,8,6,11,1,3,1,2,2,1,1,3,1,1,2,12,13,4,6,4,12,13,11,14,10,- -  -,
67080318,Óscar Plano,"AM (RLC), ST (C)",6.60,15,13,11,10,11,13,10,11,15,8,10,9,9,12,11,16,6,13,8,8,11,14,8,11,12,13,12,11,12,12,7,7,12,10,7,13,3,2,4,3,2,2,3,2,2,1,2,13,13,2,10,9,12,10,9,11,10,- -  -,Trn
91016677,Denis Thomalla,"AM (L), ST (C)",6.90,14,12,12,14,12,14,12,10,6,10,8,11,11,9,12,11,8,13,6,10,12,6,5,7,11,11,11,11,14,11,4,5,12,11,4,12,3,3,3,2,3,2,3,1,3,1,2,14,13,11,4,10,6,13,13,10,10,- -  -,Opt
16018571,Christopher Wernitznig,"M (RLC), AM (L)",6.82,13,12,10,10,12,13,13,12,7,12,12,11,11,11,13,11,12,14,11,12,9,13,9,7,12,11,11,11,8,7,7,9,12,11,10,12,3,1,3,1,2,2,1,3,1,1,2,13,14,8,13,12,9,13,4,7,11,- -  -,Lst
35002841,Fin Bartels,"M (RL), AM (RLC), ST (C)",6.80,13,13,8,6,11,12,9,4,14,11,13,9,9,10,14,15,7,14,7,11,13,13,9,10,12,10,13,8,9,12,5,5,11,8,7,12,3,1,1,4,2,2,1,2,2,3,2,11,12,9,8,11,13,14,12,17,9,- -  -,Opt
85007653,Mathias Coureur,"M (R), AM (RLC), ST (C)",6.75,12,10,11,8,11,11,8,8,6,13,7,11,13,11,13,13,11,13,7,9,11,10,10,9,11,13,11,10,9,10,6,3,10,9,6,12,2,2,3,3,1,2,3,1,1,1,1,12,14,10,6,13,8,14,10,10,9,- -  -,
16010166,Christoph Knasmüllner,"DM, M/AM (LC)",6.93,13,11,10,12,12,13,14,8,12,12,11,12,11,9,11,14,12,13,9,11,13,10,13,8,11,10,13,15,6,13,7,8,12,13,9,12,3,3,2,1,1,3,1,1,2,3,3,11,11,15,7,13,7,8,13,15,6,- -  -,
55067167,Sandro Lima,"AM (LC), ST (C)",6.91,12,12,15,13,14,11,13,13,15,10,13,12,10,12,14,8,7,12,6,12,12,14,8,10,10,11,11,9,12,11,4,6,11,12,8,12,1,3,3,2,3,1,2,1,2,1,3,14,13,9,13,11,7,14,11,12,11,- -  -,Rst
24039616,Ivan Fiolić,"M (C), AM (RC)",6.89,15,15,13,8,12,12,10,8,11,10,8,12,7,8,10,14,10,12,4,11,12,11,16,17,14,11,15,13,9,13,5,4,12,13,6,13,1,2,1,2,2,2,2,2,1,2,3,11,13,5,8,11,8,10,8,12,10,- -  -,Trn
29141175,Luca De La Torre,"M (RC), AM (RLC)",6.75,12,14,12,7,15,13,14,10,9,8,11,11,11,12,11,11,8,12,8,14,12,13,5,8,14,8,12,11,7,9,4,7,14,11,5,14,4,2,3,1,3,2,3,1,2,1,3,13,12,8,9,12,5,13,13,13,9,- -  -,Wnt
43159557,Simone Edera,"M (R), AM (RLC)",7.30,14,12,11,12,14,14,12,9,11,10,12,11,10,11,12,13,5,14,5,10,12,10,12,12,13,11,13,10,11,13,6,5,12,8,8,13,1,4,2,2,1,3,2,1,3,3,3,13,13,3,10,12,10,13,15,14,14,- -  -,Trn
5323573,Denys Oliynyk,"M (RL), AM (RLC)",6.70,11,13,14,8,12,11,9,6,10,12,13,11,10,12,10,14,8,12,5,9,13,7,16,14,12,12,13,11,8,13,6,3,12,11,4,14,3,1,2,1,2,3,2,2,3,1,1,15,13,8,8,14,6,13,10,13,15,- -  -,
16045726,Marvin Potzmann,"D (RL), WB/M (L)",6.70,13,9,12,13,12,13,13,13,9,11,12,10,11,11,13,8,10,11,13,13,9,12,8,11,9,7,12,4,10,9,9,10,11,8,11,12,2,1,2,1,1,2,1,1,4,4,2,14,11,7,7,9,8,15,13,12,13,- -  -,Trn
5204728,Aiden McGeady,M/AM (RL),6.74,9,11,12,7,11,9,10,7,8,12,6,12,10,11,11,12,11,13,7,10,13,10,11,15,9,11,10,12,5,13,4,3,13,10,7,14,4,4,1,1,2,2,1,3,1,2,1,11,9,11,7,15,14,14,13,10,11,- -  -,Inj
76048865,Andrés Sarmiento,AM (RL),6.94,13,12,11,8,12,13,12,11,9,12,10,10,11,12,12,12,5,12,9,12,10,12,11,13,13,10,11,10,7,10,8,4,11,8,5,12,1,1,3,4,3,1,2,2,3,3,2,11,15,1,8,3,14,10,9,11,11,- -  -,Lst
43039788,Nicholas Siega,"M (C), AM (LC)",6.67,13,13,11,8,13,12,13,9,8,13,9,11,12,10,11,15,5,12,5,12,11,15,9,13,11,6,13,8,8,9,8,6,13,9,6,12,1,1,2,3,1,3,1,3,1,1,1,8,12,5,7,15,3,11,12,11,6,- -  -,Lst
43049586,Giuseppe Mastinu,"M (C), AM (RC)",6.68,12,12,11,8,13,12,11,11,12,12,12,13,12,12,13,14,13,13,10,12,12,11,12,13,12,13,13,10,10,12,11,5,13,12,12,12,1,1,1,3,3,1,1,1,2,1,2,12,15,10,11,12,9,12,15,13,12,- -  -,Opt
48034497,Mamadou Thiam,"AM (RL), ST (C)",6.73,12,10,12,9,7,13,9,13,9,10,10,11,8,10,10,12,6,12,8,11,12,8,11,11,11,9,11,11,8,13,3,6,10,13,5,12,1,3,1,2,2,1,4,1,2,1,3,13,11,4,8,14,7,14,14,13,12,- -  -,Wnt
27020702,Bror Blume,"M (C), AM (LC)",6.86,12,13,8,8,13,11,14,7,8,12,7,13,11,12,14,12,5,12,8,16,13,15,11,11,12,10,13,12,4,13,3,4,13,10,5,13,2,1,2,1,2,3,2,3,2,2,1,13,13,2,5,12,7,13,15,14,17,- -  -,
91150290,Etienne Amenyido,"AM (RLC), ST (C)",6.73,13,11,14,12,13,13,12,12,12,11,14,11,11,11,9,10,7,13,6,12,10,13,5,7,13,11,12,7,10,8,7,7,10,10,8,13,2,3,2,4,1,1,2,3,1,3,1,12,13,14,6,12,7,7,12,13,11,- -  -,Wnt
28058332,Kenji Gorré,"AM (RL), ST (C)",6.79,15,16,12,7,13,15,11,10,10,10,6,13,8,8,13,18,3,12,6,8,11,9,7,10,16,12,14,10,4,12,3,3,11,12,5,15,1,2,3,3,3,3,2,2,3,1,2,15,12,6,12,9,5,12,10,11,12,- -  -,Inj
57119280,Silviu Balaure,AM (RL),6.87,12,12,9,9,12,13,11,8,11,14,11,12,11,10,12,13,15,12,10,13,9,13,13,10,10,11,11,11,13,12,11,11,13,14,9,10,1,1,1,3,2,2,2,1,3,2,1,10,12,5,11,12,9,13,13,10,14,- -  -,Inj
58110126,Nikolay Kipiani,"M (L), AM (RL)",6.99,13,14,7,8,7,12,12,8,11,7,8,7,8,7,14,7,5,8,6,7,10,8,12,12,11,11,9,3,6,6,4,4,10,8,7,7,3,1,3,1,3,2,1,1,3,3,1,12,8,4,13,5,5,11,12,10,13,- -  -,
71088109,Bohdan Lednev,M/AM (RLC),6.10,13,13,8,7,12,12,12,8,14,13,12,11,11,11,15,13,12,11,6,10,13,10,12,11,11,11,11,16,7,15,6,5,12,11,6,13,3,1,3,3,3,3,3,1,3,1,1,10,14,6,8,14,7,9,13,14,10,- -  -,Wnt
43266799,Muhamed Téhé Olawale,"M (L), AM (RLC), ST (C)",6.94,13,14,12,12,9,14,12,11,9,9,8,10,8,7,14,12,7,11,6,9,8,10,7,9,11,8,9,7,8,7,6,5,9,7,6,9,2,2,3,3,4,2,3,2,1,3,2,11,10,3,5,9,8,13,13,11,16,- -  -,
28005574,Martyn Waghorn,"AM (RL), ST (C)",6.70,12,10,14,8,10,12,12,13,13,10,12,9,10,8,13,14,10,11,7,10,12,14,13,13,12,10,12,14,12,11,7,4,12,15,8,13,1,1,1,3,2,1,3,3,3,1,4,11,12,10,5,14,9,12,7,15,6,- -  -,Wnt
1509441,Dani Rodríguez,"DM, M (C), AM (RLC)",6.66,12,11,12,9,7,13,12,9,13,12,12,13,12,14,17,13,13,13,8,14,13,14,10,12,14,13,13,11,6,16,3,5,12,10,6,13,1,1,1,3,1,2,3,3,2,4,2,14,15,6,6,11,4,12,10,9,12,- -  -,Wnt
45104266,Kyôsuke Tagawa,"AM (RL), ST (C)",6.70,14,14,9,10,13,14,11,11,7,12,9,13,7,9,11,13,6,10,5,8,11,8,11,13,14,12,15,8,7,14,8,4,10,9,7,13,3,2,2,3,3,2,3,1,2,4,3,11,11,6,5,8,11,14,12,12,14,- -  -,Trn
91140089,Fabian Reese,"M/AM (RL), ST (C)",6.88,11,13,7,13,16,14,13,9,17,10,14,12,11,10,16,11,8,14,9,14,11,16,6,9,12,9,11,6,11,8,5,5,9,11,7,11,3,2,1,2,3,3,2,1,4,2,3,17,11,5,7,14,4,14,14,15,17,- -  -,Trn
2000019509,Léo Scienza,AM (RLC),6.66,12,14,9,4,7,13,10,7,6,10,10,11,10,10,5,13,10,11,6,12,8,11,10,11,13,10,12,10,3,10,9,5,6,10,5,12,1,1,3,2,2,3,1,3,3,1,3,13,10,3,9,5,10,10,8,9,20,- -  -,Lst
16147458,Anouar El Moukhantir,"M (R), AM (RLC)",6.76,12,10,6,6,11,13,10,8,7,8,9,8,10,8,14,5,5,13,7,9,8,9,8,9,9,8,8,6,8,8,8,8,8,9,8,9,4,4,1,2,1,3,3,2,2,4,3,14,9,6,6,5,6,11,10,11,13,- -  -,
42064797,Aviv Avraham,M/AM (LC),6.64,12,12,11,9,10,11,12,12,15,11,9,12,11,11,14,11,6,14,12,13,13,14,6,9,12,8,11,6,10,12,2,11,11,9,11,12,4,1,3,3,3,4,2,3,4,3,1,14,13,6,10,12,12,10,11,13,12,- -  -,
18045775,Ibrahima Conté,"M (RL), AM (RLC)",6.89,12,15,10,7,11,13,6,4,11,9,11,12,9,9,8,14,8,13,6,11,7,11,10,8,14,12,13,10,6,10,5,3,11,12,6,15,1,3,1,3,3,2,1,1,3,2,1,14,13,12,12,14,11,6,6,11,8,- -  -,
37068862,Sékou Sidibé,AM (R),7.01,13,13,11,8,12,14,12,10,9,11,11,11,8,12,11,10,5,10,5,11,7,9,8,12,13,11,12,7,8,9,8,5,10,7,5,13,4,3,1,2,3,3,1,1,3,3,4,10,8,3,6,8,4,10,9,12,16,- -  -,Trn
29115801,Kasey Palmer,"M (C), AM (RLC)",6.63,12,13,11,11,14,11,11,13,9,12,11,11,10,9,13,16,7,11,9,11,13,12,12,10,12,10,12,15,7,11,8,8,11,12,8,12,2,2,2,2,1,3,3,1,2,2,1,15,10,4,9,11,15,15,13,12,8,- -  -,Ask
28000482,Junior Hoilett,WB/M/AM (RL),6.61,12,11,12,7,14,10,8,8,8,9,9,10,9,9,10,13,8,12,10,11,10,13,12,11,11,10,12,12,8,12,6,10,11,11,9,13,1,2,1,1,3,1,2,3,3,2,2,18,12,15,5,10,14,10,5,15,15,- -  -,Frt
13148175,Kwame Quee,"M/AM (LC), ST (C)",6.54,12,12,7,12,12,12,12,6,9,9,6,7,7,12,8,13,11,12,7,7,5,8,6,9,12,12,12,5,7,8,4,4,11,6,5,8,1,3,2,2,1,2,1,2,1,3,4,13,13,4,5,11,10,12,9,13,19,- -  -,
92099175,Julian Guttau,"M (L), AM (LC)",-,14,14,9,12,18,14,11,7,15,10,8,6,10,11,12,9,9,14,6,9,7,13,6,9,13,14,13,6,5,10,3,8,13,6,7,10,3,1,1,3,1,2,3,2,3,3,3,13,14,3,12,11,13,11,10,19,17,- -  -,Wnt
29198448,Danel Sinani,"M (L), AM (RLC)",6.86,14,13,13,8,10,13,11,11,6,12,9,13,10,11,13,15,11,12,6,11,13,12,14,13,14,13,11,13,5,12,10,5,13,11,7,15,3,3,1,2,2,3,1,3,1,1,1,12,10,5,2,12,4,14,13,9,14,- -  -,Trn
55046008,Zé Tiago,"M (C), AM (RLC)",7.02,10,12,12,6,11,11,8,6,7,11,12,13,12,13,12,11,11,14,8,12,14,11,13,13,11,12,13,12,6,12,6,6,15,11,8,14,1,2,4,3,3,3,1,3,3,3,3,13,15,10,7,12,5,13,15,13,11,- -  -,
83261899,Diogo Nascimento,"M (C), AM (LC)",6.68,11,13,13,5,13,12,12,8,8,10,7,11,11,13,14,14,14,12,8,10,13,8,13,12,14,10,13,12,4,9,5,5,13,10,5,13,2,3,2,4,1,4,1,2,3,1,2,14,12,7,5,12,6,15,14,12,19,- -  -,
2000028699,Denis Budinský,"M (LC), AM (C)",6.58,13,14,7,7,9,10,13,8,6,5,6,8,4,6,14,11,10,13,5,14,12,10,8,8,12,9,10,9,7,11,5,7,10,11,6,12,1,2,3,3,2,3,2,3,2,1,2,14,9,8,9,8,6,11,11,11,12,- -  -,Opt
57105823,Alexandru Buziuc,"AM (RL), ST (C)",6.84,13,12,11,7,11,12,11,11,9,9,12,13,12,10,11,10,8,12,10,13,12,13,9,13,11,11,12,9,11,10,6,5,11,5,6,9,2,1,3,2,2,3,1,3,2,4,1,13,10,5,8,9,6,10,6,6,18,- -  -,Opt
8447585,Alexandre Bonnet,M/AM (RLC),7.11,10,13,10,7,16,10,12,6,8,12,10,13,11,13,11,14,14,13,10,13,14,13,12,13,12,10,14,11,5,9,5,5,14,14,5,14,3,4,3,2,1,3,1,2,3,1,3,15,13,19,6,14,5,14,18,9,18,- -  -,
18089899,William Baeten,"M (RC), AM (RL)",6.85,12,12,10,9,11,12,12,10,5,10,11,13,12,12,14,8,10,12,8,14,14,14,11,12,10,9,14,9,8,13,9,7,12,9,9,12,3,2,1,2,1,3,4,1,2,4,3,14,12,5,4,10,2,14,10,16,11,- -  -,Wnt
18032128,Fayçal Rherras,D/WB/M/AM (L),6.80,14,10,12,11,10,14,12,12,12,10,16,10,9,9,14,14,7,12,8,11,6,10,7,10,10,8,12,10,8,10,12,8,11,9,10,12,3,4,3,1,2,3,3,3,1,2,1,12,12,10,13,10,15,9,8,15,8,- -  -,Opt
16189778,Mizuki Arai,AM (LC),6.86,13,15,14,6,12,12,11,7,11,11,12,12,9,11,10,14,7,11,6,8,12,11,11,12,15,9,13,5,4,10,11,4,11,11,8,14,1,2,2,2,2,2,2,4,2,1,1,11,11,6,9,10,8,13,10,17,12,- -  -,Trn
85084447,Kévin Fortuné,"M (L), AM (RL), ST (C)",6.98,11,9,11,11,15,12,12,11,10,12,14,12,12,11,15,12,8,13,5,13,10,12,10,10,13,12,12,12,10,11,4,2,11,10,5,13,1,1,1,3,2,2,1,3,1,4,2,14,13,6,8,13,2,12,13,14,15,- -  -,Opt
24039624,Domagoj Drožđek,"M (L), AM (LC), ST (C)",6.98,12,15,7,10,8,14,12,10,15,11,10,11,7,6,12,14,6,12,6,9,10,13,9,10,14,9,10,11,8,9,5,4,11,10,4,13,3,4,2,3,3,3,1,2,2,3,2,12,8,11,12,5,11,12,4,13,6,- -  -,
919707,Hatem Ben Arfa,"AM (RC), ST (C)",6.89,10,11,12,7,11,10,10,7,5,10,5,13,7,7,6,15,5,13,6,7,15,5,14,14,14,11,16,13,5,13,3,4,13,14,5,15,2,1,1,3,3,4,3,3,3,3,2,16,8,12,5,12,7,7,10,10,9,- -  -,
13128251,Jodel Dossou,"M (RL), AM (RLC)",6.64,14,14,10,11,12,12,12,11,11,12,12,11,11,11,13,11,10,14,13,12,11,13,7,7,12,12,12,6,6,5,5,9,11,11,9,13,2,1,2,3,1,3,2,1,3,1,3,13,12,8,6,11,9,13,12,13,9,- -  -,Wnt
55059892,João Mário,"AM (RL), ST (C)",6.79,14,11,11,9,13,15,12,11,13,12,11,9,8,7,13,16,7,12,8,8,12,9,8,10,11,11,11,6,11,10,8,5,10,12,6,10,1,3,3,2,1,1,2,3,3,3,3,12,10,10,10,14,12,13,9,7,12,- -  -,
25002616,Jan Vošahlík,"AM (RLC), ST (C)",6.83,11,8,11,11,13,10,8,12,11,9,12,7,8,10,9,16,8,6,4,8,7,9,12,10,13,12,14,8,13,9,10,7,12,14,5,14,1,1,3,3,2,1,3,1,3,3,2,9,11,10,12,11,6,8,10,10,10,- -  -,
28055992,Jonny Williams,"M (LC), AM (RLC)",6.90,10,12,12,5,12,11,10,6,6,13,11,12,12,13,11,13,11,11,7,12,12,11,11,10,13,9,13,10,7,9,4,6,13,10,6,13,3,1,3,2,3,3,2,3,2,2,1,12,13,5,6,12,16,13,13,8,12,- -  -,Opt
13129304,Seth Paintsil,AM (RL),6.84,18,14,7,5,12,18,12,9,10,7,9,9,9,9,13,12,5,13,7,12,8,11,5,8,9,5,7,8,5,6,6,6,7,6,6,8,2,2,1,1,2,2,2,1,3,4,1,11,11,6,1,5,7,9,11,12,15,- -  -,Opt
43061090,Andrea D'Errico,M/AM (RLC),6.92,12,13,9,6,14,12,13,7,8,11,13,12,11,11,13,15,15,12,7,9,12,12,11,12,10,12,12,10,7,12,4,6,12,14,6,13,2,2,3,1,2,3,3,4,1,3,1,12,16,8,13,12,7,13,14,15,13,- -  -,Wnt
43061399,Filippo Falco,"M (C), AM (RC)",7.20,13,14,13,5,11,12,10,8,7,10,12,11,10,11,10,14,5,14,8,12,13,12,13,13,14,10,14,14,10,13,6,5,14,13,6,15,3,3,1,2,1,3,2,3,2,1,1,13,14,13,6,13,11,11,13,12,10,- -  -,Wnt
92099199,Aygün Yildirim,"AM (RL), ST (C)",6.69,14,12,11,10,13,12,11,7,11,8,7,14,10,13,17,10,5,12,5,9,12,11,9,12,13,11,11,6,12,8,6,5,12,10,5,11,2,2,1,1,3,2,1,4,2,3,2,12,16,8,14,7,5,10,9,10,15,- -  -,
58073887,Alexandr Tashaev,"M (L), AM (RL)",6.81,13,12,11,9,8,13,11,10,8,10,11,11,11,9,16,6,7,11,9,11,10,11,11,10,12,9,11,12,8,10,8,8,12,10,9,12,3,3,4,4,2,2,3,1,2,3,1,14,9,3,7,12,10,16,5,10,16,- -  -,Lst
67192945,José Naranjo,"AM (LC), ST (C)",6.68,13,12,8,9,10,12,11,10,9,12,9,11,11,10,9,13,10,13,5,8,11,10,8,11,12,11,11,11,10,10,6,5,10,11,4,12,3,1,1,3,4,1,2,4,1,2,2,10,11,10,9,14,8,9,12,12,11,- -  -,Opt
59075855,Giorgi Kharaishvili,"M (L), AM (RLC), ST (C)",6.96,13,13,10,10,11,12,12,10,11,12,10,13,11,11,11,12,7,12,8,11,13,12,13,12,13,12,13,14,8,14,6,8,13,9,8,14,2,3,1,2,2,1,1,2,3,1,1,12,12,6,7,9,7,11,11,9,11,- -  -,Wnt
33050031,Ilmari Niskanen,WB/M/AM (RL),6.73,15,12,11,6,14,14,9,8,6,7,11,6,12,7,14,7,8,10,11,11,8,16,10,11,11,7,9,10,4,7,8,9,9,9,8,9,3,1,2,2,3,3,3,1,1,3,3,13,11,3,5,12,12,13,15,17,16,- -  -,Wnt
70046132,Emrah Başsan,M/AM (RL),6.73,14,12,11,8,12,11,11,9,10,10,9,10,11,9,7,14,9,9,7,12,12,13,14,14,13,11,14,13,8,15,8,6,14,9,5,14,1,2,2,3,1,1,3,2,2,2,1,13,12,6,9,12,4,11,8,14,11,- -  -,Wnt
19020620,Kanu,"M (C), AM (RLC)",6.76,10,8,10,15,15,10,7,11,8,12,7,9,6,6,12,16,7,15,8,5,13,12,13,9,13,9,12,13,13,10,7,4,15,12,8,15,1,2,1,4,1,3,1,1,2,1,4,13,10,17,5,12,8,5,12,13,7,- -  -,
67120790,Alberto Perea,"M (L), AM (LC)",6.73,13,12,10,7,10,11,10,8,11,13,9,10,9,10,12,13,8,12,6,7,13,7,11,12,17,10,15,10,8,12,8,4,12,10,6,15,3,4,1,3,3,3,2,1,4,1,3,12,11,7,8,12,9,11,10,10,13,- -  -,
20046468,Ulysses Llanez,"M (RL), AM (RLC)",7.04,14,13,8,6,14,14,10,7,6,11,7,11,8,8,11,14,4,12,5,11,12,9,11,11,14,11,12,11,4,11,3,4,11,12,6,13,3,2,3,3,3,3,3,1,1,1,1,12,12,13,2,10,4,10,15,13,16,- -  -,
2000057026,Dani Queipo,"M (L), AM (LC), ST (C)",6.96,12,12,12,5,8,12,10,10,13,11,10,9,10,13,13,10,11,11,11,13,12,11,13,12,12,9,12,13,8,10,7,9,12,13,9,13,3,1,2,3,1,2,2,2,2,1,1,13,15,3,5,3,7,11,11,12,15,- -  -,Trn
72007487,Mac Kandji,"AM (RL), ST (C)",6.86,11,9,11,13,10,10,7,13,14,11,8,11,10,12,8,14,12,11,5,10,12,8,3,9,12,10,13,9,13,9,7,6,10,9,8,14,3,1,3,2,3,10,3,1,2,3,2,13,10,14,11,11,6,10,14,12,12,- -  -,
42000881,Shlomi Azulay,"AM (LC), ST (C)",6.90,8,9,12,12,12,10,9,10,8,11,12,10,11,12,12,11,12,12,9,12,11,11,6,10,11,9,9,11,11,9,6,5,11,11,6,10,1,1,1,1,1,3,1,2,3,2,2,11,13,6,4,12,6,11,12,8,9,- -  -,Opt
59094837,Giorgi Kokhreidze,"M (L), AM (LC), ST (C)",6.90,14,13,11,6,13,14,7,7,11,10,5,12,9,13,13,10,10,13,8,6,6,11,8,11,13,14,14,8,6,9,4,8,13,10,9,11,2,1,4,1,4,3,4,2,1,3,2,9,17,7,7,7,7,11,8,13,14,- -  -,Inj
25019790,Jiří Skalák,M/AM (RL),6.78,11,12,11,8,8,13,14,7,7,9,11,10,11,9,12,12,7,11,8,10,12,10,15,14,13,10,10,13,9,14,9,9,9,13,6,10,3,1,3,3,2,3,1,2,2,3,1,11,10,4,9,7,10,12,8,13,10,- -  -,Trn
42054315,Ya'acov Brihon,"M (R), AM (RLC)",6.73,12,13,13,8,14,11,11,8,12,13,9,9,8,9,13,16,10,15,11,12,10,10,10,12,13,9,13,7,6,8,5,4,12,9,5,13,2,2,4,3,2,1,3,1,1,3,1,12,9,5,9,12,4,11,12,11,12,- -  -,
16184831,Daniel Nussbaumer,"AM (L), ST (C)",6.67,12,13,12,14,13,13,12,13,7,12,10,9,10,11,14,7,5,12,7,12,12,13,4,8,11,12,12,5,10,7,4,9,12,7,10,11,3,2,1,2,1,2,2,3,2,3,1,12,11,7,4,6,4,12,13,14,13,- -  -,
67277459,Marvin Park,M/AM (R),6.83,16,14,10,8,14,15,12,8,9,9,8,9,8,9,10,12,2,8,5,9,12,11,10,11,14,11,10,11,4,9,9,3,12,5,7,12,2,3,4,2,1,3,3,2,4,1,1,11,9,2,7,8,5,10,12,20,12,- -  -,Trn
78087721,Juninho Rocha,"AM (RLC), ST (C)",7.09,16,15,8,7,15,11,11,5,14,8,5,9,6,8,5,15,7,11,5,8,10,7,11,13,15,12,15,13,7,14,7,4,11,9,4,15,2,3,3,2,3,2,1,1,1,3,2,10,7,2,10,12,10,11,6,13,18,- -  -,
55041745,Rúben Macedo,M/AM (RL),6.79,15,14,8,6,13,15,11,6,13,10,11,10,7,9,12,14,8,13,6,8,12,9,9,9,14,8,14,7,6,11,4,5,9,9,7,12,3,4,1,4,2,2,3,4,1,1,3,11,11,8,14,10,11,13,8,11,10,- -  -,Wnt
16045714,Stefan Savić,"M (L), AM (RLC)",7.01,13,14,9,7,8,12,10,7,10,11,11,11,9,10,9,14,8,13,7,8,13,10,12,12,13,10,12,8,6,8,3,4,12,11,4,13,2,2,3,3,2,1,2,2,3,2,2,9,13,14,8,12,8,12,10,15,11,- -  -,Opt
2000161955,Mika Baur,"M (R), AM (RC)",6.98,13,11,9,6,17,13,8,6,5,10,8,12,5,11,18,12,1,10,7,8,10,12,9,12,10,10,9,5,5,3,6,5,9,5,7,13,2,3,2,1,3,4,1,2,3,1,3,12,15,6,8,14,5,12,11,13,19,- -  -,
28084866,Jake Hesketh,M/AM (RLC),7.01,10,11,7,7,12,10,11,4,16,10,13,11,9,11,11,13,8,10,5,10,12,12,8,11,13,8,12,8,8,9,7,9,13,9,10,13,2,1,3,1,4,2,2,4,3,3,1,13,10,8,7,11,15,12,9,13,7,- -  -,
66040823,Go Jae-Hyeon,"M (L), AM (RL)",6.77,13,12,11,9,9,12,10,8,11,12,13,9,11,8,16,9,7,11,11,11,10,8,9,14,13,12,12,9,7,8,9,10,13,12,10,13,1,3,1,3,1,3,3,2,2,1,2,9,15,1,5,9,8,9,11,12,11,- -  -,
89037951,Kaiyne Woolery,"M (L), AM (RL), ST (C)",6.90,13,10,8,9,13,16,10,12,7,10,9,8,7,7,14,11,5,12,5,10,10,12,5,9,13,10,10,7,12,7,7,6,10,8,6,12,1,1,1,2,3,3,3,2,1,3,1,13,10,4,2,6,3,8,12,11,11,- -  -,
67144727,Nono,M/AM (RL),7.02,13,11,14,5,12,11,12,7,10,10,10,11,10,11,13,11,9,13,7,14,10,13,9,11,12,10,13,9,5,10,8,4,9,11,5,13,1,3,2,1,4,1,3,2,3,2,2,13,13,6,5,10,11,13,13,13,12,- -  -,
70079833,Ozan Sol,"AM (RL), ST (C)",6.86,14,14,10,9,12,13,10,9,7,14,7,11,8,9,10,12,7,14,5,7,11,8,6,6,13,13,11,8,7,10,4,3,10,11,5,13,3,2,4,3,1,2,1,3,2,3,1,12,13,3,5,14,10,13,12,10,13,- -  -,Opt
28090339,Harry McKirdy,"AM (RL), ST (C)",6.68,14,13,8,7,10,14,11,5,8,11,4,12,6,10,8,14,6,11,8,5,12,7,9,11,14,15,12,11,3,10,4,5,11,9,6,13,3,1,3,2,3,1,1,3,2,2,2,15,12,18,17,11,12,6,3,8,5,- -  -,
52079649,Ronan Curtis,"M (L), AM (LC), ST (C)",6.94,12,12,13,11,12,12,12,12,14,11,8,9,10,11,11,13,7,11,10,12,11,13,9,11,12,12,11,13,11,13,4,4,11,13,7,12,3,4,2,1,3,3,2,3,1,3,3,15,12,11,12,11,4,9,10,6,7,- -  -,
29139359,Jodi Jones,"M (C), AM (RLC)",6.70,15,11,10,6,13,14,11,9,8,8,7,11,10,12,17,17,6,10,8,11,7,14,6,10,14,10,12,11,3,8,1,5,12,7,5,13,2,1,3,3,2,4,2,1,2,3,1,16,12,5,5,11,14,15,12,13,11,- -  -,Wnt
59065840,Luka Zarandia,"M (RL), AM (RLC), ST (C)",6.81,13,12,7,8,7,13,10,8,10,9,13,8,12,11,14,14,10,12,5,8,8,12,10,11,13,9,12,10,7,9,9,6,10,6,5,14,2,3,1,2,1,2,2,1,1,2,1,7,12,7,9,12,15,7,7,16,14,- -  -,Rst
98032095,Dimitri Oberlin,"AM (RL), ST (C)",6.66,17,13,10,11,12,17,10,8,11,8,8,10,8,8,8,14,4,11,4,8,8,10,4,9,11,11,9,7,9,8,4,4,9,9,6,9,1,2,2,3,2,1,1,2,3,1,2,13,6,16,5,11,7,8,9,8,12,- -  -,
19262160,Talles,"M (L), AM (LC)",6.63,13,12,12,7,12,13,12,7,11,12,10,10,11,10,12,12,14,13,8,9,9,8,8,9,12,8,11,10,7,10,9,8,10,6,8,11,2,1,2,1,1,3,3,3,2,2,3,11,11,2,8,6,11,11,9,16,19,- -  -,Req
61080840,Fraser Murray,"M (C), AM (LC)",6.76,11,11,13,10,11,13,11,8,2,11,8,14,11,12,12,12,1,11,10,10,14,10,10,9,13,5,13,12,6,13,9,7,14,5,9,13,2,1,3,3,3,2,1,1,2,3,1,12,13,3,7,8,5,13,11,12,13,- -  -,Frt
57084150,Ionuţ Vînă,"M (C), AM (RC)",6.65,12,13,12,7,14,12,10,11,11,10,11,10,11,10,11,13,9,12,9,12,14,11,10,11,12,13,12,13,11,12,5,9,14,8,9,13,4,3,1,2,1,3,2,1,3,3,3,10,11,5,7,10,8,13,12,11,11,- -  -,Lst
38017473,Azevedo,"M (RL), AM (RLC), ST (C)",7.16,11,12,6,7,6,10,10,5,6,12,7,11,6,10,11,16,9,12,6,7,12,9,9,11,14,12,14,11,8,12,10,4,13,15,5,15,1,1,3,2,2,2,1,1,1,2,1,8,13,10,7,14,10,10,10,8,10,- -  -,Wnt
67248166,Óscar Arribas,"M (LC), AM (RLC), ST (C)",6.89,12,12,10,8,12,13,12,10,9,12,13,10,11,13,3,13,6,13,8,12,12,13,10,12,13,12,11,7,8,10,10,7,13,9,8,12,2,2,2,1,1,1,2,3,3,1,2,11,12,8,7,13,6,11,11,15,20,- -  -,Wnt
67131429,Rubén Martínez,M/AM (RL),6.78,13,13,5,5,12,12,10,7,8,12,12,11,12,12,10,14,9,12,11,13,13,12,12,13,13,12,11,10,3,11,12,8,12,12,8,12,1,1,4,3,1,3,3,2,2,2,3,12,13,2,10,11,6,9,12,16,14,- -  -,Opt
39003414,Kristinn Steindórsson,"M/AM (RLC), ST (C)",6.80,10,7,10,7,13,10,9,5,11,10,7,13,10,9,11,6,5,12,10,11,14,10,9,11,11,11,13,11,9,10,6,6,13,10,7,13,1,3,3,3,2,4,3,2,1,2,2,12,13,4,7,14,9,14,13,8,9,- -  -,Inj
61073667,Kyle McAllister,AM (RLC),6.71,13,11,10,8,8,14,12,6,7,10,6,11,8,6,16,14,6,13,7,9,13,12,12,12,13,10,10,12,6,12,7,6,12,8,5,13,2,3,2,3,1,4,3,2,2,2,2,17,6,4,3,12,18,9,10,12,13,- -  -,Opt
53084524,Cheikhou Dieng,"M (L), AM (RL), ST (C)",6.62,16,13,8,9,8,15,12,8,8,10,10,9,9,7,11,12,6,14,6,9,9,13,9,9,10,8,8,8,9,11,9,9,9,9,7,7,3,3,3,3,2,3,4,4,3,1,1,13,10,4,7,8,10,11,11,6,14,- -  -,Wnt
16332544,Renato Babić,"M (RL), AM (C)",6.50,12,15,8,8,11,13,7,4,12,9,2,5,7,10,5,14,4,8,5,7,5,8,7,9,8,13,13,6,5,8,6,5,11,1,8,9,1,2,3,2,3,2,4,2,2,2,3,13,17,7,5,2,8,14,9,10,9,- -  -,Wnt
28116006,Finn Azaz,"M (C), AM (RC)",6.76,12,12,12,11,8,12,13,12,8,11,6,13,10,10,13,13,9,13,10,10,12,11,8,9,12,11,14,5,6,11,5,7,13,10,9,14,2,3,1,1,3,2,3,2,3,1,3,13,8,8,6,13,10,11,13,9,10,- -  -,Trn
37053167,Desley Ubbink,"M (LC), AM (C)",6.75,11,11,13,10,8,11,10,12,6,12,9,11,12,11,12,13,9,11,9,11,13,11,12,13,12,8,14,12,10,11,8,4,14,11,4,13,3,4,1,1,3,2,1,3,1,3,3,9,11,5,10,8,14,12,12,15,12,- -  -,Trn
37013183,Danny Verbeek,"M (C), AM (RLC)",6.72,12,12,11,10,8,12,10,7,11,11,11,12,10,10,3,13,6,12,8,11,10,11,11,12,10,5,11,13,8,9,11,4,11,13,6,13,2,2,3,3,3,2,3,3,1,2,3,11,10,8,9,9,9,11,14,14,13,- -  -,
42038669,Niv Zrihan,"M/AM (RL), ST (C)",6.77,11,13,13,9,7,13,7,10,7,10,9,9,10,9,6,13,5,10,8,7,11,8,11,12,12,10,11,11,5,12,7,7,11,9,8,13,3,2,2,1,3,1,3,2,1,2,2,8,7,15,10,10,14,6,11,9,8,- -  -,
85096423,Grégory Berthier,M/AM (RLC),6.84,13,12,10,8,13,13,12,9,8,11,8,12,10,13,9,11,8,11,6,11,13,12,13,10,12,9,13,13,5,12,4,6,13,6,5,13,1,3,1,1,3,2,1,1,2,1,3,13,11,15,10,5,7,10,10,13,15,- -  -,Wnt
70079734,Burak Süleyman,"M (L), AM (RL)",6.76,13,14,12,4,11,12,8,7,13,12,10,11,10,11,12,15,10,11,3,10,13,5,12,10,14,10,14,12,3,11,3,4,14,13,4,16,3,4,1,2,2,2,3,3,3,1,2,12,12,10,10,13,8,10,12,11,15,- -  -,Opt
13170677,Terrence Tisdell,M/AM (R),6.80,15,12,8,9,12,15,13,8,9,7,12,7,8,8,12,13,5,8,5,10,7,13,7,10,12,8,11,8,7,10,4,4,8,7,5,10,2,4,3,2,1,3,3,2,3,2,1,10,11,6,8,8,4,11,10,13,17,- -  -,
356951,Jamie Murphy,"M (L), AM (LC)",6.85,11,11,10,10,12,11,10,9,8,12,9,12,9,10,10,11,7,13,8,12,12,13,8,11,11,12,13,7,9,11,6,6,12,14,8,12,2,1,3,1,2,3,2,1,4,2,3,12,10,4,9,11,5,17,13,14,12,- -  -,
24048042,Mateo Monjac,M/AM (RL),6.92,12,10,12,13,13,12,11,11,8,12,9,11,12,12,15,11,10,12,8,10,10,11,10,11,10,11,12,10,8,10,6,5,10,12,5,12,3,2,3,2,1,2,4,3,2,2,3,9,13,8,5,11,6,11,11,13,12,- -  -,Opt
2000023402,Alvyn Sanches,M/AM (RLC),7.00,12,14,10,8,14,13,12,7,8,11,7,13,10,12,14,14,7,11,7,12,11,11,10,9,12,8,13,8,6,9,3,4,12,8,5,13,3,3,3,3,4,3,3,2,3,1,3,14,18,5,11,9,12,13,10,14,14,- -  -,Trn
64003800,Nik Omladič,"M (RL), AM (RLC)",7.15,11,12,11,9,12,12,9,7,9,8,10,12,11,8,12,15,7,13,7,8,12,9,15,13,13,11,13,15,6,14,8,7,13,12,7,14,1,3,3,3,3,4,3,2,1,1,3,14,13,8,6,12,9,15,8,16,10,- -  -,
16067272,Fabian Miesenböck,"M (RL), AM (C)",6.90,13,12,9,7,11,14,13,10,12,9,11,11,9,10,12,6,8,13,10,12,10,12,8,10,11,9,11,7,7,7,9,8,13,9,8,10,3,4,2,3,3,2,1,1,2,3,1,10,10,7,6,8,6,9,10,9,12,- -  -,Wnt
5208350,Steven Lennon,"M (LC), AM (RLC), ST (C)",6.94,9,5,9,7,10,8,8,6,7,13,9,13,10,13,8,8,5,14,10,7,14,11,12,13,13,13,11,10,6,15,3,8,12,11,5,12,2,2,2,2,1,1,2,2,2,1,1,9,13,12,6,9,11,11,12,11,13,- -  -,
91108285,Okan Aydin,"M (RL), AM (RLC)",6.74,14,15,7,7,9,10,11,7,8,10,8,14,9,11,9,14,5,14,6,10,13,14,10,11,12,9,13,14,6,15,3,5,12,10,5,13,3,1,3,2,2,1,3,3,2,1,3,12,13,10,11,13,9,10,10,14,10,- -  -,
2000079007,Hong Yun-Sang,"M (RL), AM (RLC)",6.63,13,13,8,7,15,13,11,8,11,11,9,11,9,9,11,12,4,12,6,12,12,12,7,10,12,11,12,6,8,8,3,6,12,9,6,12,3,3,4,3,4,1,3,3,1,2,3,12,12,2,6,7,5,15,12,13,15,- -  -,
24057193,Matej Vuk,"AM (L), ST (C)",6.62,13,14,10,9,11,13,10,8,8,11,8,9,8,11,13,10,6,9,11,8,13,14,7,10,14,12,9,7,11,12,6,6,11,10,7,13,2,3,1,1,2,3,1,1,3,1,1,11,8,2,6,1,7,11,11,10,15,- -  -,Wnt
29021380,Marley Watkins,"M (L), AM (RL), ST (C)",6.61,12,9,10,12,13,12,14,12,11,11,12,6,11,8,14,13,5,11,10,12,10,13,7,9,12,8,10,7,11,10,5,8,12,6,8,13,1,1,2,3,3,1,2,3,3,2,2,15,10,3,4,10,15,14,13,15,11,- -  -,Ask
19084175,Felipe Azevedo,"M (L), AM (RL), ST (C)",7.24,11,12,10,6,10,11,13,8,8,12,12,11,11,11,10,13,10,11,11,14,11,14,8,9,11,11,12,8,10,8,7,5,11,12,5,11,2,2,2,4,1,2,1,3,1,3,1,4,12,9,7,12,9,8,12,14,4,- -  -,Lst
27119475,Gustav Marcussen,"M (RL), AM (RLC)",7.05,12,12,8,7,12,12,9,6,13,9,9,10,9,8,12,13,5,11,5,12,11,11,8,8,12,11,12,8,4,11,3,3,11,9,3,12,2,2,2,2,3,1,1,2,3,2,3,10,10,6,5,12,7,12,12,14,12,- -  -,Lst
38015353,Roland Ugrai,"M (L), AM (RLC), ST (C)",6.72,11,12,11,8,10,11,9,6,8,12,9,11,8,10,8,14,8,13,6,6,12,7,12,12,12,13,12,13,8,13,6,7,12,13,6,14,3,1,2,3,3,1,2,3,2,1,3,16,9,14,6,14,11,7,9,11,10,- -  -,Opt
58030928,Ilja Kukharchuk,"M/AM (LC), ST (C)",6.84,14,13,10,11,12,13,12,10,14,10,10,12,7,10,13,13,9,13,6,12,8,12,7,9,13,11,12,8,7,13,6,5,8,6,9,13,3,3,2,3,1,3,1,2,2,4,2,17,14,4,4,14,8,13,14,16,13,- -  -,Frt
70106697,Sedat Şahintürk,AM (RL),6.79,14,14,10,5,12,13,10,6,5,7,10,12,11,8,8,13,6,12,7,10,13,9,7,13,13,10,12,8,6,13,4,5,13,6,7,14,3,3,4,1,1,1,1,3,3,3,1,10,14,1,5,2,11,11,13,14,17,- -  -,
19020625,Júnior Dutra,"AM (RLC), ST (C)",6.77,11,11,9,13,11,11,7,12,14,10,13,12,11,10,11,12,8,11,5,11,10,11,8,10,12,12,12,10,11,12,5,6,11,11,7,12,4,4,2,1,2,1,2,2,2,2,3,11,12,9,11,11,13,10,6,14,11,- -  -,
55072239,Pité,"D (L), M (C), AM (RLC)",6.82,12,11,8,12,12,12,11,10,13,13,12,11,10,11,11,15,6,12,8,10,12,11,12,12,11,8,12,13,12,13,9,8,12,12,12,14,2,2,3,3,2,1,3,1,4,3,2,8,12,6,6,10,6,12,10,16,10,- -  -,
24056835,Leo Mikić,"M (L), ST (C)",6.71,12,12,12,12,13,12,13,13,15,11,8,8,9,13,12,6,13,12,8,13,11,11,7,10,12,9,15,4,8,9,4,9,11,3,10,16,1,2,2,2,2,1,2,3,3,3,2,9,11,7,8,6,7,11,9,15,9,- -  -,Wnt
71101744,Ostap Prytula,"M (R), AM (RL)",7.16,13,13,8,3,12,13,9,5,9,9,9,7,8,13,16,12,12,13,7,8,9,10,8,12,13,8,10,7,6,5,7,7,11,2,6,12,1,3,1,2,1,1,2,4,4,3,1,10,19,6,7,18,7,12,11,15,15,- -  -,
27128907,Jonathan Amon,M/AM (RL),6.59,17,16,11,7,10,14,8,6,9,14,9,5,5,5,9,15,3,13,3,11,8,13,7,10,15,9,14,7,5,10,5,3,12,9,3,14,1,4,3,4,3,3,2,2,3,3,4,15,7,5,3,8,17,13,12,13,11,- -  -,
7587969,Rok Kronaveter,"M (C), AM (LC)",6.81,10,9,9,8,12,9,10,7,12,8,8,11,11,9,10,15,10,11,11,9,13,11,12,10,9,10,11,13,6,13,7,5,13,14,6,13,3,1,1,2,4,1,3,2,3,1,3,11,15,13,7,11,14,13,12,13,11,- -  -,
58015344,Nikita Burmistrov,M/AM (RC),7.00,11,11,9,11,15,11,11,7,13,12,12,12,12,13,13,10,13,12,10,12,13,15,12,10,11,9,13,12,8,12,9,4,13,12,8,12,1,3,3,2,1,3,2,2,2,3,1,9,18,14,8,10,6,14,14,8,12,- -  -,Opt
29087449,Sullay Kaikai,"M (L), AM (LC), ST (C)",6.78,12,13,12,10,14,13,11,11,6,11,8,12,11,10,13,13,5,13,4,10,13,10,11,13,14,12,13,11,7,11,5,6,13,11,7,13,2,3,1,2,2,1,3,3,1,2,1,16,7,4,5,9,11,12,13,15,14,- -  -,
92065355,Ryu Seung-Woo,M/AM (RLC),6.50,14,15,7,7,13,12,10,5,13,11,9,10,7,9,12,13,4,13,5,13,12,16,9,9,12,10,13,8,6,9,3,5,11,8,6,13,3,3,1,2,2,1,3,3,2,2,2,16,12,5,5,11,4,13,11,12,14,- -  -,
57058384,Florentin Matei,M/AM (C),6.77,12,12,10,8,10,12,9,8,8,11,10,10,9,10,10,14,6,10,8,8,12,9,13,12,15,8,13,14,7,11,5,8,14,12,7,15,3,1,1,2,2,2,2,2,1,2,2,13,15,9,5,10,8,10,9,12,12,- -  -,Opt
55041627,Marcelo Lopes,"M (LC), AM (RL), ST (C)",6.68,13,12,9,7,10,12,11,10,8,10,9,12,10,9,10,13,10,11,6,10,11,10,8,11,10,8,10,7,5,4,2,6,10,5,4,10,1,1,2,3,3,3,1,3,3,4,2,11,8,8,8,10,10,11,9,13,12,- -  -,Opt
71042868,Andriy Totovytskyi,"M (C), AM (LC)",6.80,12,12,13,12,12,12,12,11,8,12,10,12,9,11,15,13,12,12,10,10,13,11,12,10,15,12,14,13,11,13,5,8,13,9,6,14,1,3,2,1,2,1,3,2,3,1,1,12,13,12,7,12,10,10,13,16,8,- -  -,Wnt
18058045,Glenn Claes,"M (C), AM (RC)",6.79,15,13,8,8,12,13,12,9,11,11,12,14,12,11,14,12,10,13,7,10,8,14,11,12,11,7,11,8,5,8,7,10,12,7,11,11,4,2,2,4,3,3,3,1,1,3,1,10,11,7,8,11,7,12,14,15,11,- -  -,Wnt
50036499,Arsène Elogo,M/AM (LC),7.06,13,12,11,9,14,13,13,13,8,11,12,11,9,10,8,11,6,12,7,11,10,13,8,12,13,8,12,7,10,7,5,7,11,8,10,13,3,3,3,1,3,3,1,2,3,3,3,13,12,8,9,8,7,9,9,15,18,- -  -,
18101857,Bruny Nsimba,"AM (RLC), ST (C)",7.28,15,12,6,12,18,14,5,6,11,11,12,9,10,14,12,12,8,12,10,10,10,9,11,13,11,10,12,7,11,11,6,8,10,4,7,12,1,2,3,2,3,4,3,2,1,3,2,14,15,13,5,16,8,8,10,10,7,- -  -,
61006367,Peter Pawlett,M/AM (RLC),6.82,12,9,12,8,11,10,10,11,10,13,7,11,12,11,13,11,7,12,13,13,12,14,11,10,15,12,11,11,7,8,4,8,11,6,12,10,1,4,2,1,1,1,1,2,1,1,2,8,13,13,5,10,14,13,5,10,13,- -  -,
27097481,Rasmus Thellufsen,"M (L), AM (LC)",6.83,12,12,11,13,13,12,13,10,9,11,11,8,10,9,8,11,7,13,10,12,11,12,8,9,12,10,12,10,6,8,10,6,11,11,7,12,3,3,2,4,2,1,4,1,4,1,2,11,8,5,10,8,5,12,13,14,13,- -  -,Opt
49053264,Marley Aké,AM (RL),6.74,14,14,11,9,9,13,12,11,9,10,11,10,10,8,12,13,6,13,8,9,11,11,9,10,14,10,13,5,10,10,5,6,12,5,6,12,3,1,4,2,1,1,2,1,2,4,1,14,11,5,10,10,12,13,12,9,14,- -  -,Loa
70032447,Caner Hüseyin Bağ,M/AM (RL),6.81,14,15,7,5,12,11,12,7,14,8,9,9,10,10,15,11,3,11,7,14,8,15,8,9,13,9,10,3,4,5,5,6,11,10,8,12,2,1,1,1,3,1,1,3,3,2,2,10,12,5,5,13,8,14,13,12,15,- -  -,
25017270,Radek Voltr,"AM (RL), ST (C)",7.29,13,12,9,10,8,14,9,9,9,9,12,9,12,9,18,12,9,11,10,7,8,12,9,10,13,14,13,9,9,11,8,5,10,13,8,11,4,3,2,1,2,3,1,1,1,1,1,10,13,8,11,12,12,15,15,7,10,- -  -,Trn
83169918,Bernardo Sousa,M/AM (RC),6.53,12,13,13,8,10,12,13,8,8,8,9,13,11,10,10,6,9,10,7,9,14,8,12,12,13,11,13,13,4,11,4,5,13,14,6,14,1,2,1,3,1,3,1,2,1,2,2,12,12,7,6,10,5,13,11,11,14,- -  -,Wnt
19086275,Rogério,"M (L), AM (RL), ST (C)",7.16,14,11,10,6,13,12,12,9,11,11,12,11,9,10,14,13,7,14,9,9,11,14,10,11,11,11,11,4,8,12,4,6,12,11,7,13,3,2,2,1,2,2,2,2,2,2,3,16,12,11,8,12,11,10,11,13,12,- -  -,
71102341,Vladyslav Vakula,"AM (RL), ST (C)",7.02,15,15,10,7,12,14,9,7,5,9,6,9,8,9,15,14,6,11,7,7,10,14,5,8,13,11,10,7,7,9,8,9,9,5,4,13,3,3,3,3,4,3,1,2,2,1,3,13,20,15,10,3,10,2,12,15,12,- -  -,
24059336,Nadrey Dago,"M (L), AM (RLC)",6.76,16,15,10,10,15,12,11,10,14,8,12,8,7,10,12,16,6,12,5,6,8,12,6,8,15,11,11,7,8,9,7,4,8,10,5,13,2,2,1,3,2,2,1,1,2,1,2,12,10,5,5,9,11,12,11,13,13,- -  -,Opt
28047878,Rob Hall,"AM (RLC), ST (C)",7.05,10,11,10,7,11,10,11,8,8,11,10,12,10,9,13,14,8,12,8,10,10,11,14,13,13,11,13,15,7,13,8,7,11,7,7,14,3,3,1,2,3,1,1,3,1,1,4,14,13,6,5,10,14,12,12,14,12,- -  -,
50065275,Morgan Guilavogui,M/AM (R),6.87,14,12,11,14,13,12,12,11,13,11,6,9,10,11,13,13,10,12,12,13,12,12,11,10,12,14,11,11,13,12,13,11,12,6,12,12,2,3,1,2,1,3,2,2,3,3,3,11,13,8,12,10,14,10,11,14,18,- -  -,Wnt
71002828,Yuriy Gabovda,"D/WB (R), M (RL)",7.12,11,11,10,9,11,10,8,8,14,10,12,12,8,10,9,9,8,7,10,10,11,11,13,12,9,10,9,5,9,11,2,6,11,8,6,11,3,3,1,1,1,1,1,3,3,3,2,18,13,1,14,12,4,16,12,13,17,- -  -,
37045891,Karim Loukili,"M (L), AM (LC)",6.79,11,12,11,7,15,11,9,7,10,13,15,12,12,13,13,14,11,13,5,11,13,11,9,11,12,10,11,10,7,9,6,6,12,14,8,13,2,3,1,2,1,2,2,2,2,1,2,13,11,11,7,10,6,10,8,14,11,- -  -,
28116310,Tyreece John-Jules,"AM (RLC), ST (C)",6.73,14,13,9,12,13,14,9,7,8,10,8,12,8,11,11,14,8,12,6,12,11,8,7,8,11,12,13,8,9,9,3,3,11,11,6,14,3,3,2,2,3,3,3,2,2,3,1,12,8,9,9,8,9,12,13,9,13,- -  -,
42092101,Amit Cohen,D/WB/M/AM (RL),6.58,11,10,10,12,10,11,9,12,12,9,11,7,10,9,12,11,11,10,9,9,7,11,10,11,13,8,9,8,10,10,8,11,10,6,11,10,3,2,2,3,2,3,3,1,1,2,2,13,13,3,6,12,4,13,12,17,9,- -  -,Opt
25062523,Matyáš Kozák,"AM (RL), ST (C)",6.81,14,11,11,8,12,13,9,4,9,9,6,14,8,7,16,9,6,13,7,8,9,13,7,9,10,15,7,7,10,8,4,6,12,6,7,10,3,2,1,2,2,3,3,3,2,3,3,12,13,2,10,15,11,10,10,12,13,- -  -,
5211506,Chris Maguire,M/AM (RLC),6.64,10,11,10,7,10,9,8,8,12,12,11,13,9,10,10,14,11,13,8,9,12,10,13,12,11,12,10,12,8,14,5,5,11,17,7,11,3,2,1,1,3,3,3,3,3,1,2,13,9,15,10,14,8,8,8,13,5,- -  -,
55008689,Djalma,M/AM (RL),6.77,14,11,13,7,8,13,7,10,12,10,10,8,10,9,14,13,8,11,9,10,11,12,13,11,13,9,11,12,8,9,8,9,11,11,8,13,3,1,1,2,2,3,1,1,3,4,2,14,11,6,7,9,13,14,10,14,13,- -  -,Opt
24051574,Ivan Delić,"AM (LC), ST (C)",6.61,13,11,13,13,12,13,10,11,11,11,10,10,8,10,7,11,8,13,5,8,10,8,7,8,12,11,10,9,10,8,8,5,11,12,5,11,3,1,3,2,2,4,2,2,1,2,1,9,9,8,6,9,13,11,10,13,10,- -  -,
35017569,Gökhan Töre,M/AM (RL),6.53,10,8,6,5,5,9,7,5,14,9,9,14,10,11,8,18,4,12,7,9,12,12,13,14,15,11,14,12,5,11,8,2,12,9,5,15,3,1,3,2,2,3,1,2,3,3,4,8,6,5,9,12,10,7,8,12,7,- -  -,
88023243,Logan Rogerson,"M (L), AM (RL), ST (C)",7.01,15,13,12,9,12,14,12,9,11,9,9,8,7,6,14,14,9,13,6,9,9,14,5,7,13,7,12,7,8,8,5,6,7,7,7,13,3,4,3,3,2,3,2,1,3,1,3,12,9,7,13,12,7,11,8,12,7,- -  -,Ask
29007999,Mustapha Carayol,"M (RL), AM (RLC)",6.77,14,11,10,9,14,12,9,8,4,10,6,11,8,9,8,16,7,10,6,9,11,9,9,11,11,10,11,8,5,13,6,4,9,8,5,11,2,4,3,3,3,3,2,4,1,3,1,6,11,4,3,7,13,15,11,14,7,- -  -,
28053828,Kerim Frei,M/AM (RL),7.13,15,15,10,6,12,15,8,6,6,7,7,10,10,6,8,17,2,9,5,6,7,11,10,9,15,8,14,10,5,9,3,4,10,8,3,14,3,3,1,2,2,4,3,1,3,4,3,10,9,7,3,10,7,10,11,14,14,- -  -,
37028400,Yener Arıca,M/AM (RLC),6.60,12,14,9,8,13,11,11,8,11,11,11,14,9,12,13,13,8,12,4,11,13,12,8,9,12,8,13,10,6,10,4,3,13,9,5,14,2,3,1,4,3,2,1,2,3,1,1,10,12,5,4,11,6,12,10,10,15,- -  -,
42074763,Joseph Ganda,"M (RL), AM (R)",6.60,12,12,12,12,11,14,13,13,12,11,11,6,10,9,13,11,10,11,9,12,10,13,8,9,9,9,9,8,9,9,8,7,9,8,8,10,1,2,3,3,2,4,2,2,2,4,3,12,12,11,7,8,8,10,9,13,8,- -  -,Wnt
28059820,Bruno Andrade,"M (RL), AM (RLC), ST (C)",6.68,11,12,7,7,11,12,10,6,6,8,1,10,6,6,5,14,1,11,6,3,10,6,11,9,10,8,9,12,7,9,2,8,9,12,7,10,4,3,3,2,1,3,3,1,4,2,2,5,8,16,1,9,8,5,7,9,8,- -  -,Inj
71049539,Andriy Bliznichenko,"M (R), AM (RL)",6.94,14,13,11,8,10,12,11,8,11,10,11,9,8,10,11,15,7,12,10,9,12,9,11,13,14,11,11,10,7,13,9,9,12,13,10,13,3,1,3,3,2,1,3,1,2,2,3,14,13,10,7,8,8,10,12,16,9,- -  -,
43266791,Marco Olivieri,"AM (LC), ST (C)",6.80,13,13,13,11,12,13,15,14,11,12,10,10,13,10,13,12,9,12,10,10,12,12,9,10,11,13,11,11,10,11,8,8,11,10,10,11,2,2,2,1,3,4,1,3,2,3,1,15,11,5,14,9,10,15,9,14,7,- -  -,Trn
18070837,Yannick Loemba,AM (LC),6.99,9,11,6,7,13,11,9,11,8,13,9,11,11,7,7,15,8,12,8,11,12,9,11,11,10,10,8,8,8,11,5,5,13,8,6,15,3,2,1,4,2,1,1,1,1,3,1,12,9,8,9,10,11,13,12,12,10,- -  -,
29037323,Jamie Hopcutt,"AM (RLC), ST (C)",7.11,12,10,9,10,7,11,12,8,9,12,8,11,9,12,9,11,6,9,8,11,12,11,9,10,11,9,11,9,7,8,5,10,12,8,10,10,3,2,2,1,1,2,1,1,1,3,3,10,11,5,5,8,12,13,11,11,11,- -  -,
57059040,Aurelian Chiţu,AM (RLC),6.80,11,12,12,10,11,12,10,15,9,12,11,12,11,13,12,12,7,12,8,11,12,11,9,11,12,10,12,9,11,12,7,5,13,12,5,13,2,3,3,3,1,2,1,1,3,1,1,14,12,8,9,13,15,12,12,12,11,- -  -,Opt
62154735,Martin Kramarič,"M (L), AM (RL)",6.97,13,12,12,10,10,14,11,13,12,12,12,12,10,12,13,14,9,11,12,11,12,11,10,10,13,12,11,10,9,13,7,8,12,10,9,13,3,3,3,4,1,2,2,3,2,4,3,12,11,11,11,8,9,12,11,11,11,- -  -,Opt
38017703,Pedro Petrazzi,"DM, M (LC)",7.03,11,11,10,7,11,10,9,9,13,9,8,10,11,9,12,11,10,10,10,12,11,12,9,9,9,6,11,6,4,7,3,9,11,11,11,11,1,1,1,1,2,1,1,2,1,1,3,13,11,7,14,10,10,16,12,10,12,- -  -,Opt
47054445,Petar Petkovski,AM (RL),6.74,13,11,10,6,11,12,11,10,11,12,11,11,12,10,7,9,9,11,11,12,12,10,8,11,11,7,11,8,8,11,7,7,10,7,8,10,2,1,2,2,1,4,1,2,2,3,2,11,13,5,8,10,7,10,8,10,16,- -  -,Wnt
12075128,Cheikh Sabaly,"M (L), AM (RL)",7.90,14,14,7,5,14,13,13,7,8,14,10,12,11,12,17,14,7,13,8,10,13,13,10,11,13,11,12,4,4,8,6,4,11,11,5,13,3,1,3,1,3,3,1,2,2,2,1,9,12,5,7,10,6,12,12,9,16,- -  -,Wnt
69010922,Thierry Moutinho,"M (R), AM (RLC)",6.86,12,12,12,9,10,12,11,10,9,12,10,12,10,10,12,13,8,12,7,10,12,10,15,13,13,9,12,14,8,11,10,6,13,10,7,14,1,4,3,1,3,1,1,3,3,1,1,12,11,8,8,9,6,13,15,15,14,- -  -,Opt
24051638,Vinko Petković,"M/AM (LC), ST (C)",6.67,12,12,11,10,8,14,11,9,10,10,10,11,9,9,10,13,8,13,5,11,10,13,8,10,11,11,11,10,10,8,7,5,9,9,6,12,3,4,3,3,1,1,2,3,1,2,2,11,11,1,10,6,6,11,10,13,14,- -  -,
36044914,Dimitris Kolovos,"M (LC), AM (RLC), ST (C)",6.84,11,12,10,10,10,10,7,10,10,12,9,10,9,9,11,14,9,10,4,9,11,10,11,11,12,11,13,11,7,10,3,4,11,9,4,14,1,2,2,3,1,1,1,3,1,3,3,13,10,6,10,10,8,12,7,13,8,- -  -,Opt
71101747,Vasyl Runich,"AM (RL), ST (C)",6.53,13,12,10,8,13,13,12,7,13,11,11,10,8,10,10,14,11,10,9,8,9,11,6,8,11,9,10,8,7,7,4,4,9,15,8,10,2,1,2,3,3,1,1,3,1,1,2,10,10,7,5,9,6,11,10,9,10,- -  -,
29192707,Boubacar Hanne,"M (R), AM (RLC)",6.62,12,13,14,6,12,12,11,7,6,6,6,13,7,12,8,13,5,9,6,14,14,7,12,12,14,11,13,10,10,9,5,5,13,7,5,14,1,1,1,4,2,2,3,2,2,1,1,14,9,5,4,4,5,12,11,12,19,- -  -,Trn
16165976,Christoph Halper,"M (C), AM (LC), ST (C)",6.72,13,11,10,7,10,13,11,10,12,11,9,9,9,9,16,7,7,13,11,11,9,12,7,8,9,9,12,6,7,6,7,5,11,7,5,8,2,2,3,1,1,2,1,3,2,3,3,14,11,3,12,7,10,11,9,8,19,- -  -,
50037192,Yassine Bahassa,"M (L), AM (LC)",6.85,12,12,11,11,12,12,11,13,9,11,9,9,11,13,6,11,8,12,8,12,12,12,10,11,11,9,14,9,10,12,8,7,13,8,8,13,2,3,1,3,1,2,3,1,2,3,1,10,12,6,10,11,2,11,13,12,12,- -  -,Wnt
83100596,Andrézinho,"M (C), AM (LC)",6.83,13,12,12,7,12,13,11,7,8,12,10,12,10,10,13,11,8,12,8,12,12,13,11,11,12,8,13,11,7,11,4,4,13,8,5,14,3,3,2,1,4,2,3,1,2,3,2,11,12,7,5,12,4,15,10,7,12,- -  -,Wnt
28093199,Connor Mahoney,M/AM (RL),6.77,12,15,12,9,10,10,10,7,7,11,7,12,8,8,11,15,6,10,7,9,11,10,16,17,12,11,11,16,5,10,4,7,11,10,6,14,3,2,2,4,3,2,1,2,2,1,3,13,10,4,2,10,12,14,11,12,10,- -  -,
45092659,Kôji Miyoshi,"AM (RLC), ST (C)",6.87,14,12,12,4,9,15,10,11,11,11,13,15,14,11,3,13,3,11,8,11,12,12,11,12,13,10,12,10,5,10,5,6,10,8,6,12,1,3,3,1,2,1,2,3,2,1,3,11,13,1,5,4,12,12,11,18,13,- -  -,Trn
67177565,Juan Hernández,"M/AM (R), ST (C)",6.75,14,12,11,8,13,12,10,10,10,11,7,11,10,11,12,13,15,12,6,9,12,9,10,11,12,12,12,13,6,9,7,6,14,8,7,12,2,1,3,3,1,2,1,2,3,1,2,11,12,4,6,6,12,11,11,14,15,- -  -,Inj
70087675,Gökhan Sazdağı,M/AM (RL),7.45,15,15,8,5,12,12,7,6,8,9,9,10,8,8,11,14,7,12,7,6,12,5,7,11,14,11,14,13,4,12,6,3,11,10,6,14,2,3,1,2,3,2,3,2,2,1,1,10,13,5,8,14,7,10,15,12,15,- -  -,Wnt
25003022,David Bartek,"D/WB (R), M/AM (RL)",6.74,10,12,8,7,6,13,11,9,8,8,12,4,8,9,6,14,5,11,5,7,7,10,9,9,13,8,14,6,5,10,7,4,10,12,6,14,2,2,2,2,3,2,2,2,2,1,2,10,12,10,8,6,12,9,9,11,10,- -  -,Opt
27008866,David Boysen,"M (RLC), AM (RL), ST (C)",6.65,12,11,7,7,11,11,8,5,14,8,8,7,6,8,7,12,5,10,6,8,9,9,11,11,10,9,11,10,4,10,4,5,11,12,5,10,2,3,1,3,3,3,3,1,1,1,1,12,9,10,12,12,8,6,6,13,6,- -  -,
80030600,Cristopher Núñez,"M (C), AM (RLC)",6.76,12,14,9,7,14,11,12,6,13,11,6,9,10,13,11,12,8,12,8,9,11,14,10,13,12,11,12,9,6,11,4,9,16,5,6,13,4,3,2,3,3,1,4,3,2,2,2,9,11,6,10,14,10,11,12,11,15,- -  -,Opt
57140452,Valentin Buhăcianu,"AM (L), ST (C)",6.74,14,13,10,9,5,13,10,10,6,12,10,13,11,12,8,12,6,12,9,11,10,11,5,8,12,13,12,8,11,10,4,7,11,8,5,11,1,2,1,3,2,2,1,3,2,3,1,9,13,10,7,10,5,9,10,11,9,- -  -,Wnt
28058863,Osayamen Osawe,"M (L), AM (RL), ST (C)",7.15,13,11,10,9,14,14,10,12,10,9,14,8,8,7,13,11,6,11,7,8,10,11,6,8,10,11,9,7,10,8,6,5,8,11,6,10,1,1,2,1,2,3,2,4,2,2,3,12,14,11,5,14,15,9,15,10,15,- -  -,Opt
19241129,Leandro,"AM (RL), ST (C)",6.98,15,12,7,8,12,13,11,8,5,9,9,11,10,10,12,14,9,12,6,11,10,11,6,9,12,10,12,6,7,6,5,5,10,6,5,11,1,3,2,1,1,1,2,3,3,2,3,10,12,6,10,4,9,10,5,12,20,- -  -,
43079181,Juri Cisotti,"M (RC), AM (L)",7.05,12,11,11,6,13,12,12,7,7,10,12,10,11,9,11,12,9,12,9,12,9,14,5,13,9,7,12,8,7,9,10,7,9,9,7,8,3,1,1,1,1,2,3,3,1,2,1,12,11,5,8,11,13,11,6,10,13,- -  -,Wnt
2000078298,Dominik Simčić,"M (L), AM (RL)",6.94,13,13,8,8,12,12,10,6,7,9,6,9,7,8,11,12,5,12,5,10,12,10,9,9,13,8,13,9,7,7,6,3,11,1,4,13,4,2,1,3,2,2,3,1,1,3,3,12,10,5,6,13,7,13,13,15,13,- -  -,
33076730,Jasin Assehnoun,M/AM (RL),6.66,14,14,12,6,12,14,11,7,13,9,8,10,9,10,11,14,5,10,5,11,8,13,5,10,13,7,11,13,7,8,5,4,11,8,4,12,3,1,1,1,2,3,2,3,2,2,1,11,12,4,8,9,6,11,12,9,16,- -  -,Lst
22072119,Zdravko Dimitrov,M/AM (RL),6.95,14,11,11,10,13,16,12,9,11,10,8,8,9,6,13,13,6,11,6,10,9,12,12,11,13,7,11,12,8,11,5,5,9,10,6,11,3,2,2,1,1,1,1,2,2,1,3,11,10,16,8,11,9,9,7,12,7,- -  -,
28027435,Josh Morris,M/AM (RLC),6.67,9,9,11,8,14,9,13,9,9,11,7,11,8,11,13,12,8,10,9,12,11,15,11,12,10,10,10,11,7,10,1,8,10,14,8,12,3,2,3,1,1,3,1,3,3,3,3,12,9,4,8,12,8,15,9,14,19,- -  -,Wnt
14007448,Fabián Bordagaray,"AM (RL), ST (C)",6.80,12,13,11,8,11,12,12,12,12,13,12,10,10,9,13,13,9,12,5,11,10,11,10,11,12,12,13,12,7,11,4,7,12,10,6,13,2,1,1,1,1,1,2,4,2,1,2,14,9,6,4,12,7,11,12,13,16,- -  -,Wnt
13203662,Sunday Faleye,"AM (L), ST (C)",6.71,7,11,15,6,12,11,11,9,6,12,8,11,11,13,15,12,14,17,10,16,12,12,6,11,12,12,13,10,8,12,6,10,13,9,5,12,2,4,4,4,1,1,3,2,2,2,3,11,19,2,5,8,10,6,10,12,18,- -  -,Lst
63001439,Roman Gergel,"M (RLC), AM (RL)",7.11,10,9,10,9,13,10,12,7,7,13,10,9,13,13,13,14,6,12,9,13,12,12,11,11,9,11,12,8,8,11,3,9,12,11,9,11,4,2,2,2,1,3,1,3,2,3,3,8,14,3,6,11,10,10,13,18,12,- -  -,Opt
71111109,Yaroslav Karabin,"M/AM (C), ST (C)",7.06,12,10,10,11,11,11,11,10,10,8,8,10,10,11,9,10,8,12,11,9,10,10,11,6,12,11,9,6,9,9,5,6,11,10,5,11,2,2,2,3,3,2,4,1,2,3,1,11,13,7,10,12,15,11,11,5,13,- -  -,Trn
71089602,Dmytro Topalov,"AM (RLC), ST (C)",6.60,14,12,11,5,10,14,12,12,10,13,10,9,10,11,11,8,6,10,11,12,12,13,4,9,13,13,9,8,5,11,5,4,12,9,5,10,1,3,3,2,2,3,1,3,2,3,3,11,12,1,9,10,10,12,12,10,12,- -  -,Wnt
71030851,Viacheslav Churko,M/AM (RLC),6.94,13,13,12,8,14,13,11,10,11,12,9,12,12,10,12,13,8,12,5,12,13,14,12,13,13,10,12,12,7,11,7,7,12,12,10,12,2,1,2,1,4,3,3,3,3,3,3,12,12,4,3,15,12,14,13,14,16,- -  -,
29054968,Michael Jacobs,"M (RL), AM (RLC)",7.01,12,12,9,9,11,11,12,9,5,9,7,12,9,10,9,13,5,12,7,8,13,13,11,12,12,10,12,10,8,10,2,5,11,10,7,12,3,3,2,1,2,2,1,1,2,3,3,12,13,5,3,12,12,10,10,9,10,- -  -,Trn
62137295,Luka Luković,"AM (RLC), ST (C)",6.78,12,11,11,13,12,12,12,11,11,12,11,12,12,13,12,14,13,13,10,13,13,11,9,11,11,11,10,10,12,12,7,8,12,12,8,11,3,1,2,3,3,1,2,1,2,1,3,11,12,12,10,12,7,11,10,13,9,- -  -,
84125473,Ença Fati,AM (RL),6.91,15,14,11,10,12,15,11,8,8,8,9,11,8,12,11,14,8,13,7,8,9,10,8,12,14,12,12,7,6,8,6,5,12,8,6,13,2,2,2,3,2,1,1,1,3,1,3,12,13,11,5,10,11,15,13,11,15,- -  -,Opt
85145309,Mohamed Mara,M/AM (RL),7.13,13,13,10,8,13,13,12,9,10,10,11,11,9,9,14,14,5,11,8,9,8,13,11,11,13,8,13,10,8,10,7,4,10,10,5,13,2,1,3,3,1,1,4,2,2,3,3,7,13,8,8,11,14,12,14,13,14,- -  -,Opt
85067212,Julien Lopez,"M (L), AM (LC)",6.82,14,15,10,7,13,12,12,8,7,10,7,12,11,12,13,12,7,13,9,14,14,12,11,12,13,10,13,10,4,8,3,2,14,10,2,15,3,1,3,2,4,1,2,3,2,3,3,12,11,2,11,13,8,10,13,13,14,- -  -,
52079995,Paul Smyth,AM (RLC),6.83,16,15,9,8,10,13,8,7,10,10,10,10,8,10,14,13,5,11,6,9,8,11,7,8,13,11,12,8,4,12,10,6,10,10,7,12,2,3,3,1,2,3,4,2,1,3,3,15,12,8,9,10,17,10,14,14,7,- -  -,
29162932,Mark Harris,"AM (RLC), ST (C)",6.77,11,13,13,11,13,13,13,10,8,13,8,11,11,11,14,10,8,14,13,14,5,14,10,12,12,9,14,10,9,10,6,9,11,11,8,13,1,3,3,1,2,2,1,1,1,1,1,11,10,6,7,10,7,16,15,14,14,- -  -,Wnt
28103593,Jacob Maddox,"M (LC), AM (C)",6.77,14,14,11,6,10,13,10,7,7,8,8,11,8,8,6,15,6,12,6,8,12,9,10,10,11,8,11,10,6,8,6,5,12,8,6,13,2,1,1,2,1,3,2,2,2,2,1,8,8,6,5,5,16,10,12,9,11,- -  -,Opt
37044410,Torino Hunte,M/AM (RL),7.14,14,10,8,9,12,13,9,8,9,8,11,8,9,7,8,13,4,13,5,11,12,15,10,8,10,6,11,10,7,8,7,4,10,8,4,11,1,1,1,2,1,3,3,2,1,1,1,10,11,3,6,15,7,12,12,13,11,- -  -,
98040487,Andrea Padula,D/WB/M/AM (RL),6.91,12,11,9,11,13,12,12,10,12,10,9,10,8,9,2,11,8,11,8,12,10,12,10,12,11,9,12,8,9,12,12,9,10,10,11,12,1,3,3,3,2,1,1,2,3,2,3,10,14,7,10,11,8,11,7,18,8,- -  -,
67222498,Adrián Riera,AM (RLC),6.73,14,14,12,8,10,13,11,7,8,12,11,9,9,9,13,13,8,12,6,9,12,11,10,12,14,9,14,9,8,9,9,7,13,4,6,14,3,3,1,1,2,3,3,2,3,2,2,14,11,5,6,5,11,13,10,12,9,- -  -,Opt
85081104,Romain Bayard,AM (RLC),6.77,12,13,11,5,14,12,11,9,7,11,9,12,12,10,14,11,7,12,7,12,11,14,13,11,12,9,12,10,4,12,5,3,13,10,5,13,1,1,3,1,3,1,2,1,3,2,1,13,13,6,7,7,6,12,12,12,15,- -  -,Frt
71042849,Serhiy Hryn,"M (R), AM (RL), ST (C)",6.82,13,12,11,8,10,13,9,10,13,11,12,11,8,8,14,12,5,12,9,8,10,11,5,12,13,6,10,5,7,10,3,5,11,11,7,11,2,3,2,2,1,2,3,1,2,4,1,11,11,7,9,10,14,8,14,13,10,- -  -,
17040397,Cédric Kouadio,"AM (RL), ST (C)",6.74,13,12,13,12,12,12,11,13,11,12,11,13,10,9,11,13,9,13,12,9,13,12,4,9,11,10,8,4,9,10,11,3,10,5,4,12,1,2,3,3,1,1,2,2,2,1,1,9,12,3,10,8,8,14,13,13,12,- -  -,
67297772,Issa Fomba,"M (L), AM (RL), ST (C)",6.71,14,14,13,9,14,16,11,9,12,8,3,12,7,7,12,12,3,12,5,7,9,8,6,11,11,11,11,7,9,9,9,3,9,11,6,12,3,3,2,3,3,3,2,1,2,3,2,10,12,2,3,9,7,11,13,13,10,- -  -,Wnt
78021868,Nicolás Mezquida,"M (C), AM (RLC)",6.71,13,12,8,6,8,12,11,6,8,11,10,10,9,11,10,13,7,12,7,10,12,10,9,12,12,13,13,12,7,10,5,6,13,12,7,13,3,3,2,3,4,1,3,1,1,3,2,11,10,7,10,10,9,10,11,14,13,- -  -,
27013506,Mathias Gehrt,M/AM (RC),6.88,13,13,7,7,9,11,10,6,14,12,7,9,8,7,5,14,5,12,4,10,13,12,8,7,13,10,14,9,7,8,5,4,13,10,4,14,2,1,1,2,2,1,2,2,2,2,1,7,10,7,2,8,8,11,7,8,6,- -  -,
58073891,Alexey Yevseev,"AM (LC), ST (C)",6.90,10,10,12,10,14,11,8,9,12,9,11,9,9,8,9,6,7,10,9,10,8,8,10,9,9,9,10,9,7,10,8,4,11,12,7,11,2,2,2,2,3,3,1,3,2,1,1,9,12,4,12,11,13,10,13,15,12,- -  -,
83228378,Iuri Tavares,"AM (RL), ST (C)",6.89,12,13,6,7,10,13,10,10,11,12,13,10,8,9,10,9,7,14,5,9,10,8,6,8,13,11,11,10,9,10,5,5,11,10,5,12,3,3,1,1,2,1,1,1,3,3,2,10,14,6,8,16,4,10,14,14,17,- -  -,
28006280,Freddie Sears,"AM (RLC), ST (C)",6.74,10,10,11,4,14,8,9,8,10,11,12,11,10,11,15,11,9,13,8,11,9,13,8,8,10,10,10,6,5,11,3,5,10,12,5,11,2,2,2,2,1,3,3,3,1,1,2,12,13,3,7,11,7,15,13,12,12,- -  -,
50052951,David Gomis,M/AM (RL),6.81,15,13,12,8,13,12,12,11,10,11,13,11,11,10,11,10,7,12,6,10,9,11,10,11,14,10,11,10,6,10,8,6,10,12,5,13,4,2,1,2,1,3,2,3,3,4,2,12,12,11,12,11,7,10,10,11,12,- -  -,
57129427,Mediop,"AM (R), ST (C)",6.79,13,14,12,7,13,13,11,12,9,12,10,11,10,12,12,10,5,13,9,11,9,14,6,8,9,11,7,6,8,9,3,4,14,12,4,8,3,2,2,2,2,1,3,1,3,3,2,11,11,5,5,8,6,11,12,9,14,- -  -,Opt
,,,,,,,,,,,,,,,,,,,,,,,,,,,,,,,,,,,,,,,,,,,,,,,,,,,,,,,,,,,,,,
