UID,Name,Position,Tcon/90,Acc,Agi,Bal,Jum,Nat,Pac,Sta,Str,Agg,Ant,Bra,Cmp,Cnt,Dec,Det,Fla,Ldr,OtB,Pos,Tea,Vis,Wor,Cor,Cro,Dri,Fin,Fir,Fre,Hea,Lon,L Th,Mar,Pas,Pen,Tck,Tec,Aer,Cmd,Com,Ecc,Han,Kic,1v1,Pun,Ref,TRO,Thr,Rec,Inf
,,,,,,,,,,,,,,,,,,,,,,,,,,,,,,,,,,,,,,,,,,,,,,,,,,,,
29235576,Ethan Hill,D (L),1.26,11,10,7,5,11,10,12,4,5,13,8,8,13,11,11,2,8,6,9,11,8,12,7,7,6,1,8,5,6,3,6,10,8,2,11,8,3,2,3,3,2,1,1,3,3,1,2,- -  -,
2002094852,Giovanni Offord,D/WB (R),0.92,14,12,12,6,12,11,16,9,9,8,7,6,9,13,13,7,13,5,10,11,6,14,6,11,6,2,8,3,6,2,7,11,8,4,12,12,3,3,1,2,1,3,2,3,3,2,3,- -  -,
28058298,Brad Smith,D/WB/M (L),1.00,15,11,10,8,14,16,11,10,13,12,12,10,11,12,12,10,7,13,11,13,10,14,8,14,10,7,13,6,8,11,8,12,13,6,12,13,4,4,2,3,1,2,1,3,2,3,2,- -  -,
2000023171,Dylan Williams,"D/WB (L), M (LC), AM (L)",1.42,14,12,14,8,15,15,13,10,9,11,12,9,13,11,17,12,8,10,11,12,10,14,7,10,10,7,10,7,9,5,12,9,9,5,10,11,2,2,2,1,3,2,2,2,2,2,2,- -  -,
28115521,Jordan Thomas,"D (RL), WB (R)",1.20,15,14,10,8,9,14,12,9,8,8,9,9,11,8,14,4,9,10,10,12,9,10,4,8,8,5,9,4,6,4,5,10,9,4,9,10,2,1,2,3,3,3,1,3,3,2,1,- -  -,Wnt
2000106451,Osei Boffah,D (L),1.34,8,7,8,8,10,9,13,10,6,9,9,7,10,9,13,9,7,5,9,7,8,7,5,7,7,3,7,6,7,6,9,8,8,5,8,6,2,2,2,3,2,1,2,2,1,2,3,- -  -,
2002108476,Dražen Mitrović,"D (L), AM (RL)",1.06,13,15,9,5,13,12,15,7,12,8,17,9,11,7,17,11,12,12,6,9,10,10,6,10,11,4,9,7,7,8,5,7,13,5,8,13,1,2,2,1,2,1,4,2,1,3,2,- -  -,
2000142150,Connor Ferguson,D (L),0.65,12,10,12,13,18,12,13,10,10,10,9,9,10,17,15,6,4,6,9,9,9,9,5,9,7,3,10,1,9,6,7,11,9,4,11,9,2,1,1,1,1,2,2,2,3,2,1,- -  -,
91149532,Matthias Bader,D/WB (R),1.94,14,13,12,7,15,15,15,9,14,12,13,12,12,12,15,12,6,12,12,12,12,13,3,15,11,6,13,4,7,7,15,12,13,5,13,12,3,2,3,1,1,1,1,2,2,4,2,- -  -,
2000210503,Antoine Makoli,D (R),2.06,14,14,7,5,10,14,5,5,14,7,8,6,8,8,13,4,9,5,8,9,7,7,7,9,3,4,8,6,6,4,7,6,5,2,6,6,1,2,1,1,2,2,3,3,3,2,4,- -  -,
24023713,Marko Pajac,D/WB/M/AM (L),1.23,10,10,10,10,12,11,12,8,12,13,11,11,12,12,14,12,6,12,13,13,12,12,14,14,11,8,12,12,9,12,13,11,14,10,13,13,4,3,2,3,1,3,3,3,3,4,2,- -  -,
2000185915,Cameron Llewellyn,D (R),0.58,14,13,9,9,12,14,9,9,10,5,7,3,13,11,7,6,7,2,7,6,3,5,4,7,4,3,5,3,5,4,8,7,5,2,11,4,2,1,2,2,2,1,1,1,3,3,4,- -  -,
31050181,Luke Warner-Eley,D/WB (L),1.40,10,7,6,7,10,9,9,7,10,8,8,8,6,6,13,5,7,5,9,11,6,10,6,6,5,4,5,5,4,5,7,8,8,6,8,6,2,1,3,3,3,3,2,4,3,3,2,- -  -,
212559,Matt Jones,D (L),1.04,9,7,8,9,14,10,12,11,10,8,9,5,9,8,12,7,9,5,8,11,7,12,6,9,7,3,9,6,9,6,10,9,10,7,10,10,2,3,2,3,2,1,3,3,2,2,1,- -  -,
28090452,Ola Aina,D/WB/M (RL),1.42,16,15,12,11,16,16,14,10,11,10,9,11,11,10,12,14,7,10,10,9,9,12,4,11,12,6,11,4,10,5,11,9,11,4,12,12,2,2,3,4,4,1,1,1,2,2,2,- -  -,nEU
2000127803,Ollie Hobden,D (RL),1.01,12,11,7,12,12,10,12,7,10,5,8,8,12,12,8,5,10,5,7,8,8,6,5,9,7,1,7,1,3,1,5,9,7,4,11,4,2,3,1,1,1,1,2,3,2,1,3,- -  -,
2000103963,Andrea Di Lazzaro,D/WB (R),1.10,14,13,9,5,16,15,12,11,13,9,8,6,12,13,14,8,13,5,8,8,8,7,3,8,4,1,10,1,6,4,7,9,6,1,13,6,2,1,2,2,1,3,2,2,2,2,1,- -  -,
53040824,Martin Linnes,D/WB (RL),0.56,13,12,8,8,16,12,13,6,11,15,12,13,16,14,10,12,13,14,13,16,10,15,9,12,10,10,14,8,10,11,13,8,12,10,10,12,3,2,1,1,1,4,2,2,3,2,1,- -  -,
2002100081,Rodrigo,D (L),0.46,16,15,10,10,14,14,14,9,15,10,15,12,8,16,10,8,14,8,8,14,10,15,4,8,8,4,11,2,6,6,8,8,7,4,11,14,2,1,1,3,3,1,3,1,3,2,2,- -  -,
2000218323,Aran Fitzpatrick,"D (R), WB (L)",1.31,15,16,9,11,13,14,10,8,10,6,8,3,4,9,17,7,9,8,5,5,4,7,4,9,7,2,8,2,6,1,3,5,11,1,4,8,1,1,2,3,1,1,2,1,3,3,3,- -  -,
2002103790,Daniel Quinteros,D/WB/M/AM (R),0.29,12,12,15,4,11,13,7,8,7,8,16,9,9,11,14,14,11,10,7,11,8,8,5,10,13,6,11,6,5,5,6,7,11,7,10,14,2,3,2,1,3,1,2,3,2,1,2,- -  -,
2000131035,Will Owens,D/WB (L),1.51,10,8,3,10,12,9,11,6,14,8,8,8,8,14,4,5,14,5,10,8,6,8,6,11,4,3,5,3,6,3,7,7,8,6,10,7,1,2,1,3,2,2,3,2,3,2,2,- -  -,
29233145,Luciano D'Auria-Henry,D/WB (R),1.02,15,13,13,11,12,14,14,5,7,10,7,7,11,13,17,7,5,9,5,13,9,11,5,8,7,5,9,1,7,3,5,9,11,3,10,12,3,2,3,2,2,3,2,3,2,3,2,- -  -,
2000119473,Tayshen Robinson,D/WB/M/AM (L),1.15,15,13,10,14,12,15,10,9,5,8,5,7,7,9,9,12,1,5,6,5,5,8,7,12,7,7,6,4,4,1,1,6,7,2,7,10,2,3,1,2,2,4,2,3,2,4,1,- -  -,
2000052464,Ethan Jones,D (L),1.05,14,12,6,11,14,13,10,9,10,6,7,4,11,13,16,6,7,6,5,7,6,5,4,5,4,1,8,1,4,1,4,7,4,1,11,7,2,1,2,1,3,1,3,2,1,3,2,- -  -,
2000059784,Elijah Anthony,"D (RL), WB (R)",0.91,13,13,4,6,14,12,14,3,7,6,4,3,5,7,4,7,6,5,4,11,4,10,2,7,5,1,7,1,4,3,1,6,6,1,11,6,1,2,4,2,3,3,3,1,1,1,2,- -  -,
29232946,Joshua Williams,"D/WB (R), M (RC)",0.86,13,10,10,12,13,13,12,12,11,11,12,8,11,11,13,11,8,10,11,10,10,11,9,11,11,8,10,10,10,9,10,12,11,7,10,11,1,3,3,2,3,1,1,3,4,2,3,- -  -,Wnt
37076465,Denso Kasius,D/WB/M (R),0.75,16,13,11,11,17,15,14,10,14,12,12,9,11,10,11,11,8,12,9,12,12,13,6,13,12,8,12,6,7,11,10,10,12,5,12,11,3,1,1,3,2,4,1,2,3,2,2,- -  -,
28099479,Denver Hume,D/WB (L),0.90,13,13,12,10,11,13,14,10,9,12,12,10,11,11,11,9,6,11,11,12,9,13,9,10,12,8,10,8,8,9,8,9,11,6,10,12,3,1,2,1,1,2,2,2,2,3,1,- -  -,Wnt
43061433,Davide Zappacosta,D/WB/M (R),0.78,13,11,12,11,15,13,12,10,11,11,14,13,15,13,15,11,7,14,12,15,10,16,10,13,10,8,12,8,8,10,10,12,12,4,13,12,1,2,3,2,2,4,2,3,3,2,2,- -  -,
2002082890,Matt Porter,D/WB/AM (R),1.25,14,9,13,9,15,10,10,6,12,8,6,8,7,14,8,10,7,11,5,15,9,10,3,4,8,4,6,6,8,3,2,4,5,3,3,10,3,1,3,1,2,2,1,1,2,3,3,- -  -,
2002095504,Oscar Carpenter,D (RL),0.33,11,7,9,5,13,9,7,7,12,6,17,3,8,9,4,4,15,4,8,8,6,5,3,3,1,3,7,1,4,3,5,6,4,3,6,8,1,2,2,4,3,1,1,3,1,2,2,- -  -,
2000131010,Callum McNally,D/WB (R),0.62,13,10,9,4,7,12,12,7,9,6,7,7,11,12,2,7,3,4,7,7,7,7,5,9,4,3,6,1,6,4,5,7,8,3,11,8,1,1,1,2,2,1,1,3,4,2,1,- -  -,
2000049995,Tom Davies,D/WB (L),1.27,11,12,13,11,11,12,9,10,7,10,9,11,10,10,16,10,12,9,10,11,8,11,7,12,9,8,11,3,9,6,5,10,9,6,9,10,3,1,3,1,3,1,1,2,1,3,3,- -  -,
28012757,Andre Blackman,D/WB (L),1.12,5,5,3,10,13,4,6,4,16,12,10,7,12,9,5,10,5,4,12,10,11,6,11,9,4,4,12,11,12,5,17,14,14,14,14,11,3,2,2,2,1,2,1,2,3,2,3,- -  -,
2000101281,Tomas Galvez,D/WB (L),1.64,14,14,11,6,16,14,15,9,7,11,10,9,14,12,8,10,10,7,10,12,9,12,5,10,8,5,11,3,8,5,6,11,7,4,14,13,3,2,3,3,2,1,2,1,1,3,2,- -  -,
29158449,Myles Judd,D/WB (RL),1.54,10,13,10,6,12,10,12,8,10,10,13,9,12,9,14,5,6,4,12,13,4,12,4,7,6,3,9,4,8,3,6,11,8,4,11,7,2,2,1,3,1,3,3,3,1,1,3,- -  -,Unh
29235540,Sam Heal,D/WB (L),1.57,12,13,8,5,4,11,12,7,7,8,4,7,11,11,9,6,9,4,7,8,10,8,4,8,2,1,10,3,6,5,7,8,9,2,12,9,1,2,3,1,1,3,1,2,3,1,1,- -  -,
2002108301,Finn Ellingsen,"D (RL), WB/M/AM (R)",0.93,16,11,9,5,12,11,13,6,11,9,8,11,8,14,18,3,9,7,9,11,7,8,6,11,11,5,7,6,11,5,5,8,9,5,7,12,2,1,1,2,3,3,1,3,1,1,2,- -  -,
2002112251,Geovane,D/WB (R),0.62,12,14,8,12,13,10,13,9,9,7,11,7,6,13,15,11,7,13,5,18,6,16,5,10,15,5,10,2,4,6,10,9,8,8,13,15,3,2,1,2,1,2,3,3,2,4,3,- -  -,
29063519,George Baldock,D/WB (R),0.43,12,11,12,11,15,13,14,11,14,13,15,13,12,13,15,13,11,12,12,14,10,16,5,11,11,7,13,5,11,8,7,12,12,7,13,13,2,2,3,3,3,1,1,3,2,4,3,- -  -,
2000140896,Kalani Barton,"D (RL), WB/AM (R)",1.52,13,16,10,12,8,14,12,11,10,8,8,5,9,12,15,9,8,5,6,12,6,12,5,9,7,4,10,5,5,4,6,8,9,3,7,8,1,3,3,2,3,3,1,3,2,3,1,- -  -,
61084381,Leon McCann,D/WB (L),1.00,12,14,9,3,11,15,12,8,10,7,12,9,11,10,7,7,8,12,8,15,11,13,9,9,11,1,10,4,6,5,7,8,10,3,10,10,1,1,2,3,3,3,2,3,1,2,2,- -  -,
92098106,Felix Agu,D/WB (RL),2.05,15,15,13,12,16,15,14,11,14,12,12,12,12,11,12,9,8,14,12,13,9,15,8,12,12,8,15,6,9,8,15,12,10,9,13,13,1,1,2,3,1,2,1,1,1,2,1,- -  -,Wnt
67263885,Guille Rosas,D/WB (R),0.61,13,14,15,7,16,14,18,13,16,13,16,14,13,13,17,10,12,13,12,13,12,16,7,11,12,9,15,8,10,9,9,13,12,9,13,15,1,2,2,3,3,1,1,3,3,2,3,- -  -,Wnt
2002094059,Ngawang Duker,"D (RL), WB/M (L)",1.08,12,13,16,6,13,12,10,12,7,13,15,12,14,14,10,4,8,7,14,12,12,11,10,13,8,6,10,12,6,5,19,11,11,5,12,14,3,3,4,1,3,2,2,1,3,1,3,- -  -,Inj
2002102604,Christophe Barriere,D/WB (L),0.89,11,9,12,10,14,8,12,6,13,8,10,5,9,10,8,5,5,4,9,10,6,15,8,8,5,4,6,5,5,2,5,6,6,5,8,8,4,3,3,2,3,3,3,3,1,2,2,- -  -,
2000138753,Archie Harris,D/WB/M/AM (L),0.82,13,13,6,4,12,14,14,7,8,9,7,6,9,9,13,6,9,5,8,7,6,7,7,12,7,3,11,5,6,1,5,9,5,1,10,6,1,3,1,2,3,2,3,4,3,3,3,- -  -,
29217135,Charlie Winfield,"D/WB (L), M (LC)",1.06,12,14,9,2,14,14,11,7,8,9,8,7,7,15,13,5,12,7,11,8,9,9,7,11,5,7,12,6,6,4,7,8,9,8,10,7,3,3,3,2,1,1,1,3,2,3,2,- -  -,Wnt
2002095924,James Black,D (R),1.48,7,7,13,4,9,9,9,7,13,9,9,6,8,11,17,6,13,6,10,8,6,7,4,5,7,2,7,3,3,4,5,8,6,5,12,10,4,1,4,1,1,2,3,2,4,1,1,- -  -,
292380024,Zac Ashworth,D/WB/M (L),1.29,15,15,11,8,15,15,9,9,11,11,9,9,13,9,7,11,11,9,10,9,7,13,8,13,10,9,13,8,7,6,8,11,11,7,10,9,1,3,3,3,2,2,3,1,1,2,3,- -  -,
2002083775,Joe Radford,D/WB (L),1.03,11,10,8,5,13,8,13,7,15,6,5,5,4,10,12,6,14,5,7,9,4,13,2,6,3,1,6,1,2,1,3,4,6,1,4,10,4,2,3,3,1,2,3,2,1,2,1,- -  -,
67053461,Iván Balliu,D/WB (R),1.59,11,11,8,6,14,12,12,7,12,13,14,13,13,12,12,6,7,12,13,15,12,15,8,14,9,7,13,8,9,12,14,11,13,7,14,13,3,3,2,3,3,1,2,2,3,1,3,- -  -,
2002082652,Jack Dixon,D/WB (L),1.60,12,9,12,12,10,9,13,10,10,9,6,6,13,12,11,7,12,6,9,14,7,10,5,10,5,3,6,1,4,3,4,8,7,6,10,10,2,4,2,3,2,3,3,2,3,3,4,- -  -,
29235851,Sam Bird,D (RL),1.64,10,7,5,8,12,7,8,7,15,12,11,7,16,7,12,5,8,4,11,15,7,9,6,11,5,3,9,3,12,3,8,11,8,1,15,5,2,2,1,2,3,2,2,1,3,3,2,- -  -,
28116056,Lewis Gordon,D/WB (L),1.02,15,12,10,7,13,14,12,10,11,12,12,10,13,10,16,11,8,10,12,11,12,13,7,11,10,5,11,5,9,9,10,11,11,5,11,11,1,3,1,1,1,2,2,2,4,3,3,- -  -,
2002095044,Benjamin McConnachie,"D (RL), M (L)",0.46,12,12,9,12,13,9,15,12,12,8,14,7,11,10,12,7,10,6,9,11,7,15,6,12,4,2,9,4,6,4,6,8,5,4,9,10,3,3,3,2,1,4,2,3,2,1,4,- -  -,U18
2000192698,Billy Gough,"D (RL), WB (L)",0.99,9,11,7,6,14,11,12,7,14,8,8,7,13,12,11,6,4,2,9,11,6,12,4,8,4,2,7,2,2,1,6,7,6,3,11,7,1,3,3,3,2,3,3,3,2,2,3,- -  -,
2000066243,Ben Siggers,D/WB/M/AM (L),1.40,11,7,5,7,13,11,14,6,7,8,7,7,9,8,15,11,13,5,9,8,8,8,6,8,8,3,13,6,5,3,6,7,8,3,11,8,3,1,1,4,4,4,2,3,2,3,4,- -  -,
2000066150,Harrison Sodje,D (L),1.37,9,13,4,4,8,13,6,5,15,7,8,6,10,15,11,6,10,2,6,7,6,6,5,8,5,1,7,1,6,1,5,9,6,1,12,6,1,1,3,2,1,2,2,1,4,1,1,- -  -,
13158427,Musa Muhammed,"D (RL), WB (R)",0.61,14,14,12,10,10,13,15,12,16,11,15,8,12,10,7,9,6,10,12,13,9,16,11,11,11,4,11,7,9,10,12,10,11,9,13,7,2,2,2,2,3,1,1,2,3,4,2,- -  -,
81001828,Kemar Lawrence,D/WB (L),0.99,12,12,11,9,16,11,14,5,14,10,14,12,14,13,15,13,8,13,12,11,10,12,9,13,8,9,11,8,8,9,11,12,13,9,13,11,1,1,1,1,1,9,1,1,1,1,1,- -  -,
2000047449,Frankie Ealing,D/M/AM (R),1.44,10,15,8,8,16,13,10,7,5,8,8,9,10,7,7,8,3,6,9,7,6,9,7,12,8,7,12,5,8,5,7,7,9,4,8,10,1,3,1,3,3,3,1,1,1,4,3,- -  -,
2000034631,Joe Brown,D (RL),0.93,5,6,6,13,9,4,12,15,8,12,10,8,14,10,15,8,11,5,13,9,11,10,6,4,5,3,9,9,9,7,11,12,7,5,12,9,3,2,4,3,4,3,3,2,1,3,1,- -  -,
29154411,David Sesay,"D/WB (RL), M (R)",1.53,12,11,7,11,14,12,14,7,10,9,12,11,9,9,10,7,5,9,8,10,8,13,4,9,8,5,8,4,10,5,11,9,8,6,11,9,1,3,1,2,2,3,3,1,3,1,1,- -  -,Lst
2002081132,Michael Bradshaw,D/WB (L),1.39,11,13,15,5,15,10,12,11,11,7,6,7,8,10,13,5,3,6,7,9,6,13,7,10,5,2,10,3,6,2,8,6,8,3,6,10,1,3,3,3,1,2,2,1,3,3,2,- -  -,
292380021,Ethan Ingram,D/WB/M (R),1.47,12,12,9,5,13,9,8,7,6,6,9,9,11,12,12,7,9,7,8,14,10,12,7,9,9,3,11,7,6,6,4,9,9,12,13,9,2,3,2,3,3,3,2,1,2,1,1,- -  -,
2000026390,Tom Angell,D/WB (L),0.55,14,12,9,2,10,14,12,6,5,8,8,4,11,9,8,7,3,7,8,8,4,9,6,14,7,4,7,4,7,5,7,10,6,3,9,9,3,2,3,1,3,4,3,2,2,2,3,- -  -,
28109934,Jake Vokins,D/WB/AM (L),1.14,13,14,10,8,13,13,14,8,9,11,9,9,10,12,13,10,9,9,9,11,10,11,7,12,13,6,13,12,8,10,6,12,11,6,10,13,1,2,3,2,3,1,3,3,3,2,1,- -  -,Wnt
2000105676,Joshua Lett,D (L),1.33,15,13,9,5,12,14,10,7,7,6,6,8,10,13,12,6,4,2,8,8,6,9,4,12,5,2,10,2,6,3,6,5,7,2,10,7,1,2,1,3,3,2,1,2,3,3,3,- -  -,Inj
89061366,Kristian Campbell,D/WB (L),1.24,10,8,8,8,7,9,11,8,13,7,9,5,8,7,9,5,7,3,9,11,6,10,4,7,5,3,9,1,7,3,10,8,8,3,9,8,2,1,1,3,1,2,2,3,4,4,4,- -  -,
18052043,Jordan Botaka,"D (R), WB/M/AM (RL)",0.93,12,12,10,7,10,12,8,7,7,11,12,12,7,11,11,17,12,12,3,11,7,10,5,10,10,7,12,11,5,9,4,2,11,14,2,14,2,1,3,1,1,4,1,3,1,1,3,- -  -,
92038123,Marco Thiede,"D (RL), WB (R), M (RC), AM (R)",1.31,7,7,8,7,14,7,8,5,6,12,14,12,13,12,12,10,14,10,11,15,9,16,7,10,8,6,12,7,9,7,9,10,12,7,12,11,2,3,3,3,2,3,3,1,1,2,2,- -  -,
2000118380,Regan Clayton,D/WB (L),1.32,15,12,9,4,15,13,9,8,15,9,10,7,9,15,14,10,4,9,8,9,9,13,4,9,8,1,10,3,8,7,8,8,7,3,13,10,2,3,3,3,2,2,1,1,2,4,1,- -  -,
25039037,Milan Havel,D/WB (RL),0.83,11,11,9,9,9,13,11,9,14,12,13,9,11,11,11,13,11,8,13,14,10,12,9,9,7,11,13,6,13,8,11,13,13,10,15,12,1,3,1,2,3,2,1,1,3,3,2,- -  -,
2002103348,Craig Jones,D/WB/M (R),1.58,12,10,9,13,17,10,14,11,12,9,18,9,11,12,12,11,9,7,12,8,6,12,8,11,7,2,6,6,7,6,5,9,10,4,13,6,1,1,2,1,3,1,3,1,3,2,2,- -  -,
29170624,Danny Preston,D/WB/AM (L),1.39,12,9,10,10,11,13,12,11,13,9,12,8,8,7,13,4,9,10,8,11,6,13,8,9,8,4,8,5,8,4,4,9,10,3,11,9,4,3,2,3,3,2,2,2,2,3,2,- -  -,
28018613,Kieran Trippier,D/WB (RL),1.19,9,9,10,8,16,10,10,9,12,13,13,15,13,13,15,8,16,14,13,16,13,16,13,15,8,8,14,15,10,10,10,12,13,4,15,13,2,2,3,3,1,3,1,1,2,3,2,- -  -,
2002082137,Ben Fleming,D/WB/AM (L),1.41,13,13,8,9,13,13,14,11,8,4,11,6,4,9,5,4,2,5,5,4,6,9,1,5,8,2,9,1,5,1,2,3,6,3,5,12,1,2,1,1,2,1,1,3,1,4,1,- -  -,Wnt
2000058114,George Walker,"D/WB (R), M/AM (RL)",1.36,10,10,5,12,9,12,7,4,9,5,6,4,5,10,6,12,11,3,7,4,6,5,4,6,8,4,9,1,4,1,3,1,7,1,5,8,4,1,3,2,1,2,1,1,4,1,1,- -  -,
91166521,Lennart Czyborra,D/WB (L),0.88,14,15,13,11,16,15,14,12,15,12,11,11,13,12,13,9,11,12,12,13,11,12,7,11,9,6,13,7,13,11,11,12,12,7,11,15,2,3,3,4,1,1,3,2,3,2,3,- -  -,Inj
43252226,Luca Pellegrini,D/WB/M (L),1.45,15,15,15,9,15,14,13,13,17,13,14,11,15,13,13,13,9,14,14,14,12,15,10,15,13,7,13,5,10,9,11,12,15,6,14,14,2,1,1,3,2,2,3,2,1,1,2,- -  -,Bid
62140884,Andrija Vukčević,D/WB/M (L),0.82,13,10,10,8,12,16,12,11,10,12,10,12,13,9,13,8,10,12,11,11,9,11,12,12,9,10,10,7,8,8,12,11,12,6,12,8,1,3,3,1,1,2,3,3,2,2,3,- -  -,Inj
2000058113,Kyle Smith,D/WB (R),1.85,14,10,10,8,12,11,12,10,6,7,8,9,15,8,15,7,7,8,10,8,7,10,7,9,8,4,9,4,7,7,9,9,9,3,10,8,3,3,2,2,1,3,2,1,2,2,1,- -  -,
29164969,Jordan Zemura,D/WB (L),1.38,15,14,12,7,16,16,17,9,9,12,8,13,12,12,16,12,9,12,12,14,11,17,7,12,14,9,12,6,8,6,8,12,12,6,13,13,1,3,3,3,1,3,3,2,2,3,2,- -  -,Lst
67199621,Luis Pérez,D/WB (R),1.91,14,13,13,8,13,15,15,12,13,13,15,11,14,12,14,11,10,13,13,13,9,16,6,11,10,6,14,4,5,6,12,14,11,7,13,12,2,2,2,2,2,2,4,3,1,3,2,- -  -,
72045915,Richie Laryea,"D/WB (RL), M (R)",1.41,13,14,12,8,13,13,13,11,14,11,12,10,11,10,11,10,8,11,12,11,12,12,8,13,11,10,13,8,7,10,3,11,13,9,11,11,2,2,2,1,3,2,3,3,3,3,4,- -  -,
2000218842,Jayden Smith,D/WB/M/AM (L),0.45,13,12,4,1,12,11,9,1,6,6,6,4,11,10,4,6,11,3,5,5,5,6,4,9,5,1,6,3,4,1,4,6,7,1,5,7,2,3,2,2,1,3,1,3,2,1,3,- -  -,
28110654,Jamie Reynolds,"D (L), M (LC), AM (L)",1.54,10,9,9,7,7,8,10,7,7,6,8,8,6,6,17,5,7,6,6,10,5,10,6,4,5,5,6,6,4,6,5,7,8,6,6,7,2,1,2,2,1,2,3,1,3,2,3,- -  -,
2000141061,Finn Delap,D (RL),1.14,8,10,4,8,9,12,11,5,9,7,8,5,8,13,13,4,9,2,8,6,6,6,5,8,1,3,4,1,4,1,3,8,4,2,10,6,1,2,1,2,2,1,1,1,2,3,1,- -  -,
2000146809,Freddie Stanley,D/WB (L),1.14,14,11,8,9,13,14,12,5,15,10,8,6,11,9,10,5,6,3,8,7,8,7,2,6,4,4,5,2,5,2,5,8,5,5,10,6,2,2,1,2,3,2,1,2,1,3,3,- -  -,
2000225296,Harmony Okwumo,D/AM (L),0.79,13,15,10,14,12,14,13,12,13,6,10,7,12,10,11,7,12,11,8,8,6,10,6,12,6,1,11,3,7,5,9,7,9,1,9,9,3,3,1,1,2,1,2,3,3,2,1,- -  -,Inj
2000140718,Jack Reilly,D/WB/M/AM (R),1.46,12,10,5,10,7,13,10,5,5,5,7,4,5,13,13,6,2,3,7,12,4,10,4,8,3,3,6,1,4,1,4,5,4,3,11,6,1,4,2,3,1,4,4,1,3,2,4,- -  -,
2002095517,Sebastian Chan,D (R),0.40,7,7,12,5,14,8,7,5,11,9,8,8,9,10,15,4,6,4,8,6,5,6,6,9,6,3,6,5,4,3,7,8,8,4,6,10,3,2,2,1,1,3,3,4,4,1,1,- -  -,
2002083964,Jazz Hill,D/WB/M/AM (R),1.28,12,8,14,5,9,10,4,2,6,5,15,5,4,4,10,5,5,7,2,3,3,1,5,7,8,4,11,7,2,3,2,3,7,3,3,6,1,3,1,1,2,2,2,3,3,2,1,- -  -,
2002083070,Louis Eletu-Galadima,D/WB (L),1.20,11,8,5,10,10,10,14,8,7,6,6,4,7,8,5,5,4,3,6,9,4,13,1,7,4,2,6,1,3,2,3,5,8,3,10,4,2,1,3,3,3,3,1,2,1,4,1,- -  -,
37025511,Mitchell Dijks,D/WB/M (L),1.41,10,9,13,12,13,13,9,13,15,13,14,12,13,13,14,11,11,14,12,16,12,16,4,11,11,3,14,6,10,5,14,12,14,5,13,14,3,2,2,2,2,1,3,2,1,2,2,- -  -,Ret
2002083281,Antony Hughes,"D/WB/M (R), AM (C)",0.97,8,6,12,6,5,6,11,6,11,6,12,7,6,9,10,4,6,4,5,7,5,10,3,6,3,3,8,6,5,2,5,6,6,2,6,11,3,2,3,3,1,1,1,2,2,3,2,- -  -,
28105802,Dan Meredith,D (RL),0.69,13,8,9,4,10,11,8,8,7,13,9,7,9,8,4,5,15,6,10,9,11,11,7,9,8,4,10,2,8,6,14,10,10,2,12,8,3,2,1,2,2,3,3,3,3,1,2,- -  -,
2002090788,Douglas Bruhn,D (L),1.00,15,13,15,6,16,12,17,10,15,12,19,8,11,14,20,7,11,7,10,17,10,14,4,5,7,4,9,4,6,7,3,11,9,9,8,9,1,3,1,1,1,1,2,2,1,1,1,- -  -,
2000027009,Dane McCullough,D (L),0.41,10,12,11,10,12,12,11,10,5,8,8,7,11,13,11,7,12,6,8,8,8,6,5,8,1,5,6,1,6,5,10,7,6,1,12,5,2,2,2,2,2,2,1,3,1,1,1,- -  -,
2000125467,Ben Collins,D/WB (L),0.85,11,9,5,7,12,10,10,4,12,9,8,7,11,8,3,5,10,3,9,9,8,8,7,10,4,3,7,3,7,3,6,10,12,3,10,7,2,4,3,3,3,2,3,3,3,1,3,- -  -,
28110312,Reece Devine,D/WB (L),0.72,13,11,12,12,15,12,10,10,12,12,13,13,13,12,9,8,4,12,12,12,7,12,13,13,12,6,10,8,8,5,8,10,10,8,12,13,3,3,2,2,2,1,2,1,3,3,1,- -  -,
2002114684,Naby Touré,D (R),0.85,8,10,15,12,11,10,11,9,8,9,10,12,9,12,11,8,15,9,14,9,8,10,7,10,7,7,8,5,8,6,8,12,11,7,12,12,3,1,1,1,1,3,2,2,2,3,1,- -  -,
29064953,Nathan Fox,D/WB/M (L),0.85,9,7,6,7,4,9,9,8,9,8,9,6,8,8,11,3,5,6,7,12,10,10,7,7,7,5,6,6,6,5,16,6,6,6,6,6,2,3,1,3,3,1,3,2,1,3,3,- -  -,
2002079683,Johnny Pintos,D (L),0.66,14,12,11,9,14,14,13,12,15,9,18,8,13,11,15,7,9,6,11,12,9,13,3,6,6,2,11,1,5,6,7,12,8,3,14,11,2,3,3,2,1,1,2,3,2,2,2,- -  -,Int
29158753,Alex Brown,D/WB (L),1.40,11,10,9,5,12,8,10,3,10,9,8,6,9,9,11,3,5,4,10,10,7,10,5,6,5,4,5,4,6,4,8,10,8,6,10,8,3,4,1,2,3,3,4,3,2,3,1,- -  -,
2002102510,Dawid Jakubowski,"D/WB (L), M (C)",1.95,14,14,11,4,12,11,14,13,15,12,10,8,12,12,17,6,8,8,13,16,11,14,7,10,9,6,11,4,5,6,9,9,14,8,9,9,1,1,1,4,2,3,4,3,2,1,2,- -  -,
2000045043,Callum Sullivan,D/WB (RL),0.85,12,12,12,11,13,12,14,13,8,11,6,12,13,10,8,11,11,11,14,12,11,12,7,10,10,8,10,8,10,9,8,10,11,7,9,9,2,3,2,1,3,3,1,1,3,3,3,- -  -,
61087405,Cammy Logan,"D (RL), WB (R)",1.35,14,12,12,9,12,14,12,11,13,10,13,8,11,9,15,11,12,9,12,13,11,13,5,12,11,6,12,5,9,9,10,9,11,5,11,10,1,2,1,1,2,3,2,2,3,1,2,- -  -,
2002080688,Franck Matip,"D (RL), M/AM (R)",0.97,15,13,12,12,12,13,11,8,8,9,15,9,9,9,10,12,5,14,9,16,9,14,6,11,11,5,9,5,9,9,7,6,8,4,8,13,1,2,2,3,3,3,2,1,2,1,2,- -  -,Int
292380014,Lenni Rae Cirino,D/WB (L),1.56,15,13,11,10,11,15,11,12,9,10,8,8,10,11,7,9,7,8,9,11,7,12,6,7,11,4,8,5,5,5,6,9,8,5,7,10,4,2,3,3,3,2,1,1,3,2,1,- -  -,Wnt
58030742,Georgy Schennikov,D/WB (L),0.52,12,12,9,8,16,11,13,8,12,13,14,9,15,12,13,9,4,11,13,15,7,14,5,8,4,7,12,3,8,7,9,12,12,4,11,11,1,2,1,3,2,1,2,2,3,1,1,- -  -,
85074543,Damien Dussaut,D/WB (R),0.75,12,12,11,9,12,12,13,11,11,11,9,12,12,12,13,12,9,10,12,12,11,13,10,11,10,7,12,7,9,7,11,10,11,5,12,11,3,1,2,3,2,3,2,1,1,3,3,- -  -,Inj
2002081327,Michael Murray,D (L),0.79,9,11,5,5,9,13,8,3,13,6,18,6,10,11,10,10,4,3,10,8,5,5,3,4,4,1,4,2,7,1,1,6,5,3,11,7,2,3,4,1,2,3,1,3,1,3,2,- -  -,
96075390,Robert Gumny,"D (RL), WB (R)",1.17,14,14,12,8,13,15,13,8,14,13,12,12,14,14,15,10,6,13,12,11,11,14,7,13,10,6,13,5,10,5,11,12,12,8,13,13,2,2,1,1,2,1,1,2,4,3,2,- -  -,
29218349,Isaac Pitblado,D (L),1.01,14,13,6,3,12,13,12,6,13,5,6,3,8,11,10,6,13,3,9,7,7,7,5,6,3,1,5,3,5,1,6,10,6,1,7,3,3,3,3,3,3,3,2,1,2,2,1,- -  -,
2000222075,Maeson King,D (L),0.58,12,12,12,3,13,13,13,7,15,9,9,6,12,13,15,7,13,7,11,7,7,8,5,12,8,4,11,4,6,4,6,6,6,4,10,7,3,3,2,1,3,4,1,3,1,2,3,- -  -,Inj
78066197,Mathías Suárez,"D (RL), WB (R)",0.86,12,13,11,9,13,13,14,12,16,13,14,9,10,11,13,10,9,12,11,11,10,14,9,10,9,8,12,6,13,6,16,12,12,11,12,11,3,1,2,2,3,2,3,1,2,3,1,- -  -,
2002083314,Matthew Emlyn,D/WB/AM (R),1.17,12,13,11,11,9,10,10,5,7,7,16,3,1,8,15,10,5,6,1,1,7,3,2,8,10,1,5,3,1,1,4,1,8,1,3,8,2,3,1,1,2,3,3,1,1,1,2,- -  -,
2002082819,Robert McFarlane,D/WB (L),0.89,12,10,15,4,14,11,13,11,8,12,16,8,11,12,13,11,15,7,11,15,6,13,6,10,8,4,8,3,7,3,6,8,12,5,11,13,2,2,2,2,3,2,3,1,1,1,3,- -  -,
2000140247,Greg Sandiford,D (RL),1.25,7,8,7,7,12,10,13,3,7,8,7,5,14,12,10,5,6,3,11,7,6,5,3,6,1,1,10,2,5,4,6,12,8,2,14,7,3,2,1,1,1,2,3,3,1,2,1,- -  -,
2000201099,Deago Nelson,D/WB (R),1.37,16,16,12,9,13,15,12,11,10,9,9,7,9,14,15,10,5,6,6,8,6,7,5,9,8,1,12,2,8,5,6,4,8,3,8,8,2,4,3,3,2,1,3,3,3,1,3,- -  -,Wnt
28103584,Cole Dasilva,D/WB (RL),0.95,13,10,8,4,11,13,9,7,8,5,9,8,9,7,12,9,10,4,9,10,8,8,8,9,6,5,7,10,5,9,8,6,6,3,8,10,2,1,3,2,1,2,2,2,3,3,4,- -  -,Opt
2002094917,Alexandru Caunii,D/WB (R),1.41,9,13,9,6,7,10,14,8,8,9,8,6,10,9,10,8,7,7,6,9,7,7,4,8,5,4,7,3,5,5,5,8,7,3,10,9,1,2,3,2,3,2,3,2,2,3,4,- -  -,
2000140599,Ajay Weston,D/WB (L),1.28,14,13,6,7,13,13,13,9,13,6,8,2,10,12,17,7,2,2,5,6,4,6,4,7,3,1,8,1,3,4,4,8,4,1,10,6,1,2,3,1,2,3,2,3,2,3,4,- -  -,
2000177040,James Moorby,D/WB (L),0.94,11,12,7,12,14,11,12,7,14,6,7,2,8,8,6,8,13,6,6,5,3,6,5,6,3,3,8,1,5,1,3,5,5,1,9,5,1,1,1,3,3,2,1,1,2,3,1,- -  -,
2002102316,Dániel Szekeres,D/M/AM (R),1.70,10,15,13,9,13,10,9,9,10,7,7,7,7,4,17,13,13,9,7,5,3,8,5,13,7,6,8,4,5,1,4,3,8,4,4,11,3,1,1,2,3,3,4,1,1,1,1,- -  -,Inj
2002094698,Kole Iland,D/WB (L),0.79,9,7,7,9,12,8,9,8,13,9,16,6,6,7,11,6,9,5,5,8,5,8,6,6,7,1,8,2,6,2,5,6,7,6,8,11,2,1,1,3,2,3,3,1,1,2,1,- -  -,
2002081284,Joe Raso,D/WB (L),1.07,14,11,11,9,15,12,12,12,8,12,18,5,12,12,10,8,5,5,12,8,7,11,6,9,4,1,7,4,4,10,4,9,5,5,12,12,3,1,1,1,3,2,3,1,1,3,1,- -  -,Trn
2002083814,Dharius Brazel,"D (RL), M (R)",1.17,7,7,12,9,12,7,7,5,8,9,17,4,8,6,6,5,5,4,9,8,3,9,4,4,5,4,7,4,4,4,2,7,7,3,7,7,1,4,2,1,1,3,2,2,2,1,2,- -  -,
29192119,Kayden Williams Lowe,D/WB (R),1.33,12,12,10,5,11,13,14,7,6,9,6,8,9,6,9,8,5,8,7,8,5,12,5,5,9,4,7,5,5,4,7,9,9,6,7,10,3,3,3,1,4,3,1,3,3,2,3,- -  -,
2002103325,David Rios,D/AM (R),1.50,14,15,11,5,11,14,15,8,16,6,11,5,9,9,3,4,14,7,8,7,7,10,3,10,7,1,9,1,7,6,5,9,6,5,5,12,1,1,2,3,3,1,1,3,3,2,1,- -  -,
19266625,Marlon,D/WB/M (L),1.49,15,14,12,6,13,14,13,9,13,13,15,10,8,11,13,12,6,12,12,12,13,14,12,13,11,5,12,12,6,10,10,10,13,7,12,14,1,2,3,1,2,2,1,1,3,1,1,- -  -,
29217117,Jack Currie,D/WB/M (L),0.72,12,13,11,10,14,13,13,8,6,13,13,12,10,11,15,12,7,12,10,12,9,13,6,10,11,5,11,5,7,6,6,8,8,4,10,11,1,1,1,3,3,3,3,2,2,2,3,- -  -,Wnt
2000216426,Joel Vincent,D/M/AM (R),1.85,14,16,8,7,8,14,5,6,9,4,8,8,6,5,12,6,4,6,2,6,5,8,3,9,11,3,7,1,3,4,2,1,8,3,6,7,1,3,2,2,2,2,3,3,1,1,1,- -  -,
2002084028,Sibusiso Schoeman,D/M (R),0.48,4,5,4,11,12,4,12,5,13,5,16,3,5,10,6,5,9,4,9,14,4,9,5,4,4,4,6,7,3,3,3,7,5,5,11,6,2,4,3,3,2,3,2,1,1,1,2,- -  -,
2002095218,Bob Collins,"D (RL), WB (L)",0.81,12,11,10,3,14,10,11,6,8,7,9,3,5,6,12,5,12,5,5,14,8,12,3,7,6,1,5,1,3,1,3,8,6,1,7,10,1,1,3,2,3,1,2,4,2,4,2,- -  -,
2002082270,Stuart Owen,D/WB (L),3.00,13,16,12,2,14,13,16,5,6,9,15,9,8,12,13,9,8,8,6,10,6,11,5,8,5,1,11,1,5,4,4,4,8,3,5,11,3,2,3,3,2,1,1,1,2,2,1,- -  -,
2002095213,Aaron Brown,D/WB (L),1.00,13,14,9,2,13,13,14,8,6,9,9,11,7,12,12,11,3,11,5,10,9,11,6,10,9,4,9,2,4,5,6,5,8,4,7,13,2,2,2,1,1,3,1,4,2,2,2,- -  -,
2002102607,Petr Petr,D (L),0.97,11,12,8,11,11,10,10,7,14,7,9,8,9,11,13,6,3,4,10,7,6,12,7,4,4,2,7,3,5,5,3,7,6,3,11,11,3,2,2,2,1,1,2,1,1,3,3,- -  -,Yth
2002095280,Roche de Vries,"D (RL), AM (L)",1.75,14,13,9,7,12,12,16,7,7,8,17,7,13,12,5,7,3,3,7,6,2,10,4,10,4,1,6,3,6,2,3,7,7,3,8,10,1,3,1,3,4,1,3,3,3,2,3,- -  -,Int
2000101512,Jak Whiting,D (L),1.61,9,8,8,7,12,10,11,9,9,9,7,5,10,10,11,5,11,6,7,10,7,9,7,5,5,3,5,4,7,4,8,9,7,3,10,7,3,2,4,4,3,2,4,3,2,2,2,- -  -,
28109894,George Tanner,"D/WB (RL), M/AM (R)",1.38,13,13,8,11,15,13,14,11,15,11,11,11,11,10,14,11,7,10,12,13,11,15,5,12,12,6,12,6,6,4,6,11,11,3,13,11,3,4,1,3,2,2,1,4,1,1,1,- -  -,
2000135380,Nana Owusu-Gyimah,D/WB (R),0.83,11,9,9,8,9,9,11,11,8,11,5,8,10,11,10,8,9,6,11,8,9,8,6,6,10,6,11,5,8,6,6,10,10,5,10,11,3,2,1,1,3,2,3,2,1,1,4,- -  -,
2000107950,Durell Manhertz,D (RL),1.30,11,11,7,6,5,13,9,5,7,6,7,7,8,11,11,5,11,4,9,9,6,6,6,8,4,3,7,5,5,5,6,7,6,4,10,5,1,1,3,2,3,3,2,1,3,2,1,- -  -,
2002094876,Edward Bennett,D/WB (L),1.00,9,7,6,5,9,9,11,7,8,9,5,7,11,11,6,6,4,6,8,11,5,13,5,9,6,4,7,1,5,4,5,6,5,3,7,11,1,3,1,1,4,2,1,2,1,1,3,- -  -,
2000190304,James Nolan,D/WB (RL),0.92,14,13,10,12,9,14,14,12,13,8,10,6,8,13,8,7,10,11,11,9,6,11,4,8,12,1,8,2,7,6,3,6,10,1,7,12,1,3,2,2,3,1,3,3,2,1,2,- -  -,
2000026116,Adam Montgomery,D/WB/M/AM (L),1.95,13,13,13,6,12,13,12,9,11,9,14,10,11,9,15,12,13,10,10,14,9,13,10,8,12,7,7,9,11,12,7,12,10,3,9,12,2,1,2,3,2,1,2,2,3,1,1,- -  -,
2002079682,Daniel Fernández,"D (RL), AM (L)",1.43,14,14,9,5,14,13,14,9,13,8,13,7,9,12,6,3,6,6,3,11,7,10,5,7,9,2,8,1,3,3,7,7,6,4,7,13,1,3,3,3,1,1,3,1,3,1,3,- -  -,
2002108411,Pablo Díaz,D/WB/M/AM (R),0.89,13,14,9,5,17,13,11,6,11,11,11,10,9,12,13,14,13,12,8,10,9,13,4,9,10,3,12,6,6,6,7,5,11,5,8,14,1,1,3,3,3,3,4,1,2,3,3,- -  -,
2000047201,Joel Green,D (L),0.64,11,11,7,14,13,9,7,6,5,9,5,5,7,11,3,5,8,5,7,8,7,7,6,7,2,2,7,4,5,4,4,9,7,3,10,6,1,1,2,4,1,2,1,4,2,3,3,- -  -,
2000023987,Simone Iob,D/WB (R),1.11,15,11,8,12,12,13,13,10,12,8,8,8,13,11,15,6,11,7,9,8,8,8,5,11,7,6,11,3,7,6,8,5,8,1,11,8,1,1,3,3,1,2,1,1,3,2,2,- -  -,
2002103801,Emanuel Cornejo,D/WB (L),0.73,13,14,15,8,15,12,12,10,8,12,14,9,10,16,20,10,8,8,11,10,9,14,8,11,7,6,9,4,6,7,11,11,6,7,9,12,3,1,3,1,1,1,4,3,3,3,3,- -  -,Int
2002083824,Sam Weeks,"D/WB (R), M (C)",1.44,9,11,7,8,12,10,14,8,8,9,9,6,5,7,17,7,6,6,5,9,4,8,4,6,6,1,8,1,3,2,1,6,7,4,5,11,2,3,2,1,3,3,3,2,3,3,2,- -  -,
2002081473,Tommy Lewis,D (R),0.52,11,12,16,2,12,14,13,11,13,9,14,9,14,13,15,7,13,3,12,15,9,12,6,7,6,4,5,2,6,3,4,10,7,5,9,7,2,1,2,2,2,3,3,2,2,2,1,- -  -,
29125192,Jay Dasilva,D/WB/M/AM (L),1.01,14,15,8,4,10,13,11,9,5,13,10,12,11,12,10,15,9,12,11,11,13,13,7,12,11,7,11,6,4,4,11,11,13,8,10,11,2,2,1,2,2,3,3,1,2,3,2,- -  -,
2002083042,Iván,D/WB/AM (R),1.54,13,17,11,3,13,13,9,8,7,8,17,7,5,8,9,9,7,8,7,9,6,10,4,13,10,3,10,3,11,6,6,6,9,3,12,13,3,2,1,2,3,3,2,3,3,1,2,- -  -,
13117442,Baba Rahman,D/WB/M (L),0.61,11,13,11,11,14,11,11,8,14,14,13,11,13,10,15,12,9,13,11,12,9,16,8,14,11,7,13,5,9,8,13,13,11,9,16,13,3,3,2,2,3,1,3,1,2,2,1,- -  -,
67184347,Íñigo Lekue,"D/WB (RL), M/AM (R)",0.54,10,9,12,10,14,11,12,8,10,14,13,10,12,13,13,12,8,13,13,14,11,15,9,13,11,7,13,7,10,7,8,12,13,6,14,14,3,3,1,2,3,4,4,3,1,2,3,- -  -,
2002102692,Mihai Miron,"D (RL), WB (R)",0.84,15,14,16,9,10,13,15,5,11,7,17,9,10,14,13,12,10,7,8,15,11,14,5,8,9,4,12,2,7,5,7,8,9,7,6,12,1,1,4,1,4,1,3,3,1,1,3,- -  -,
2002112239,Luiz Carlos,D (RL),1.08,14,12,5,3,17,11,14,6,5,5,15,6,7,6,3,3,6,5,8,10,6,13,4,8,5,2,7,2,5,3,2,6,3,7,8,10,1,1,1,1,3,3,2,1,3,1,2,- -  -,
29146039,Luther James-Wildin,D/WB (R),1.05,11,10,10,11,13,10,12,12,9,12,10,11,10,10,13,9,10,10,14,10,8,12,5,6,8,5,8,6,11,9,9,12,9,5,12,8,3,2,2,2,1,1,1,2,1,3,1,- -  -,Ask
2000054419,Ashaiah Fearon,D/WB (R),0.88,12,9,11,5,9,12,9,5,12,8,8,4,10,7,10,9,13,3,7,13,4,11,5,8,7,2,8,3,6,2,6,7,5,3,12,7,3,3,1,1,4,2,1,3,2,2,1,- -  -,
2002095198,Ty Farmer,D/M/AM (R),1.21,9,10,10,10,13,9,11,5,12,4,7,5,5,7,11,4,12,5,3,15,7,12,3,7,4,2,5,1,8,2,1,5,5,1,2,8,3,2,2,4,2,2,3,1,1,2,3,- -  -,
2002083640,Arun Mutch,"D (L), WB (RL), AM (R)",0.99,14,12,10,8,7,15,10,9,10,8,6,5,9,8,13,12,12,8,6,8,5,7,4,5,11,6,8,8,7,8,3,6,6,4,8,12,3,2,1,2,1,2,1,2,4,3,1,- -  -,
2002080854,Jonathan Keena,"D (RL), WB/AM (R)",1.66,11,15,13,1,12,11,15,8,11,2,9,3,2,9,15,7,9,3,2,15,2,10,4,5,5,2,8,1,4,1,5,3,7,1,2,7,2,3,2,3,1,1,1,3,4,2,3,- -  -,
2000051177,Sean Lawton,D (L),0.73,11,8,8,11,10,10,12,5,12,6,9,11,9,15,8,9,4,4,8,9,6,7,3,10,3,3,11,2,8,3,4,8,8,1,7,8,1,3,3,2,2,1,3,3,1,1,2,- -  -,
2000191712,Brandon Powell,D/WB/M/AM (L),1.11,13,15,9,4,16,13,11,8,9,9,8,8,6,14,18,6,11,8,5,13,6,12,6,8,7,3,9,6,3,4,6,8,8,7,12,8,2,1,2,2,1,2,3,3,1,2,2,- -  -,
28122190,Cody Drameh,"D (RL), WB/M (R)",1.35,15,12,14,11,16,15,14,11,12,11,12,11,9,9,15,12,11,12,12,12,10,13,10,11,12,8,11,7,6,7,9,10,10,6,13,11,3,2,2,2,3,2,1,2,1,3,1,- -  -,Ask
2002095833,David Smith,D/WB (R),1.11,10,7,7,11,12,9,13,8,15,7,7,5,7,10,14,9,10,6,8,14,5,9,6,9,7,4,7,2,7,6,7,10,5,4,7,5,1,3,3,1,3,3,1,3,4,3,2,- -  -,
2002083355,Jere Helminen,D/WB (R),1.15,13,12,14,3,12,11,11,8,15,6,9,6,8,9,16,8,7,9,6,9,5,8,2,8,8,5,9,3,3,3,3,5,8,4,10,11,1,3,3,1,2,3,1,1,1,1,2,- -  -,
2000105669,Sonnie Davis,D (R),1.48,11,12,9,8,13,11,10,9,12,11,10,8,11,14,15,10,13,6,11,7,6,9,8,10,3,3,10,13,7,5,6,9,6,4,12,6,3,3,2,3,2,3,4,3,2,3,2,- -  -,
2000016400,Gonçalo Esteves,D/WB (R),0.34,14,14,13,5,15,15,14,13,15,14,14,10,13,12,16,12,8,13,12,12,11,13,6,11,13,7,13,6,7,10,10,10,12,6,12,13,1,1,1,3,1,3,2,1,3,3,2,- -  -,
2002108899,Henrik Hastrup,"D/WB/M (R), AM (RC)",1.46,14,8,11,8,15,9,6,2,10,9,6,8,6,10,17,7,5,9,5,6,11,11,6,8,8,7,5,9,3,8,3,3,11,4,4,9,2,1,3,3,3,1,3,3,1,1,1,- -  -,
29228244,Harvey Sayer,"D/WB/M (L), AM (RL)",1.63,13,12,11,6,10,14,13,7,8,11,6,9,9,10,12,8,14,11,9,9,10,11,12,11,11,6,10,11,6,8,2,8,10,10,6,11,1,2,4,3,1,3,2,3,3,2,2,- -  -,
29192118,Kai Woollard-Innocent,D/WB (L),0.87,13,13,9,7,14,12,9,8,7,12,8,8,10,10,10,5,1,7,9,9,5,11,4,10,9,5,8,1,7,7,8,10,10,3,8,10,2,1,3,2,1,3,2,1,2,3,1,- -  -,
2002082573,Josh Higgins,D/WB/AM (L),0.59,15,14,13,11,14,11,13,11,7,9,10,8,4,11,14,12,10,6,3,8,7,13,3,8,10,6,6,4,10,4,6,2,6,2,4,10,1,1,1,3,2,2,3,3,3,1,2,- -  -,Loa
2002090331,Daniel Westergren,D (R),0.62,12,11,11,12,14,12,14,16,15,13,11,6,12,9,12,5,11,7,13,12,6,8,6,9,8,5,9,4,7,5,11,15,8,7,13,11,1,1,3,1,2,3,3,3,3,2,2,- -  -,
2000179765,Lucas Dickinson,D (R),0.70,12,12,7,10,14,10,13,8,10,7,7,5,10,11,3,5,4,2,6,7,7,6,2,8,3,3,8,1,5,3,5,10,6,5,11,6,1,3,2,3,1,2,1,3,3,1,3,- -  -,Loa
2000140719,Luca Latona,D/WB (L),1.12,13,12,8,7,9,10,10,5,7,4,8,4,8,12,18,5,10,1,6,12,5,9,5,9,3,1,5,5,4,2,1,7,5,2,8,5,1,3,3,1,3,3,3,3,1,4,1,- -  -,
2002083539,Danny Williams,D/WB (L),1.10,10,10,6,4,5,7,10,5,18,5,4,6,6,12,13,3,4,5,5,7,4,11,1,5,6,3,6,1,4,7,4,6,7,1,7,11,1,3,4,2,2,1,3,1,1,3,1,- -  -,
2000112607,Jacob Slater,D/WB (L),0.76,13,13,9,8,10,13,10,9,9,7,10,9,9,14,14,9,6,4,7,9,8,9,6,13,8,6,7,3,9,8,2,9,10,4,13,9,3,3,1,3,2,1,3,2,3,2,3,- -  -,
2002112212,Ernesto Rodríguez,D/M/AM (R),1.81,9,7,13,7,11,9,10,6,6,8,5,8,7,8,12,10,15,8,7,18,5,14,8,7,6,7,7,10,6,4,6,8,8,5,8,12,1,3,3,2,4,2,3,3,2,3,3,- -  -,Yth
2002080899,Rhys Davies,D/WB (L),0.76,12,9,5,4,13,8,13,2,9,5,12,3,6,8,4,2,9,3,6,9,2,6,4,5,3,2,5,1,2,2,4,7,4,3,9,9,3,3,3,3,2,3,1,2,1,3,3,- -  -,
2000086231,Freddie Price,"D/WB/M (L), AM (RL)",1.86,12,15,15,3,16,12,10,6,5,7,9,4,5,7,15,12,13,11,5,11,9,9,5,8,12,7,11,6,4,6,6,4,13,1,3,11,2,2,1,2,1,2,1,3,1,2,1,- -  -,
2000191507,Adam Aznou,D/WB/AM (L),1.33,16,15,12,6,14,16,15,11,12,11,9,12,11,12,15,15,4,13,13,11,13,12,4,13,12,7,14,6,9,10,10,12,14,8,12,14,3,2,2,3,4,4,1,3,1,2,1,- -  -,
2002082683,Jan Mensink,"D/WB (R), M (C)",1.31,12,12,12,8,12,11,14,11,10,9,13,11,12,12,17,10,16,6,11,12,11,12,6,9,7,6,9,5,10,7,12,11,8,4,10,11,3,2,3,3,3,3,1,2,2,4,3,- -  -,
2002108949,Pedro Ferreirinha,D/WB (L),1.19,13,13,16,5,16,13,15,8,7,10,18,6,12,12,18,11,1,7,13,14,11,14,7,11,12,3,8,4,7,5,8,10,14,5,15,12,1,4,3,3,2,1,1,2,1,4,1,- -  -,Yth
2002094557,Abass Bonsu,D/WB (L),1.27,10,9,9,11,14,8,10,8,16,8,7,7,10,10,9,5,7,4,5,12,6,9,8,9,5,3,7,4,5,3,3,6,6,4,6,9,2,3,1,3,2,3,1,1,1,1,1,- -  -,
91123051,Marnon Busch,D/WB/M/AM (R),0.84,11,11,13,9,14,12,12,10,14,11,16,12,14,13,14,10,12,12,10,12,10,16,8,14,9,6,11,4,6,9,13,12,10,5,13,12,1,1,2,2,3,4,2,2,3,2,3,- -  -,
2000124243,Luis Lacey,D/WB (L),1.38,14,10,9,10,15,12,12,7,15,11,7,7,14,12,10,6,12,3,8,7,7,7,4,11,5,1,5,1,6,3,7,9,7,3,12,6,2,1,1,1,2,1,1,4,3,3,3,- -  -,
29083579,Rob Hunt,D/WB (RL),0.76,11,9,7,6,12,12,12,7,10,9,8,8,11,11,11,6,8,6,10,11,7,13,8,8,7,5,10,11,6,7,6,10,11,5,8,9,1,1,2,3,3,3,1,2,2,2,2,- -  -,Wnt
2002083838,Andy Marsh,D (R),0.96,7,5,12,5,11,10,9,5,10,6,16,5,7,12,12,4,7,4,8,8,3,11,6,4,5,1,8,3,5,2,7,8,5,4,7,11,2,1,1,2,1,2,4,1,3,1,2,- -  -,Inj
2000140874,Vonnte Williams,"D (RL), WB (L)",1.35,14,14,10,2,12,15,13,7,10,10,8,8,7,12,5,9,2,3,7,11,4,9,3,11,9,4,9,1,5,3,4,4,8,1,9,5,2,2,2,1,1,2,2,2,3,1,3,- -  -,
2002108303,Vegard Frøset,"D/M (R), AM (C)",1.44,10,9,8,1,11,10,13,4,18,11,11,10,8,11,3,8,13,9,9,14,9,16,8,9,8,8,10,5,7,6,11,8,9,8,10,14,2,2,3,1,2,2,1,1,2,3,1,- -  -,
2002082814,Mick McConville,D (RL),0.76,9,8,6,8,14,9,8,6,10,5,8,8,7,14,5,4,7,4,9,15,5,9,3,8,4,3,6,2,3,2,3,6,5,4,7,7,3,3,2,2,1,3,2,3,1,3,1,- -  -,
2000228876,Riccardo Di Trolio,D (R),0.39,13,10,6,9,14,10,9,5,13,6,8,5,10,9,15,6,12,3,9,7,7,7,5,9,3,3,9,2,3,1,2,7,8,1,8,6,2,2,1,1,1,2,1,3,1,2,2,- -  -,
2002083622,Willem Maher,D (L),1.39,9,11,10,9,9,9,11,6,9,5,5,5,4,8,13,6,4,5,5,16,4,14,3,6,4,1,5,1,4,2,2,3,8,1,3,7,3,2,3,1,2,3,1,3,2,3,3,- -  -,
2002083496,Seán Murray,D (L),1.28,10,7,10,12,12,7,13,11,10,8,16,4,9,10,10,10,6,3,9,12,6,7,1,5,4,1,4,1,7,4,1,5,5,3,5,7,2,4,3,3,3,3,2,3,2,2,3,- -  -,
2000212988,Ethan Tanner,D (L),2.12,13,12,4,7,12,14,8,3,13,8,6,6,5,10,15,5,11,3,8,5,5,4,2,6,3,1,6,1,1,2,3,7,3,2,10,3,1,2,2,3,3,2,3,2,2,2,1,- -  -,
2002094494,Ante Maslov,D/WB (L),1.35,13,10,12,10,12,10,14,6,13,10,12,7,11,11,15,11,10,6,7,14,8,11,5,7,7,1,8,1,4,3,4,7,5,3,7,12,2,2,2,2,1,1,2,2,1,3,3,- -  -,Int
2000101503,Alex Fletcher,D (R),1.31,10,6,5,7,6,9,12,6,15,6,6,5,8,14,14,5,8,4,6,7,3,5,5,5,3,4,9,2,5,3,4,4,6,5,6,7,2,1,3,2,3,4,4,3,3,4,3,- -  -,
2002095880,Joaquín Sánchez,D/WB (R),1.09,10,5,10,5,12,6,9,7,6,6,8,4,9,10,11,3,4,5,6,6,5,11,3,8,5,3,4,2,4,3,3,5,6,6,8,8,3,2,2,2,1,3,2,3,2,2,2,- -  -,
2000110086,Roman Khela,D (R),1.17,13,12,5,9,15,13,13,9,8,4,8,7,10,7,8,7,12,3,8,6,7,6,5,10,4,1,7,1,1,1,6,7,6,1,11,4,2,2,3,2,1,2,2,3,3,1,4,- -  -,
2000011147,Miloš Kerkez,D/WB/M (L),0.94,15,15,12,9,15,14,14,11,14,13,14,14,13,12,15,12,8,13,9,13,10,15,5,11,13,7,12,8,5,10,10,10,12,7,12,13,2,2,1,2,2,1,2,2,3,3,2,- -  -,
43274094,Samuele Birindelli,D/WB (R),0.38,15,15,11,8,13,15,12,12,10,14,11,12,13,13,13,12,11,13,12,12,11,13,11,15,13,8,13,7,9,12,13,11,12,7,12,13,3,1,3,4,2,3,1,3,1,3,3,- -  -,
2002083499,Ian Browne,D/M/AM (R),1.52,7,10,8,6,12,10,12,3,14,5,14,3,5,8,10,8,6,5,4,11,3,9,3,7,2,1,6,4,2,1,5,4,6,3,5,11,1,1,1,1,3,4,3,3,2,2,2,- -  -,
2000053201,Owen Palmer,D (R),1.28,14,13,4,9,14,14,5,5,7,5,8,4,6,8,5,5,8,4,7,7,6,6,5,4,4,3,6,5,4,1,5,5,6,2,8,6,1,2,1,3,4,4,2,3,3,2,4,- -  -,
2000216154,Christian Lynn,D (L),1.55,13,11,4,5,6,9,10,7,9,7,8,3,4,13,15,7,2,1,6,6,5,6,4,6,5,1,7,1,5,1,4,5,5,1,10,6,2,3,2,1,1,2,1,3,2,1,2,- -  -,
29090242,Matt Challoner,D/WB (R),1.30,5,5,7,7,12,7,8,5,12,8,13,9,10,9,7,4,2,4,11,11,5,10,4,7,6,4,8,4,7,4,7,12,9,6,12,8,1,2,3,1,2,3,2,1,1,2,2,- -  -,
2000146943,Harrison Byford,D (R),0.64,12,9,7,10,14,11,9,4,15,6,7,5,8,13,17,4,8,1,5,6,5,6,5,8,1,1,7,1,3,4,2,5,3,1,11,5,3,1,3,1,2,4,3,3,1,4,1,- -  -,
2002079649,Juan Carlos Ramírez,"D (RL), M/AM (R)",2.37,16,16,12,12,13,15,14,11,18,9,15,8,8,11,16,9,11,11,7,14,8,11,7,13,12,4,10,8,9,8,6,6,8,6,5,14,3,3,2,2,2,1,3,1,3,3,3,- -  -,Loa
2000123644,Max McKnight,D/WB/M/AM (R),1.20,14,13,10,7,10,12,15,8,9,9,9,7,11,12,15,10,10,8,9,12,12,12,6,12,9,3,10,6,7,6,6,8,8,4,11,11,2,3,1,3,1,4,2,2,4,3,3,- -  -,
2000043774,Bailey Akehurst,D/WB (L),0.93,11,10,10,12,12,10,12,10,7,9,8,9,9,9,10,7,7,7,9,12,11,13,11,11,8,5,8,9,8,8,8,9,10,7,11,10,1,2,2,4,2,2,2,2,2,1,1,- -  -,
2002114246,Aljaž Kovačević,"D (R), M (RC)",1.00,12,8,13,5,11,8,13,6,9,10,5,9,9,12,10,10,4,9,7,14,8,12,5,9,8,4,9,9,3,7,7,7,7,4,6,8,2,3,3,3,3,1,2,2,1,1,1,- -  -,Yth
2000049518,Josh Nicholson,D (L),1.34,10,7,4,6,14,10,13,6,12,10,8,8,11,11,16,4,6,3,9,8,8,6,4,8,4,1,8,2,5,3,6,7,6,1,11,5,1,3,4,2,1,3,1,2,3,3,2,- -  -,
2000133395,Tom Zerboni,D (L),1.01,9,8,6,5,5,13,11,4,15,5,8,2,11,10,19,4,8,3,5,5,3,5,4,9,1,1,4,2,4,2,2,5,4,2,6,3,1,3,2,1,1,2,2,2,2,2,3,- -  -,
2000138015,Jamie-Jay Burgess,D/WB/M (R),1.34,15,12,7,7,10,11,6,3,8,5,6,6,6,7,11,5,12,3,4,6,7,6,3,5,5,1,4,1,1,2,4,6,5,2,9,4,3,1,3,3,1,2,1,1,1,1,1,- -  -,
92017380,Marcel Heister,D/WB/M (L),0.84,14,12,8,14,13,13,13,9,16,10,11,4,6,9,13,11,8,7,9,8,10,14,12,13,9,7,12,12,10,14,11,9,10,10,11,10,3,2,3,2,1,3,1,3,1,3,3,- -  -,
2002108481,Miljan Filipović,D (L),1.05,14,13,8,5,14,11,12,7,12,8,7,3,5,9,15,10,15,6,5,7,6,12,4,9,5,4,7,3,3,3,9,4,5,4,4,5,3,3,1,1,3,3,2,2,1,3,1,- -  -,
2002108410,Miguel de Jesús Sepulveda,D (L),1.34,15,14,11,3,16,13,14,7,11,10,10,8,5,13,17,5,6,6,7,9,8,14,3,6,8,1,8,1,6,3,4,11,6,5,11,11,1,3,2,1,2,1,3,2,3,3,1,- -  -,
2002082655,Michael Barber,"D (L), WB (RL)",1.10,13,14,13,5,16,10,15,10,15,7,8,5,8,9,11,9,12,8,10,8,10,12,3,9,6,3,7,1,6,4,3,6,6,3,7,11,3,1,3,1,3,1,2,1,2,3,2,- -  -,
2000019643,Fin Stevens,"D (RL), WB (R)",0.94,13,13,13,6,13,14,13,12,12,13,13,12,14,13,14,12,10,8,13,12,14,13,11,13,12,8,13,8,11,8,11,12,12,6,12,12,1,2,3,1,1,4,2,1,2,2,1,- -  -,Wnt
28045426,Tosan Popo,D (R),0.70,6,7,7,7,15,6,7,4,5,10,8,5,10,7,12,6,10,7,11,10,9,10,3,5,6,8,9,1,9,3,8,13,8,7,7,8,3,3,2,2,2,3,3,2,2,3,3,- -  -,
2002095249,Emlyn Goodwin,D/WB/M/AM (R),1.67,14,14,9,10,14,13,13,11,16,5,6,5,4,7,9,10,2,10,2,14,6,12,4,8,16,2,9,3,2,3,4,4,6,4,5,13,2,3,1,1,2,3,3,3,2,3,2,- -  -,
2000230880,Luke Richards,"D (RL), WB (R)",1.37,7,7,8,13,17,8,9,5,15,11,8,8,12,11,14,5,9,3,9,8,8,8,3,6,7,3,9,1,8,3,6,6,8,5,11,9,1,2,3,2,2,2,4,3,1,1,3,- -  -,
2002083396,Pekka Nylund,"D (R), M (C), AM (R), ST (C)",0.76,12,9,14,6,14,9,14,8,7,4,8,4,6,8,14,7,12,5,3,14,3,10,2,5,6,7,6,2,7,1,4,5,3,4,5,4,3,4,3,3,3,1,1,2,2,1,1,- -  -,Opt
2002103554,Lukman Alabi,D/WB (R),1.47,5,5,12,8,15,4,8,4,12,5,8,6,4,8,8,8,1,4,4,11,4,6,4,5,5,2,9,1,2,3,2,4,7,3,4,13,4,2,1,1,2,2,2,1,1,3,1,- -  -,
2002083029,Fermín Franco,"D/M (R), AM (C)",1.16,12,14,14,5,13,13,16,13,11,13,13,12,7,12,15,13,8,9,6,12,12,16,7,5,11,2,14,9,10,9,12,5,10,5,6,15,2,1,2,2,3,3,3,2,3,1,1,- -  -,
2002082294,Gabi Butterfill,"D (RL), WB (R)",1.40,13,9,13,6,13,12,13,10,9,10,17,8,12,11,17,7,10,8,12,12,11,9,6,10,6,4,7,3,5,6,7,10,9,4,12,8,1,3,1,1,2,1,4,1,3,2,1,- -  -,
2000181492,Spencer Marchant,"D (L), M (C)",1.35,9,10,6,1,13,11,12,3,6,7,1,7,8,11,4,5,12,2,5,5,4,7,5,8,3,1,4,2,4,2,1,7,7,3,11,5,3,2,1,3,2,3,3,1,2,2,3,- -  -,
2000124240,Hayden Pickard,D/WB/M/AM (L),1.45,14,12,10,7,13,12,15,10,12,8,5,8,7,12,5,7,14,7,7,8,6,8,5,9,10,3,8,5,6,5,5,6,9,3,5,10,1,1,2,1,1,3,1,3,3,2,2,- -  -,Loa
2002113877,Alexandr Shabalin,D (L),0.74,12,14,11,8,7,14,15,5,8,11,16,7,5,12,12,8,13,12,6,7,6,11,9,14,9,6,11,5,7,4,3,9,9,6,9,10,2,2,3,3,2,2,3,3,3,3,2,- -  -,Yth
2002080767,May Vayer,D/WB (R),1.65,12,13,12,9,11,10,15,12,6,10,11,7,11,11,13,6,11,6,10,14,8,12,4,5,5,1,9,1,6,7,10,9,10,5,7,12,3,1,2,3,1,3,2,2,2,1,3,- -  -,
2002083641,Michael Paparozzi,D/WB/M/AM (R),1.06,13,14,9,13,13,11,16,9,7,9,9,10,4,10,12,10,5,7,6,10,6,15,4,12,7,2,7,3,4,5,6,4,7,4,4,9,1,2,2,1,3,3,2,1,1,1,1,- -  -,
2002096015,Louis Brassington,D/WB (R),0.60,7,6,11,4,9,7,10,4,13,7,8,7,9,12,9,7,11,3,8,10,7,13,3,4,5,3,6,1,5,2,5,6,8,2,8,9,3,1,1,3,1,3,2,1,3,1,2,- -  -,
2000106867,Brad Smith-Howes,D/WB/M (R),1.35,9,8,8,4,6,14,8,3,3,9,3,9,10,8,5,3,5,4,8,10,6,3,11,8,6,2,3,11,5,1,8,7,9,2,13,1,1,3,3,3,3,2,2,1,3,3,1,- -  -,
2000192275,Kai Johnston,D/WB (R),0.71,12,11,2,8,12,13,12,5,9,4,8,5,12,9,9,6,9,2,9,5,5,6,3,9,5,1,4,1,5,3,1,7,6,1,7,6,4,1,1,2,3,1,1,2,2,3,3,- -  -,
2000226065,Joe Richards,"D (R), WB (L)",0.74,15,17,10,4,14,16,10,7,13,7,8,7,10,13,8,6,2,5,8,8,7,10,8,12,5,1,8,4,8,6,7,8,7,5,11,9,3,3,3,1,3,1,3,2,1,1,4,- -  -,
2002083671,Cole Tracey,D/WB (R),0.78,10,8,6,11,17,9,14,7,5,7,5,5,7,9,15,7,7,6,5,14,5,11,1,6,2,1,7,1,3,2,2,7,8,1,5,11,3,3,4,3,2,3,2,2,2,1,2,- -  -,
2002081496,Damijan Kovačić,D/WB (R),1.23,11,15,7,8,10,10,9,8,15,10,10,5,9,11,18,9,16,8,9,9,8,6,5,11,7,3,9,2,4,2,3,8,8,5,6,9,2,2,3,1,3,2,3,2,3,3,2,- -  -,
2002083168,Cameron Wallace,"D (RL), WB (R)",1.02,6,5,8,8,12,6,10,4,12,5,4,11,9,6,13,6,4,4,4,17,4,12,3,5,2,2,4,1,2,2,6,6,5,3,6,9,2,1,3,2,3,4,2,2,3,1,1,- -  -,
2002082820,Daniel Godswill,D/WB/AM (L),0.79,11,13,14,5,8,13,12,7,11,10,14,4,7,9,5,9,11,5,8,6,5,9,6,9,9,2,8,1,5,1,6,7,7,4,11,9,3,2,3,3,3,2,4,2,3,4,1,- -  -,
2002080887,Jodie Hewitt,D (L),0.92,13,13,10,6,13,12,15,13,13,9,11,5,12,13,12,5,9,6,10,16,9,15,6,5,8,3,12,6,5,2,13,7,9,6,11,7,3,4,1,3,2,1,2,1,3,4,1,- -  -,
2000212985,Charlie Richards,D/WB (R),1.16,12,8,7,7,11,9,8,6,5,6,7,4,9,6,11,4,3,4,6,7,7,6,4,9,5,4,6,2,5,4,5,4,7,2,7,5,1,1,3,1,3,2,1,4,3,3,3,- -  -,
2000127025,Callum Deemer,"D (R), ST (C)",1.15,12,12,2,9,10,12,10,4,15,5,6,5,5,11,6,7,5,3,4,4,7,4,2,5,6,1,7,1,1,1,2,5,4,4,7,5,1,1,1,2,3,3,1,1,1,1,3,- -  -,
2002094786,Kyle Jones,D (L),0.35,9,8,14,11,10,8,14,7,13,7,13,3,8,12,18,6,6,5,7,15,6,14,5,5,5,2,9,4,4,2,6,5,4,5,10,10,3,1,1,3,3,3,1,2,3,4,1,- -  -,
2000212983,Ethan O'Sullivan,D/WB/M/AM (R),1.41,13,10,4,5,8,10,6,4,14,2,6,7,3,6,4,8,7,5,3,6,5,6,5,6,3,4,8,4,4,2,1,2,9,4,5,6,1,3,1,4,3,1,1,3,3,1,4,- -  -,
2002102671,Damiano D'Ambrosio,"D/WB (R), M (RC)",1.14,12,11,10,9,17,9,15,10,10,10,17,7,10,12,15,13,6,8,9,17,10,13,7,6,11,5,11,8,9,7,5,11,9,7,11,12,1,3,3,1,3,2,3,3,2,3,4,- -  -,
2002082448,Ferdinand Bamidele,D/WB (R),1.76,10,7,7,5,11,8,11,8,11,6,5,5,8,12,11,6,6,6,8,13,5,9,5,9,5,1,8,4,3,3,4,5,6,5,8,11,1,2,3,1,2,3,3,3,1,2,2,- -  -,Inj
2002094822,Erik Sokol,D (L),1.28,9,13,8,11,13,11,12,9,14,8,16,6,10,11,12,5,11,5,9,12,9,14,4,9,4,1,9,7,7,1,4,9,8,5,6,6,1,4,1,1,1,1,1,1,1,3,2,- -  -,Yth
2000052149,Harvey Sutcliffe,D (RL),0.96,9,9,11,8,14,12,11,10,9,13,10,12,11,12,15,9,11,9,12,11,7,9,7,11,3,8,9,5,10,7,10,9,12,4,9,9,2,1,2,4,3,3,4,3,1,3,3,- -  -,Ask
2002084032,Andy Harwood,D (L),1.28,3,6,11,9,7,4,12,4,4,5,6,3,7,9,10,4,7,4,7,14,4,15,2,6,2,3,5,1,4,2,3,5,4,4,4,6,2,3,2,1,3,1,1,3,3,3,3,- -  -,
2002082441,Sam Brett,D/WB/AM (L),1.11,13,12,10,4,10,12,16,9,9,9,14,6,11,11,9,7,13,7,8,8,10,8,2,8,7,3,10,4,6,1,5,7,7,4,9,7,1,1,1,2,3,2,3,2,2,3,2,- -  -,Loa
2000138342,Mitch Fellows,D (L),0.98,9,11,5,9,14,12,7,5,13,4,6,4,12,11,5,5,6,2,6,5,5,5,3,8,4,1,7,2,4,2,1,4,5,1,7,4,2,2,3,1,1,3,3,2,2,3,2,- -  -,
2000140516,Ethan Scott,D (L),1.14,7,12,5,6,12,12,9,5,7,8,8,4,10,12,13,5,10,3,6,6,5,5,2,5,1,2,8,1,2,1,3,5,5,1,10,5,3,1,2,3,3,1,3,2,2,4,1,- -  -,
2000207418,Eko Solomon,D/WB/M (L),1.18,10,6,4,5,10,8,11,4,7,6,5,4,7,11,4,3,8,3,5,14,4,8,5,6,3,2,4,5,2,3,5,6,6,4,6,5,4,2,3,3,2,2,3,1,3,1,2,- -  -,
2002115058,Oscar Alles,D (R),0.26,10,13,13,1,15,10,13,5,11,8,15,6,8,6,2,6,5,2,7,14,9,9,3,6,8,4,7,1,4,3,3,8,6,6,7,11,1,4,2,1,2,1,3,2,1,2,1,- -  -,
2002100082,Fabrício,D/WB (L),0.89,14,13,16,3,14,12,13,10,16,11,16,7,13,14,11,6,15,8,12,14,7,11,9,14,8,5,11,6,4,6,4,9,8,4,7,13,4,1,1,1,2,2,1,4,1,1,1,- -  -,
2000108870,Mworina Doro,D/WB (L),0.60,12,10,7,2,12,11,14,4,14,9,6,3,10,6,6,5,9,2,8,6,4,5,4,9,3,2,5,1,3,1,4,7,5,1,8,5,3,3,1,2,2,2,3,2,3,1,1,- -  -,
57066539,Marius Briceag,D/WB (L),0.38,9,9,7,6,12,10,9,10,10,13,14,12,12,11,11,8,8,11,12,14,10,13,4,12,6,6,10,5,11,7,13,11,12,6,12,11,1,3,3,2,2,3,2,3,2,3,1,- -  -,Inj
2000141571,Joe Fountain,D (R),1.54,7,7,5,9,13,10,9,6,8,5,7,5,10,11,14,4,11,4,7,8,6,6,4,7,4,4,6,3,6,5,2,7,5,2,13,5,2,3,3,2,1,3,2,2,2,3,2,- -  -,
2000144100,Roman Charles-Cook,"D (RL), WB (R)",1.59,13,12,8,6,14,12,12,8,12,9,9,8,10,14,11,7,3,5,7,7,8,7,3,6,2,4,9,1,4,3,6,6,5,3,11,8,4,3,2,2,1,2,2,1,1,3,2,- -  -,
59043284,Bagdat Kairov,D/M (R),0.36,12,11,6,8,13,12,10,12,9,13,5,8,12,14,11,5,10,8,10,10,10,10,9,10,8,4,12,8,8,4,4,9,10,4,13,10,3,1,1,3,1,3,3,3,1,1,2,- -  -,
2000218636,Brian Quarm,"D/WB (R), M (RC), AM (R)",0.65,13,12,9,5,15,10,10,5,14,8,6,6,9,13,9,14,5,11,3,9,3,7,4,8,9,5,12,3,5,1,1,5,8,2,9,13,1,1,3,1,1,1,3,1,4,2,2,- -  -,
61042750,Cammy Kerr,"D (RL), WB (R)",1.55,11,11,10,8,13,14,13,11,5,11,13,9,11,10,14,7,12,9,9,13,10,14,7,5,9,8,10,3,8,6,10,9,11,7,11,10,2,3,1,2,3,3,1,1,1,3,2,- -  -,Inj
2002109558,Siyabulela Masango,D (L),0.95,10,10,16,12,6,12,8,9,7,10,11,8,7,12,13,8,12,7,9,12,11,7,7,13,10,5,12,3,8,6,6,7,8,4,11,15,3,3,1,1,2,2,3,1,2,3,2,- -  -,Yth
29236486,Imari Samuels,D/WB (RL),0.98,13,12,11,13,14,15,12,9,6,8,8,10,13,9,12,7,4,11,11,10,9,13,10,8,7,8,12,8,9,8,14,10,9,4,10,11,2,2,1,4,4,2,1,2,2,1,2,- -  -,Ask
2000125989,Dan Foden,D (R),1.58,11,9,6,14,11,10,8,6,12,4,6,5,10,14,13,5,10,1,4,5,5,5,4,8,1,1,3,2,4,1,3,5,3,3,6,3,3,3,2,1,3,1,3,4,1,1,2,- -  -,
29139509,Myles Kenlock,D/WB (L),0.89,12,11,11,12,12,12,12,11,8,10,11,10,11,9,12,12,7,9,11,11,9,13,8,9,8,6,9,9,10,8,11,11,10,6,12,10,2,1,3,3,3,1,2,2,2,1,1,- -  -,Wnt
2002094710,Joshua Babalola,D/WB (L),0.67,15,13,15,11,9,12,15,11,9,9,9,9,9,10,11,11,12,10,12,12,8,11,6,11,7,5,10,6,9,3,8,8,10,6,10,12,2,1,3,2,2,2,1,4,1,1,3,- -  -,Loa
2000056310,Josh Shaw,D/WB/M/AM (L),1.36,13,12,7,2,11,10,14,7,5,10,7,6,9,14,9,10,9,7,10,12,6,12,4,7,8,6,7,4,6,2,5,4,5,1,9,12,2,1,3,1,3,3,2,2,1,2,2,- -  -,
2002083624,Nigel Milne,"D (RL), WB (R)",1.45,13,12,3,8,10,13,9,4,14,4,5,3,4,7,4,3,7,3,4,9,1,4,4,5,4,1,4,3,5,2,2,3,4,2,3,6,3,2,3,3,3,3,2,1,3,2,3,- -  -,
29023117,Eddie Jones,"D (RL), M (C)",1.16,6,5,9,9,9,5,7,10,12,6,14,5,10,5,13,4,5,5,8,14,7,14,6,7,5,5,7,6,5,5,12,7,7,6,9,7,1,3,1,2,3,1,1,1,4,2,2,- -  -,
2002094727,Victor Klymenko,"D (RL), WB (R)",1.86,12,10,12,5,13,10,12,5,14,7,18,6,6,11,12,5,6,5,6,16,7,12,5,6,6,3,7,4,3,1,3,7,7,3,7,11,1,3,2,2,3,3,3,1,2,1,1,- -  -,Yth
2000079584,Sebastian Wylie,D (L),0.84,11,12,4,6,12,12,10,4,13,6,7,4,8,9,2,3,3,2,7,7,4,5,4,6,1,4,5,2,4,2,5,5,4,2,9,4,3,2,2,2,2,2,3,1,2,3,1,- -  -,
,,,,,,,,,,,,,,,,,,,,,,,,,,,,,,,,,,,,,,,,,,,,,,,,,,,,
